$MeshFormat
4.1 0 8
$EndMeshFormat
$PhysicalNames
1
2 31 "outer-boundary"
$EndPhysicalNames
$Entities
20 30 12 1
1 -1 -0.5 -1 0 
2 -0.5 -1 -1 0 
3 -0.5 0 -1 0 
4 0.5 -1 -1 0 
5 -1 0.5 -1 0 
6 1 -0.5 -1 0 
7 -0.5 1 -1 0 
8 1 0.5 -1 0 
9 0.5 1 -1 0 
10 0.75 0.5 -1 0 
11 -2.292893218813452 -0.5 -2.121320343559642 0 
12 -1.939339828220178 -1 -2.474873734152916 0 
13 -1.939339828220178 0 -2.474873734152916 0 
14 -1.232233047033631 -1 -3.181980515339464 0 
15 -2.292893218813452 0.5 -2.121320343559642 0 
16 -0.8786796564403571 -0.5 -3.535533905932737 0 
17 -1.939339828220178 1 -2.474873734152916 0 
18 -0.8786796564403571 0.5 -3.535533905932737 0 
19 -1.232233047033631 1 -3.181980515339464 0 
20 -1.055456351736994 0.5 -3.3587572106361 0 
1 -1.0000001 -1.0000001 -1.0000001 -0.4999999000000001 -0.4999998999999999 -0.9999999000000001 0 2 1 -2 
2 -1.0000001 -0.5000000999999999 -1.0000001 -0.4999999 9.999999989185326e-08 -0.9999999000000001 0 2 1 -3 
3 -0.5000000999999999 -1.0000001 -1.0000001 0.5000000999999999 -0.9999999000000001 -0.9999999000000001 0 2 2 -4 
4 -1.0000001 -9.999999997511999e-08 -1.0000001 -0.4999999 0.5000000999999999 -0.9999999000000001 0 2 3 -5 
5 0.4999998999999999 -1.0000001 -1.0000001 1.0000001 -0.4999999000000001 -0.9999999000000001 0 2 4 -6 
6 -1.0000001 0.4999999000000001 -1.0000001 -0.4999998999999999 1.0000001 -0.9999999000000001 0 2 7 -5 
7 0.9999999000000001 -0.5000000999999999 -1.0000001 1.0000001 0.5000000999999999 -0.9999999000000001 0 2 6 -8 
8 -0.5000000999999999 0.9999999000000001 -1.0000001 0.5000000999999999 1.0000001 -0.9999999000000001 0 2 9 -7 
9 0.4999999 0.4999999 -1.0000001 1.0000001 1.0000001 -0.9999999000000001 0 2 8 -9 
10 0.2499999 0.2499999 -1.0000001 0.7500000999999999 0.7500000999999999 -0.9999999000000001 0 2 10 -10 
11 -2.292893318813452 -0.5000000999999999 -2.121320443559643 -0.9999998999999996 -0.4999999 -0.9999999000000003 0 2 1 -11 
12 -1.939339928220178 -1.0000001 -2.474873834152916 -0.4999998999999999 -0.9999999000000001 -0.9999998999999999 0 2 2 -12 
13 -2.292893318813452 -1.0000001 -2.474873834152916 -1.939339728220178 -0.4999998999999999 -2.121320243559643 0 2 11 -12 
14 -1.939339928220178 -1e-07 -2.474873834152916 -0.4999998999999999 1e-07 -0.9999998999999999 0 2 3 -13 
15 -2.292893318813452 -0.5000000999999999 -2.474873834152916 -1.939339728220178 9.999999989185326e-08 -2.121320243559643 0 2 11 -13 
16 -1.232233147033631 -1.0000001 -3.181980615339463 0.5000001000000001 -0.9999999000000001 -0.9999999000000002 0 2 4 -14 
17 -1.939339928220178 -1.0000001 -3.181980615339464 -1.232232947033631 -0.9999999000000001 -2.474873634152917 0 2 12 -14 
18 -2.292893318813452 0.4999999 -2.121320443559643 -0.9999998999999996 0.5000000999999999 -0.9999999000000003 0 2 5 -15 
19 -2.292893318813452 -9.999999997511999e-08 -2.474873834152916 -1.939339728220178 0.5000000999999999 -2.121320243559643 0 2 13 -15 
20 -0.8786797564403572 -0.5000000999999999 -3.535534005932737 1.0000001 -0.4999999 -0.9999999000000002 0 2 6 -16 
21 -1.232233147033631 -1.0000001 -3.535534005932738 -0.8786795564403572 -0.4999999000000001 -3.181980415339464 0 2 14 -16 
22 -1.939339928220178 0.9999999000000001 -2.474873834152916 -0.4999998999999999 1.0000001 -0.9999998999999999 0 2 7 -17 
23 -2.292893318813452 0.4999999000000001 -2.474873834152916 -1.939339728220178 1.0000001 -2.121320243559643 0 2 17 -15 
24 -0.8786797564403572 0.4999999 -3.535534005932737 1.0000001 0.5000000999999999 -0.9999999000000002 0 2 8 -18 
25 -0.878679756440357 -0.5000000999999999 -3.535534005932737 -0.8786795564403571 0.5000000999999999 -3.535533805932737 0 2 16 -18 
26 -1.232233147033631 0.9999999000000001 -3.181980615339463 0.5000001000000001 1.0000001 -0.9999999000000002 0 2 9 -19 
27 -1.939339928220179 0.9999999000000001 -3.181980615339464 -1.232232947033631 1.0000001 -2.474873634152917 0 2 19 -17 
28 -1.232233147033631 0.4999999 -3.535534005932738 -0.8786795564403572 1.0000001 -3.181980415339464 0 2 18 -19 
29 -1.055456451736994 0.4999999 -3.3587573106361 0.7500001000000001 0.5000000999999999 -0.9999999000000002 0 2 10 -20 
30 -1.409009842330268 0.2499999 -3.358757310636101 -1.055456251736994 0.7500000999999999 -3.005203720042827 0 2 20 -20 
1 -1.0000001 -1.0000001 -1.0000001 1.0000001 1.0000001 -0.9999999000000001 1 31 10 1 3 5 7 9 8 6 -4 -2 -10 
2 -2.292893318813452 -1.0000001 -2.474873834152916 -0.4999999000000002 -0.4999998999999999 -0.9999999000000001 1 31 4 11 13 -12 -1 
3 -2.292893318813452 -0.5000000999999999 -2.474873834152916 -0.4999998999999999 9.999999989185326e-08 -0.9999999000000001 1 31 4 11 15 -14 -2 
4 -1.939339928220178 -1.0000001 -3.181980615339464 0.5000001000000001 -0.9999999000000001 -0.9999998999999999 1 31 4 12 17 -16 -3 
5 -2.292893318813452 -9.999999997511999e-08 -2.474873834152916 -0.4999998999999999 0.5000000999999999 -0.9999999000000001 1 31 4 14 19 -18 -4 
6 -1.232233147033631 -1.0000001 -3.535534005932737 1.0000001 -0.4999999000000001 -0.9999999000000002 1 31 4 16 21 -20 -5 
7 -2.292893318813452 0.4999999000000001 -2.474873834152916 -0.4999998999999999 1.0000001 -0.9999999000000001 1 31 4 22 23 -18 -6 
8 -0.8786797564403572 -0.5000000999999999 -3.535534005932737 1.0000001 0.5000000999999999 -0.9999999000000002 1 31 4 20 25 -24 -7 
9 -1.939339928220179 0.9999999000000001 -3.181980615339464 0.5000001000000001 1.0000001 -0.9999998999999999 1 31 4 26 27 -22 -8 
10 -1.232233147033631 0.4999999 -3.535534005932737 1.0000001 1.0000001 -0.9999999000000002 1 31 4 24 28 -26 -9 
11 -1.409009842330268 0.2499999 -3.3587573106361 0.7500001000000001 0.7500000999999999 -0.9999999000000002 1 31 4 29 30 -29 -10 
12 -2.292893318813452 -1.0000001 -3.535534005932738 -0.8786795564403571 1.0000001 -2.121320243559643 1 31 10 13 17 21 25 28 27 23 -19 -15 -30 
1 -2.292893318813452 -1.0000001 -3.535534005932738 1.0000001 1.0000001 -0.9999998999999999 0 12 2 -3 4 -5 6 7 8 9 10 -11 1 -12 
$EndEntities
$Nodes
63 1424 1 1424
0 1 0 1
1
-1 -0.5 -1
0 2 0 1
2
-0.5 -1 -1
0 3 0 1
3
-0.5 0 -1
0 4 0 1
4
0.5 -1 -1
0 5 0 1
5
-1 0.5 -1
0 6 0 1
6
1 -0.5 -1
0 7 0 1
7
-0.5 1 -1
0 8 0 1
8
1 0.5 -1
0 9 0 1
9
0.5 1 -1
0 10 0 1
10
0.75 0.5 -1
0 11 0 1
11
-2.292893218813452 -0.5 -2.121320343559642
0 12 0 1
12
-1.939339828220178 -1 -2.474873734152916
0 13 0 1
13
-1.939339828220178 0 -2.474873734152916
0 14 0 1
14
-1.232233047033631 -1 -3.181980515339464
0 15 0 1
15
-2.292893218813452 0.5 -2.121320343559642
0 16 0 1
16
-0.8786796564403571 -0.5 -3.535533905932737
0 17 0 1
17
-1.939339828220178 1 -2.474873734152916
0 18 0 1
18
-0.8786796564403571 0.5 -3.535533905932737
0 19 0 1
19
-1.232233047033631 1 -3.181980515339464
0 20 0 1
20
-1.055456351736994 0.5 -3.3587572106361
1 1 0 3
21
22
23
-0.9619397662556435 -0.6913417161825448 -1
-0.8535533905932738 -0.8535533905932737 -1
-0.6913417161825451 -0.9619397662556433 -1
1 2 0 3
24
25
26
-0.808658283817455 -0.4619397662556433 -1
-0.6464466094067263 -0.3535533905932738 -1
-0.5380602337443567 -0.1913417161825452 -1
1 3 0 1
27
0.289347692032055 -1 -1
1 4 0 3
28
29
30
-0.5380602337443565 0.1913417161825445 -1
-0.6464466094067256 0.3535533905932731 -1
-0.8086582838174545 0.4619397662556431 -1
1 5 0 3
31
32
33
0.691341716182545 -0.9619397662556433 -1
0.8535533905932737 -0.8535533905932738 -1
0.9619397662556433 -0.6913417161825453 -1
1 6 0 3
34
35
36
-0.6913417161825445 0.9619397662556435 -1
-0.853553390593273 0.8535533905932746 -1
-0.9619397662556433 0.6913417161825454 -1
1 7 0 1
37
1 0.289347692032055 -1
1 8 0 1
38
-0.289347692032055 1 -1
1 9 0 3
39
40
41
0.9619397662556435 0.6913417161825445 -1
0.8535533905932744 0.8535533905932731 -1
0.6913417161825455 0.9619397662556431 -1
1 10 0 7
42
43
44
45
46
47
48
0.6767766952966372 0.6767766952966365 -1
0.5000000000000009 0.75 -1
0.3232233047033641 0.6767766952966379 -1
0.25 0.5000000000000018 -1
0.323223304703362 0.3232233047033642 -1
0.4999999999999988 0.25 -1
0.6767766952966365 0.3232233047033628 -1
1 11 0 14
49
50
51
52
53
54
55
56
57
58
59
60
61
62
-1.055076886733796 -0.5 -1.103301447240461
-1.115484672531107 -0.5 -1.20357882190358
-1.181057783849955 -0.5 -1.300557270675599
-1.251616489350148 -0.5 -1.393970982369324
-1.326967392524384 -0.5 -1.48356391649411
-1.40690396178464 -0.5 -1.569090505045048
-1.491207096550897 -0.5 -1.650316325587802
-1.579645727790598 -0.5 -1.727018743794201
-1.671977451362811 -0.5 -1.798987523667461
-1.767949192431123 -0.5 -1.866025403784439
-1.867297899124179 -0.5 -1.927948637975478
-1.969751263542578 -0.5 -1.984587498959894
-2.075028468135896 -0.5 -2.035786743556646
-2.18284095540407 -0.5 -2.08140603819511
1 12 0 14
63
64
65
66
67
68
69
70
71
72
73
74
75
76
-0.5557621193565092 -1 -1.129469425361934
-0.61822372484697 -1 -1.255843053537407
-0.6872136135523861 -1 -1.378774503195715
-0.762542688983245 -1 -1.497926827778204
-0.84400447937985 -1 -1.61297343904537
-0.9313757036370638 -1 -1.723599002232522
-1.024416883302296 -1 -1.829500300360452
-1.122872998969298 -1 -1.930387065332101
-1.226474189268627 -1 -2.025982773537235
-1.334936490538903 -1 -2.116025403784438
-1.447962615151467 -1 -2.200268155482991
-1.565242766355105 -1 -2.27848012510613
-1.68645548740741 -1 -2.350446939081565
-1.811268542665373 -1 -2.41597134137454
1 13 0 3
77
78
79
-2.265980569439273 -0.6913417161825448 -2.148232992933822
-2.189339828220179 -0.8535533905932737 -2.224873734152916
-2.074638853256728 -0.9619397662556433 -2.339574709116367
1 14 0 14
80
81
82
83
84
85
86
87
88
89
90
91
92
93
-0.5557621193565092 0 -1.129469425361934
-0.61822372484697 0 -1.255843053537407
-0.6872136135523861 0 -1.378774503195715
-0.762542688983245 0 -1.497926827778204
-0.84400447937985 0 -1.61297343904537
-0.9313757036370638 0 -1.723599002232522
-1.024416883302296 0 -1.829500300360452
-1.122872998969298 0 -1.930387065332101
-1.226474189268627 0 -2.025982773537235
-1.334936490538903 0 -2.116025403784438
-1.447962615151467 0 -2.200268155482991
-1.565242766355105 0 -2.27848012510613
-1.68645548740741 0 -2.350446939081565
-1.811268542665373 0 -2.41597134137454
1 15 0 3
94
95
96
-2.157594193776903 -0.4619397662556433 -2.256619368596191
-2.042893218813452 -0.3535533905932738 -2.371320343559643
-1.966252477594358 -0.1913417161825452 -2.447961084778736
1 16 0 14
97
98
99
100
101
102
103
104
105
106
107
108
109
110
0.4428674153980645 -1 -1.181805381604877
0.3762981705213031 -1 -1.36037151680506
0.3004747270427512 -1 -1.535208968235946
0.2156049117505607 -1 -1.705838518595963
0.1219213469092182 -1 -1.871792484147891
0.01968081265808985 -1 -2.032615996607469
-0.09083645680509456 -1 -2.187868249905752
-0.2093275413266973 -1 -2.337123708407901
-0.3354676650802593 -1 -2.479973273276781
-0.4689110867544644 -1 -2.616025403784438
-0.609292047206043 -1 -2.744907190498019
-0.7562257719801568 -1 -2.866265377398603
-0.9093095259504391 -1 -2.979767330131402
-1.068123717187978 -1 -3.085101947733398
1 17 0 1
111
-1.381186722470362 -1 -3.033026839902733
1 18 0 14
112
113
114
115
116
117
118
119
120
121
122
123
124
125
-1.055076886733796 0.5 -1.103301447240461
-1.115484672531107 0.5 -1.20357882190358
-1.181057783849955 0.5 -1.300557270675599
-1.251616489350148 0.5 -1.393970982369324
-1.326967392524384 0.5 -1.48356391649411
-1.40690396178464 0.5 -1.569090505045048
-1.491207096550897 0.5 -1.650316325587802
-1.579645727790598 0.5 -1.727018743794201
-1.671977451362811 0.5 -1.798987523667461
-1.767949192431123 0.5 -1.866025403784439
-1.867297899124179 0.5 -1.927948637975478
-1.969751263542578 0.5 -1.984587498959894
-2.075028468135896 0.5 -2.035786743556646
-2.18284095540407 0.5 -2.08140603819511
1 19 0 3
126
127
128
-1.966252477594358 0.1913417161825445 -2.447961084778737
-2.042893218813452 0.3535533905932731 -2.371320343559643
-2.157594193776903 0.4619397662556431 -2.256619368596192
1 20 0 14
129
130
131
132
133
134
135
136
137
138
139
140
141
142
0.9421821827753516 -0.5 -1.207973359726349
0.8735591182054399 -0.5 -1.412635748438887
0.7943188973403204 -0.5 -1.613426200756061
0.7046787121174636 -0.5 -1.809794364004843
0.6048842600537525 -0.5 -2.001202006699151
0.4952090708056667 -0.5 -2.187124493794943
0.3759537564435069 -0.5 -2.367052224678403
0.2474451874946033 -0.5 -2.540492029945801
0.1100355970139248 -0.5 -2.706968523146555
-0.03589838486224517 -0.5 -2.866025403784438
-0.1899567632333308 -0.5 -3.017226708005532
-0.3517172747926836 -0.5 -3.16015800354484
-0.5207365452219541 -0.5 -3.294427525656321
-0.6965513044492813 -0.5 -3.419667250912827
1 21 0 3
143
144
145
-1.096934021997082 -0.9619397662556433 -3.317279540376013
-0.9822330470336307 -0.8535533905932738 -3.431980515339464
-0.9055923058145372 -0.6913417161825453 -3.508621256558557
1 22 0 14
146
147
148
149
150
151
152
153
154
155
156
157
158
159
-0.5557621193565092 1 -1.129469425361934
-0.61822372484697 1 -1.255843053537407
-0.6872136135523861 1 -1.378774503195715
-0.762542688983245 1 -1.497926827778204
-0.84400447937985 1 -1.61297343904537
-0.9313757036370638 1 -1.723599002232522
-1.024416883302296 1 -1.829500300360452
-1.122872998969298 1 -1.930387065332101
-1.226474189268627 1 -2.025982773537235
-1.334936490538903 1 -2.116025403784438
-1.447962615151467 1 -2.200268155482991
-1.565242766355105 1 -2.27848012510613
-1.68645548740741 1 -2.350446939081565
-1.811268542665373 1 -2.41597134137454
1 23 0 3
160
161
162
-2.074638853256728 0.9619397662556435 -2.339574709116367
-2.189339828220178 0.8535533905932746 -2.224873734152917
-2.265980569439273 0.6913417161825454 -2.148232992933822
1 24 0 14
163
164
165
166
167
168
169
170
171
172
173
174
175
176
0.9421821827753516 0.5 -1.207973359726349
0.8735591182054399 0.5 -1.412635748438887
0.7943188973403204 0.5 -1.613426200756061
0.7046787121174636 0.5 -1.809794364004843
0.6048842600537525 0.5 -2.001202006699151
0.4952090708056667 0.5 -2.187124493794943
0.3759537564435069 0.5 -2.367052224678403
0.2474451874946033 0.5 -2.540492029945801
0.1100355970139248 0.5 -2.706968523146555
-0.03589838486224517 0.5 -2.866025403784438
-0.1899567632333308 0.5 -3.017226708005532
-0.3517172747926836 0.5 -3.16015800354484
-0.5207365452219541 0.5 -3.294427525656321
-0.6965513044492813 0.5 -3.419667250912827
1 25 0 1
177
-0.8786796564403572 0.289347692032055 -3.535533905932737
1 26 0 14
178
179
180
181
182
183
184
185
186
187
188
189
190
191
0.4428674153980645 1 -1.181805381604877
0.3762981705213031 1 -1.36037151680506
0.3004747270427512 1 -1.535208968235946
0.2156049117505607 1 -1.705838518595963
0.1219213469092182 1 -1.871792484147891
0.01968081265808985 1 -2.032615996607469
-0.09083645680509456 1 -2.187868249905752
-0.2093275413266973 1 -2.337123708407901
-0.3354676650802593 1 -2.479973273276781
-0.4689110867544644 1 -2.616025403784438
-0.609292047206043 1 -2.744907190498019
-0.7562257719801568 1 -2.866265377398603
-0.9093095259504391 1 -2.979767330131402
-1.068123717187978 1 -3.085101947733398
1 27 0 1
192
-1.790386152783448 1 -2.623827409589647
1 28 0 3
193
194
195
-0.9055923058145368 0.6913417161825445 -3.508621256558558
-0.9822330470336307 0.8535533905932731 -3.431980515339464
-1.096934021997081 0.9619397662556431 -3.317279540376013
1 29 0 14
196
197
198
199
200
201
202
203
204
205
206
207
208
209
0.6925247990867081 0.5 -1.194889370665613
0.6249286443633717 0.5 -1.386503632621974
0.5473968121915358 0.5 -1.574317584496004
0.4601418119340122 0.5 -1.757816441300403
0.3634028034814856 0.5 -1.936497245423521
0.2574449417318783 0.5 -2.109870245201206
0.1425586498192066 0.5 -2.277460237292078
0.01905882308395324 0.5 -2.438807869176852
-0.1127160340331672 0.5 -2.593470898211668
-0.252404735808355 0.5 -2.741025403784438
-0.3996244052196869 0.5 -2.881066949251775
-0.5539715233864202 0.5 -3.013211690471722
-0.7150230355861966 0.5 -3.137097427893861
-0.8823375108186298 0.5 -3.252384599323112
1 30 0 7
210
211
212
213
214
215
216
-1.107233047033631 0.6767766952966365 -3.306980515339464
-1.23223304703363 0.75 -3.181980515339464
-1.35723304703363 0.6767766952966379 -3.056980515339464
-1.409009742330268 0.5000000000000018 -3.005203820042827
-1.357233047033632 0.3232233047033642 -3.056980515339463
-1.232233047033632 0.25 -3.181980515339462
-1.107233047033631 0.3232233047033628 -3.306980515339463
2 1 0 51
217
218
219
220
221
222
223
224
225
226
227
228
229
230
231
232
233
234
235
236
237
238
239
240
241
242
243
244
245
246
247
248
249
250
251
252
253
254
255
256
257
258
259
260
261
262
263
264
265
266
267
0.1205578486977337 -0.2968955331529012 -1
-0.2065424522605715 0.5570357075570639 -1
-0.3816886578503866 -0.5705744343726653 -1
0.4505100307467731 -0.5590072155431128 -1
-0.05121509277591029 0.2482746041289577 -1
0.7580682645840151 -0.1497526391843867 -1
-0.4910543239627686 0.6522872790707721 -1
-0.5490530697981416 -0.7279209527658886 -1
0.3431742877761617 -0.03107861158203279 -1
0.02131101666164043 0.6884168437676174 -1
0.1300743626062422 -0.5469624453412296 -1
-0.3356267666348763 0.1565053439118183 -1
-0.4562849357945866 0.4009710555755291 -1
0.01656534192378331 0.4312023937759769 -1
0.675773586811239 -0.7201631825348072 -1
0.3744989905771762 -0.2715960121888784 -1
-0.7329617089664817 0.7015384449009905 -1
0.5402260475804894 0.01615536051926622 -1
-0.7512801195711658 -0.7120598895260565 -1
-0.2653478716489183 -0.7577602129675357 -1
0.1817600073659866 0.2148334297756926 -1
-0.5155835913874025 -0.4338897520575322 -1
0.7328737675354196 0.08224992610694021 -1
-0.2532985529383129 0.3277792869138685 -1
0.4251480673574266 -0.7960059559789479 -1
-0.3712183325150912 0.7633368098583412 -1
-0.6216922715133146 0.5615277078343603 -1
-0.1574287123864125 -0.00767885534180979 -1
-0.492674282355843 0.858522813625336 -1
0.6045974053776607 -0.228703910066693 -1
-0.1759250470076094 -0.3457002202641253 -1
-0.6476826026081668 -0.5836381830776751 -1
-0.3943727229410731 0.541414917850669 -1
0.7017115963915802 -0.4712122570873646 -1
0.3372372299948982 0.1302037846256495 -1
0.1417611628128743 0.3779864645983423 -1
-0.6646510500619253 -0.8035655269099526 -1
0.1221803743699893 -0.03953799627786913 -1
0.8716013000651334 0.5962249535187019 -1
0.5999742075252926 0.8358278874352033 -1
-0.3490236331444263 -0.09779110595190328 -1
0.7755277643785325 -0.6305993611582534 -1
0.5977534368557879 -0.8190193745539071 -1
-0.5982700684972788 0.7937158352999959 -1
0.09377341098788609 0.5395810283813354 -1
-0.401969758288084 -0.2544061269803148 -1
-0.08435389599411315 -0.5491100812960076 -1
0.1258985468845747 -0.776575275915913 -1
-0.4493820337439876 0.2418994939370709 -1
-0.8319780223843495 0.6245109041894433 -1
-0.8384778001888004 -0.628974770798717 -1
2 2 0 42
268
269
270
271
272
273
274
275
276
277
278
279
280
281
282
283
284
285
286
287
288
289
290
291
292
293
294
295
296
297
298
299
300
301
302
303
304
305
306
307
308
309
-1.017068813217019 -0.6913417161825448 -1.105293365968302
-1.07763293672951 -0.6913417161825448 -1.207557199648486
-1.143466134740329 -0.6913417161825448 -1.306511202980704
-1.214387963029738 -0.6913417161825448 -1.401884149920033
-1.290204029796111 -0.6913417161825448 -1.493414629848203
-1.370706528470353 -0.6913417161825448 -1.580851764081937
-1.455674807299257 -0.6913417161825448 -1.663955893513982
-1.544875974136626 -0.6913417161825448 -1.742499235502061
-1.638065534784455 -0.6913417161825448 -1.816266508205266
-1.734988063134536 -0.6913417161825448 -1.885055520656617
-1.835377901273664 -0.6913417161825448 -1.948677726954451
-1.938959887633511 -0.6913417161825448 -2.006958743053631
-2.045450111189361 -0.6913417161825448 -2.059738824740093
-2.154556689640491 -0.6913417161825448 -2.106873305478632
-0.9088309773155725 -0.8535533905932737 -1.110965870582299
-0.9698403129736723 -0.8535533905932737 -1.218886660935623
-1.036414175219242 -0.8535533905932737 -1.323466567675096
-1.108370089723358 -0.8535533905932737 -1.424418944545605
-1.18551083032596 -0.8535533905932737 -1.52146708809926
-1.267624959619043 -0.8535533905932737 -1.614344996120317
-1.354487408481896 -0.8535533905932737 -1.702798096718752
-1.445860092979924 -0.8535533905932737 -1.786583946094126
-1.541492566936152 -0.8535533905932737 -1.865472893057183
-1.641122708386801 -0.8535533905932737 -1.939248708487801
-1.744477438039358 -0.8535533905932737 -2.00770917800398
-1.851273467763947 -0.8535533905932737 -2.070666656217403
-1.961218077066392 -0.8535533905932737 -2.12794858105641
-2.074009915414752 -0.8535533905932737 -2.179397946746632
-0.746841608367026 -0.9619397662556433 -1.119455373676354
-0.8085172510878533 -0.9619397662556433 -1.23584239798585
-0.8761995956953501 -0.9619397662556433 -1.348842064184819
-0.9497031295874905 -0.9619397662556433 -1.458144648042719
-1.028826384687044 -0.9619397662556433 -1.563450558774726
-1.113352489651571 -0.9619397662556433 -1.664471160199248
-1.203049764302703 -0.9619397662556433 -1.760929561869635
-1.297672354645402 -0.9619397662556433 -1.85256137801165
-1.396960906736674 -0.9619397662556433 -1.939115452186499
-1.500643277556699 -0.9619397662556433 -2.020354545693166
-1.608435280933934 -0.9619397662556433 -2.096055987823211
-1.720041466479652 -0.9619397662556433 -2.166012286185698
-1.835155929396921 -0.9619397662556433 -2.230031695429418
-1.953463148944395 -0.9619397662556433 -2.287938742803568
2 3 0 42
310
311
312
313
314
315
316
317
318
319
320
321
322
323
324
325
326
327
328
329
330
331
332
333
334
335
336
337
338
339
340
341
342
343
344
345
346
347
348
349
350
351
-0.8639973977232795 -0.4619397662556433 -1.113315498926041
-0.9251911462902243 -0.4619397662556433 -1.223579477455137
-0.9920718017069916 -0.4619397662556433 -1.330489709686496
-1.064456048745903 -0.4619397662556433 -1.433753162104809
-1.142145487217191 -0.4619397662556433 -1.533086796764754
-1.224927175770133 -0.4619397662556433 -1.628218347078322
-1.31257421555049 -0.4619397662556433 -1.71888706407862
-1.404846372114495 -0.4619397662556433 -1.804844431114652
-1.501490733894765 -0.4619397662556433 -1.885854845018197
-1.602242405413327 -0.4619397662556433 -1.961696261875711
-1.706825233341712 -0.4619397662556433 -2.032160805635258
-1.814952563418032 -0.4619397662556433 -2.097055337880326
-1.926328026146385 -0.4619397662556433 -2.156201987208792
-2.040646349125047 -0.4619397662556433 -2.209438636766081
-0.7020080287747326 -0.3535533905932738 -1.121805002020096
-0.7638680844044043 -0.3535533905932738 -1.240535214505364
-0.8318572221830998 -0.3535533905932738 -1.355865206196218
-0.9057890886100348 -0.3535533905932738 -1.467478865601924
-0.9854610415782741 -0.3535533905932738 -1.575070267440219
-1.070654705802661 -0.3535533905932738 -1.678344511157254
-1.161136571371296 -0.3535533905932738 -1.777018529229502
-1.256658633779973 -0.3535533905932738 -1.870821863032177
-1.356959073695286 -0.3535533905932738 -1.959497404147513
-1.461762974583225 -0.3535533905932738 -2.042802099081075
-1.570783076236288 -0.3535533905932738 -2.12050761545449
-1.683720562133736 -0.3535533905932738 -2.19240096784862
-1.800265878476914 -0.3535533905932738 -2.258285101581801
-1.92009958265469 -0.3535533905932738 -2.317979432823019
-0.5937701928732868 -0.1913417161825452 -1.127477506634093
-0.6560754606485677 -0.1913417161825452 -1.251864675792502
-0.7248052626620134 -0.1913417161825452 -1.37282057089061
-0.7997712153036556 -0.1913417161825452 -1.490013660227496
-0.8807678421081229 -0.1913417161825452 -1.603122725691277
-0.9675731369513509 -0.1913417161825452 -1.711837743195633
-1.059949172553936 -0.1913417161825452 -1.815860732434272
-1.157642752623271 -0.1913417161825452 -1.914906573624241
-1.260386105846983 -0.1913417161825452 -2.00870378899943
-1.36789761983549 -0.1913417161825452 -2.09699528691226
-1.479882613001982 -0.1913417161825452 -2.179539066504018
-1.596034142264172 -0.1913417161825452 -2.256108881012393
-1.716033844353946 -0.1913417161825452 -2.326494857898118
-1.839552808428952 -0.1913417161825452 -2.390504074091019
2 4 0 14
352
353
354
355
356
357
358
359
360
361
362
363
364
365
0.2325037990970586 -1 -1.170780691632592
0.1667998379373214 -1 -1.338352354769387
0.09241589854335608 -1 -1.502255687129491
0.009555862122676562 -1 -1.662041441071684
-0.0815531577244184 -1 -1.817271654950985
-0.1806614375074376 -1 -1.967520853541069
-0.2874973283204278 -1 -2.112377214232295
-0.4017680004127433 -1 -2.25144369580885
-0.5231602458150353 -1 -2.384339126711125
-0.6513413368205279 -1 -2.510699249800466
-0.7859599379685336 -1 -2.630177720762669
-0.9266470690305297 -1 -2.742447057413673
-1.073017116359318 -1 -2.847199537305464
-1.224668889829227 -1 -2.944148041171914
2 5 0 42
366
367
368
369
370
371
372
373
374
375
376
377
378
379
380
381
382
383
384
385
386
387
388
389
390
391
392
393
394
395
396
397
398
399
400
401
402
403
404
405
406
407
-0.5937701928732864 0.1913417161825445 -1.127477506634093
-0.6560754606485673 0.1913417161825445 -1.251864675792502
-0.724805262662013 0.1913417161825445 -1.37282057089061
-0.7997712153036551 0.1913417161825445 -1.490013660227496
-0.8807678421081224 0.1913417161825445 -1.603122725691277
-0.9675731369513505 0.1913417161825445 -1.711837743195633
-1.059949172553935 0.1913417161825445 -1.815860732434273
-1.15764275262327 0.1913417161825445 -1.914906573624241
-1.260386105846983 0.1913417161825445 -2.00870378899943
-1.36789761983549 0.1913417161825445 -2.09699528691226
-1.479882613001982 0.1913417161825445 -2.179539066504019
-1.596034142264172 0.1913417161825445 -2.256108881012393
-1.716033844353945 0.1913417161825445 -2.326494857898118
-1.839552808428951 0.1913417161825445 -2.390504074091019
-0.7020080287747321 0.3535533905932731 -1.121805002020096
-0.7638680844044039 0.3535533905932731 -1.240535214505364
-0.8318572221830993 0.3535533905932731 -1.355865206196218
-0.9057890886100344 0.3535533905932731 -1.467478865601924
-0.9854610415782736 0.3535533905932731 -1.575070267440219
-1.070654705802661 0.3535533905932731 -1.678344511157254
-1.161136571371296 0.3535533905932731 -1.777018529229503
-1.256658633779972 0.3535533905932731 -1.870821863032177
-1.356959073695285 0.3535533905932731 -1.959497404147513
-1.461762974583225 0.3535533905932731 -2.042802099081076
-1.570783076236287 0.3535533905932731 -2.12050761545449
-1.683720562133736 0.3535533905932731 -2.192400967848621
-1.800265878476913 0.3535533905932731 -2.258285101581802
-1.92009958265469 0.3535533905932731 -2.317979432823019
-0.8639973977232787 0.4619397662556431 -1.113315498926041
-0.9251911462902234 0.4619397662556431 -1.223579477455137
-0.9920718017069907 0.4619397662556431 -1.330489709686496
-1.064456048745902 0.4619397662556431 -1.433753162104809
-1.14214548721719 0.4619397662556431 -1.533086796764754
-1.224927175770132 0.4619397662556431 -1.628218347078323
-1.312574215550489 0.4619397662556431 -1.71888706407862
-1.404846372114494 0.4619397662556431 -1.804844431114652
-1.501490733894764 0.4619397662556431 -1.885854845018198
-1.602242405413326 0.4619397662556431 -1.961696261875711
-1.706825233341711 0.4619397662556431 -2.032160805635259
-1.814952563418031 0.4619397662556431 -2.097055337880326
-1.926328026146384 0.4619397662556431 -2.156201987208792
-2.040646349125047 0.4619397662556431 -2.209438636766082
2 6 0 42
408
409
410
411
412
413
414
415
416
417
418
419
420
421
422
423
424
425
426
427
428
429
430
431
432
433
434
435
436
437
438
439
440
441
442
443
444
445
446
447
448
449
0.6339469044085813 -0.9619397662556433 -1.191819433290457
0.566591696762186 -0.9619397662556433 -1.380372172356617
0.4894607091857148 -0.9619397662556433 -1.565141407246842
0.4027653523548058 -0.9619397662556433 -1.745620698331448
0.3067432522164113 -0.9619397662556433 -1.921315364418535
0.2016575986725968 -0.9619397662556433 -2.091743838640744
0.08779642419531264 -0.9619397662556433 -2.25643898839657
-0.03452818565059346 -0.9619397662556433 -2.414949395728352
-0.1649809476122126 -0.9619397662556433 -2.566840594627517
-0.3032042997366688 -0.9619397662556433 -2.711696261875711
-0.4488193814235757 -0.9619397662556433 -2.849119358157799
-0.6014270718556105 -0.9619397662556433 -2.978733216319035
-0.7606090839609285 -0.9619397662556433 -3.100182573783548
-0.9259291109089558 -0.9619397662556433 -3.213134546304369
0.7959362733571278 -0.8535533905932738 -1.200308936384511
0.7279147586480055 -0.8535533905932738 -1.397327909406844
0.6496752887096067 -0.8535533905932738 -1.590516903756564
0.5614323124906737 -0.8535533905932738 -1.779346401828563
0.463427697855328 -0.8535533905932738 -1.963298835094001
0.3559300686400686 -0.8535533905932738 -2.141870002719675
0.2392340683745067 -0.8535533905932738 -2.314570453547453
0.1136595526839286 -0.8535533905932738 -2.480926827645877
-0.02044928741273377 -0.8535533905932738 -2.640483153756833
-0.162724868906567 -0.8535533905932738 -2.792802099081075
-0.3127772243181512 -0.8535533905932738 -2.93746616797703
-0.4701950705713145 -0.8535533905932738 -3.07407884628733
-0.6345469362914571 -0.8535533905932738 -3.202265688156557
-0.8053823444385988 -0.8535533905932738 -3.321675342361305
0.904174109258574 -0.6913417161825453 -1.205981440998508
0.8357073824038426 -0.6913417161825453 -1.408657370693982
0.7567272482306935 -0.6913417161825453 -1.607472268450957
0.667450185797053 -0.6913417161825453 -1.801881196454135
0.5681208973254792 -0.6913417161825453 -1.991351293345058
0.4590116374913791 -0.6913417161825453 -2.175363234758054
0.3404214671918666 -0.6913417161825453 -2.353412656752223
0.2126754338406305 -0.6913417161825453 -2.525011538237941
0.07612368043556872 -0.6913417161825453 -2.68968953860875
-0.06885951415883218 -0.6913417161825453 -2.84699528691226
-0.2218767610838461 -0.6913417161825453 -2.996497619026559
-0.3825086507017508 -0.6913417161825453 -3.137786759451103
-0.5503149021684894 -0.6913417161825453 -3.270475444472874
-0.7248355702128602 -0.6913417161825453 -3.394199983629306
2 7 0 42
450
451
452
453
454
455
456
457
458
459
460
461
462
463
464
465
466
467
468
469
470
471
472
473
474
475
476
477
478
479
480
481
482
483
484
485
486
487
488
489
490
491
-0.7468416083670251 0.9619397662556435 -1.119455373676354
-0.8085172510878524 0.9619397662556435 -1.23584239798585
-0.8761995956953492 0.9619397662556435 -1.348842064184819
-0.9497031295874896 0.9619397662556435 -1.458144648042719
-1.028826384687043 0.9619397662556435 -1.563450558774726
-1.11335248965157 0.9619397662556435 -1.664471160199248
-1.203049764302702 0.9619397662556435 -1.760929561869635
-1.297672354645401 0.9619397662556435 -1.852561378011651
-1.396960906736673 0.9619397662556435 -1.939115452186499
-1.500643277556699 0.9619397662556435 -2.020354545693166
-1.608435280933934 0.9619397662556435 -2.096055987823211
-1.720041466479651 0.9619397662556435 -2.166012286185699
-1.835155929396921 0.9619397662556435 -2.230031695429419
-1.953463148944395 0.9619397662556435 -2.287938742803569
-0.9088309773155716 0.8535533905932746 -1.110965870582299
-0.9698403129736715 0.8535533905932746 -1.218886660935624
-1.036414175219241 0.8535533905932746 -1.323466567675097
-1.108370089723357 0.8535533905932746 -1.424418944545605
-1.185510830325959 0.8535533905932746 -1.521467088099261
-1.267624959619042 0.8535533905932746 -1.614344996120317
-1.354487408481895 0.8535533905932746 -1.702798096718753
-1.445860092979923 0.8535533905932746 -1.786583946094126
-1.541492566936152 0.8535533905932746 -1.865472893057184
-1.6411227083868 0.8535533905932746 -1.939248708487802
-1.744477438039358 0.8535533905932746 -2.007709178003981
-1.851273467763946 0.8535533905932746 -2.070666656217404
-1.961218077066391 0.8535533905932746 -2.12794858105641
-2.074009915414751 0.8535533905932746 -2.179397946746633
-1.017068813217019 0.6913417161825454 -1.105293365968302
-1.07763293672951 0.6913417161825454 -1.207557199648486
-1.143466134740329 0.6913417161825454 -1.306511202980704
-1.214387963029737 0.6913417161825454 -1.401884149920033
-1.290204029796111 0.6913417161825454 -1.493414629848203
-1.370706528470353 0.6913417161825454 -1.580851764081938
-1.455674807299257 0.6913417161825454 -1.663955893513982
-1.544875974136626 0.6913417161825454 -1.742499235502061
-1.638065534784455 0.6913417161825454 -1.816266508205266
-1.734988063134536 0.6913417161825454 -1.885055520656617
-1.835377901273664 0.6913417161825454 -1.948677726954451
-1.938959887633511 0.6913417161825454 -2.006958743053631
-2.045450111189361 0.6913417161825454 -2.059738824740093
-2.154556689640491 0.6913417161825454 -2.106873305478632
2 8 0 14
492
493
494
495
496
497
498
499
500
501
502
503
504
505
0.9421821827753516 0.289347692032055 -1.207973359726349
0.8735591182054399 0.289347692032055 -1.412635748438887
0.7943188973403204 0.289347692032055 -1.613426200756061
0.7046787121174636 0.289347692032055 -1.809794364004843
0.6048842600537525 0.289347692032055 -2.001202006699151
0.4952090708056667 0.289347692032055 -2.187124493794943
0.3759537564435069 0.289347692032055 -2.367052224678403
0.2474451874946033 0.289347692032055 -2.540492029945801
0.1100355970139248 0.289347692032055 -2.706968523146555
-0.03589838486224517 0.289347692032055 -2.866025403784438
-0.1899567632333308 0.289347692032055 -3.017226708005532
-0.3517172747926836 0.289347692032055 -3.16015800354484
-0.5207365452219541 0.289347692032055 -3.294427525656321
-0.6965513044492813 0.289347692032055 -3.419667250912827
2 9 0 14
506
507
508
509
510
511
512
513
514
515
516
517
518
519
-0.3453985030555029 1 -1.140494115334219
-0.4087253922629883 1 -1.277862215573081
-0.4791547850529909 1 -1.41172778430217
-0.5564936393553608 1 -1.541723905302483
-0.6405299747462134 1 -1.667494268242276
-0.7310334534715359 1 -1.788694145298922
-0.8277560117869616 1 -1.90499133603391
-0.9304325398832516 1 -2.016067077931153
-1.038781608533851 1 -2.121616920102891
-1.15250624047284 1 -2.221351557768411
-1.271294724388976 1 -2.314997625218341
-1.394821469304732 1 -2.40229844509106
-1.522747896998532 1 -2.483014731907502
-1.654723370024124 1 -2.556925247936024
2 10 0 42
520
521
522
523
524
525
526
527
528
529
530
531
532
533
534
535
536
537
538
539
540
541
542
543
544
545
546
547
548
549
550
551
552
553
554
555
556
557
558
559
560
561
0.9041741092585744 0.6913417161825445 -1.205981440998508
0.835707382403843 0.6913417161825445 -1.408657370693982
0.7567272482306939 0.6913417161825445 -1.607472268450957
0.6674501857970534 0.6913417161825445 -1.801881196454135
0.5681208973254797 0.6913417161825445 -1.991351293345058
0.4590116374913795 0.6913417161825445 -2.175363234758054
0.3404214671918675 0.6913417161825445 -2.353412656752223
0.2126754338406309 0.6913417161825445 -2.525011538237941
0.07612368043556872 0.6913417161825445 -2.68968953860875
-0.06885951415883174 0.6913417161825445 -2.84699528691226
-0.2218767610838457 0.6913417161825445 -2.996497619026559
-0.3825086507017508 0.6913417161825445 -3.137786759451103
-0.5503149021684886 0.6913417161825445 -3.270475444472874
-0.7248355702128597 0.6913417161825445 -3.394199983629306
0.7959362733571282 0.8535533905932731 -1.200308936384511
0.7279147586480059 0.8535533905932731 -1.397327909406844
0.6496752887096071 0.8535533905932731 -1.590516903756565
0.5614323124906742 0.8535533905932731 -1.779346401828563
0.4634276978553284 0.8535533905932731 -1.963298835094001
0.355930068640069 0.8535533905932731 -2.141870002719675
0.2392340683745067 0.8535533905932731 -2.314570453547453
0.113659552683929 0.8535533905932731 -2.480926827645877
-0.02044928741273333 0.8535533905932731 -2.640483153756833
-0.1627248689065666 0.8535533905932731 -2.792802099081076
-0.3127772243181508 0.8535533905932731 -2.93746616797703
-0.4701950705713145 0.8535533905932731 -3.074078846287331
-0.6345469362914571 0.8535533905932731 -3.202265688156558
-0.8053823444385984 0.8535533905932731 -3.321675342361306
0.6339469044085821 0.9619397662556431 -1.191819433290457
0.5665916967621869 0.9619397662556431 -1.380372172356617
0.4894607091857157 0.9619397662556431 -1.565141407246842
0.4027653523548067 0.9619397662556431 -1.745620698331448
0.3067432522164122 0.9619397662556431 -1.921315364418535
0.2016575986725977 0.9619397662556431 -2.091743838640744
0.08779642419531353 0.9619397662556431 -2.256438988396571
-0.03452818565059257 0.9619397662556431 -2.414949395728353
-0.1649809476122117 0.9619397662556431 -2.566840594627518
-0.303204299736668 0.9619397662556431 -2.711696261875711
-0.4488193814235752 0.9619397662556431 -2.849119358157799
-0.6014270718556096 0.9619397662556431 -2.978733216319036
-0.7606090839609276 0.9619397662556431 -3.100182573783549
-0.9259291109089554 0.9619397662556431 -3.213134546304369
2 11 0 98
562
563
564
565
566
567
568
569
570
571
572
573
574
575
576
577
578
579
580
581
582
583
584
585
586
587
588
589
590
591
592
593
594
595
596
597
598
599
600
601
602
603
604
605
606
607
608
609
610
611
612
613
614
615
616
617
618
619
620
621
622
623
624
625
626
627
628
629
630
631
632
633
634
635
636
637
638
639
640
641
642
643
644
645
646
647
648
649
650
651
652
653
654
655
656
657
658
659
0.6194018443775966 0.6767766952966365 -1.191057158994694
0.552106464584655 0.6767766952966365 -1.378849713105952
0.4750750078761796 0.6767766952966365 -1.562862935996255
0.3885186121206177 0.6767766952966365 -1.742592460212263
0.2926745223822738 0.6767766952966365 -1.917545659620946
0.1878054406490799 0.6767766952966365 -2.087242999663572
0.0741988057847065 0.6767766952966365 -2.251219351726603
-0.04783399432138369 0.6767766952966365 -2.409025268026889
-0.1779584762464959 0.6767766952966365 -2.560228213516808
-0.3158179778305152 0.6767766952966365 -2.704413751432757
-0.4610346357620969 0.6767766952966365 -2.841186679237524
-0.6132104212757357 0.6767766952966365 -2.970172111842967
-0.7719282311209481 0.6767766952966365 -3.09101650914398
-0.9367530308132883 0.6767766952966365 -3.203388645047352
0.4428674153980654 0.75 -1.181805381604877
0.376298170521304 0.75 -1.360371516805061
0.3004747270427521 0.75 -1.535208968235946
0.2156049117505616 0.75 -1.705838518595963
0.1219213469092191 0.75 -1.871792484147891
0.01968081265809074 0.75 -2.03261599660747
-0.09083645680509367 0.75 -2.187868249905753
-0.2093275413266964 0.75 -2.337123708407902
-0.3354676650802584 0.75 -2.479973273276782
-0.4689110867544639 0.75 -2.616025403784439
-0.6092920472060421 0.75 -2.744907190498019
-0.7562257719801559 0.75 -2.866265377398604
-0.9093095259504382 0.75 -2.979767330131403
-1.068123717187978 0.75 -3.085101947733398
0.2663329864185342 0.6767766952966379 -1.17255360421506
0.2004898764579535 0.6767766952966379 -1.341893320504169
0.1258744462093251 0.6767766952966379 -1.507555000475637
0.04269121138050558 0.6767766952966379 -1.669084576979664
-0.04883182856383517 0.6767766952966379 -1.826039308674837
-0.1484438153328984 0.6767766952966379 -1.977988993551367
-0.2558717193948929 0.6767766952966379 -2.124517148084903
-0.3708210883320087 0.6767766952966379 -2.265222148788914
-0.4929768539140205 0.6767766952966379 -2.399718333036756
-0.6220041956784121 0.6767766952966379 -2.527637056136121
-0.7575494586499874 0.6767766952966379 -2.648627701758513
-0.8992411226845771 0.6767766952966379 -2.762358642954241
-1.046690820779929 0.6767766952966379 -2.868518151118825
-1.199494403562667 0.6767766952966379 -2.966815250419445
0.1932100317094214 0.5000000000000018 -1.168721392544141
0.1276676966792349 0.5000000000000018 -1.334239400988147
0.05355264189396713 0.5000000000000018 -1.496100351975888
-0.02893198843289069 0.5000000000000018 -1.653860595891524
-0.1195601096630488 0.5000000000000018 -1.807087722872261
-0.2180833164156986 0.5000000000000018 -1.955361748013733
-0.3242315634293949 0.5000000000000018 -2.098276262519428
-0.4377139057373474 0.5000000000000018 -2.235439547638951
-0.5582192961273509 0.5000000000000018 -2.366475648341895
-0.6854174377005742 0.5000000000000018 -2.491025403784438
-0.8189596891923987 0.5000000000000018 -2.608747431744262
-0.9584800205738944 0.5000000000000018 -2.719319064325485
-1.103596016314682 0.5000000000000018 -2.822437232368943
-1.253909923557327 0.5000000000000018 -2.917819296143684
0.266332986418532 0.3232233047033642 -1.17255360421506
0.2004898764579512 0.3232233047033642 -1.341893320504169
0.1258744462093229 0.3232233047033642 -1.507555000475636
0.04269121138050336 0.3232233047033642 -1.669084576979663
-0.04883182856383739 0.3232233047033642 -1.826039308674836
-0.1484438153329002 0.3232233047033642 -1.977988993551366
-0.2558717193948956 0.3232233047033642 -2.124517148084902
-0.3708210883320109 0.3232233047033642 -2.265222148788913
-0.4929768539140227 0.3232233047033642 -2.399718333036756
-0.6220041956784139 0.3232233047033642 -2.52763705613612
-0.7575494586499891 0.3232233047033642 -2.648627701758512
-0.8992411226845789 0.3232233047033642 -2.762358642954239
-1.046690820779931 0.3232233047033642 -2.868518151118824
-1.199494403562669 0.3232233047033642 -2.966815250419444
0.4428674153980632 0.25 -1.181805381604877
0.3762981705213018 0.25 -1.36037151680506
0.3004747270427504 0.25 -1.535208968235946
0.2156049117505594 0.25 -1.705838518595963
0.1219213469092169 0.25 -1.871792484147891
0.01968081265808852 0.25 -2.032615996607469
-0.09083645680509544 0.25 -2.187868249905752
-0.2093275413266982 0.25 -2.337123708407901
-0.3354676650802602 0.25 -2.479973273276781
-0.4689110867544657 0.25 -2.616025403784438
-0.6092920472060439 0.25 -2.744907190498018
-0.7562257719801577 0.25 -2.866265377398602
-0.90930952595044 0.25 -2.979767330131401
-1.068123717187979 0.25 -3.085101947733397
0.6194018443775957 0.3232233047033628 -1.191057158994694
0.5521064645846541 0.3232233047033628 -1.378849713105952
0.4750750078761787 0.3232233047033628 -1.562862935996255
0.3885186121206168 0.3232233047033628 -1.742592460212263
0.2926745223822729 0.3232233047033628 -1.917545659620945
0.187805440649079 0.3232233047033628 -2.087242999663572
0.07419880578470561 0.3232233047033628 -2.251219351726603
-0.04783399432138458 0.3232233047033628 -2.409025268026889
-0.1779584762464967 0.3232233047033628 -2.560228213516807
-0.3158179778305161 0.3232233047033628 -2.704413751432757
-0.4610346357620974 0.3232233047033628 -2.841186679237524
-0.6132104212757366 0.3232233047033628 -2.970172111842967
-0.771928231120949 0.3232233047033628 -3.09101650914398
-0.9367530308132888 0.3232233047033628 -3.203388645047352
2 12 0 51
660
661
662
663
664
665
666
667
668
669
670
671
672
673
674
675
676
677
678
679
680
681
682
683
684
685
686
687
688
689
690
691
692
693
694
695
696
697
698
699
700
701
702
703
704
705
706
707
708
709
710
-1.500539165287476 -0.2968955331529012 -2.913674397085619
-1.731834006223254 0.5570357075570639 -2.682379556149841
-1.855681075894905 -0.5705744343726653 -2.55853248647819
-1.267227739893301 -0.5590072155431128 -3.146985822479793
-1.622000977027849 0.2482746041289577 -2.792212585345246
-1.04975122713723 -0.1497526391843867 -3.364462335235864
-1.933014280031954 0.6522872790707721 -2.48119928234114
-1.974025586512462 -0.7279209527658886 -2.440187975860633
-1.343125571611517 -0.03107861158203279 -3.071087990761577
-1.570717273231479 0.6884168437676174 -2.843496289141615
-1.493809973769513 -0.5469624453412296 -2.920403588603582
-1.823110400262141 0.1565053439118183 -2.591103162110954
-1.908428609880525 0.4009710555755291 -2.505784952492569
-1.574072972019924 0.4312023937759769 -2.840140590353171
-1.107942351845921 -0.7201631825348072 -3.306271210527173
-1.320975661842267 -0.2715960121888784 -3.093237900530828
-2.104068632387184 0.7015384449009905 -2.31014492998591
-1.203788936009134 0.01615536051926622 -3.21042462636396
-2.117021704746317 -0.7120598895260565 -2.297191857626778
-1.773415717043272 -0.7577602129675357 -2.640797845329822
-1.457262703869899 0.2148334297756926 -2.956950858503196
-1.950359091365451 -0.4338897520575322 -2.463854471007644
-1.067566426848876 0.08224992610694021 -3.346647135524218
-1.764895562074326 0.3277792869138685 -2.649318000298769
-1.285161356190113 -0.7960059559789479 -3.129052206182981
-1.848277437849088 0.7633368098583412 -2.565936124524006
-2.025389258625238 0.5615277078343603 -2.388824303747857
-1.697105347708804 -0.00767885534180979 -2.717108214664291
-1.934159763596937 0.858522813625336 -2.480053798776158
-1.158271512396569 -0.228703910066693 -3.255942049976526
-1.710184231346547 -0.3457002202641253 -2.704029331026547
-2.043767197987691 -0.5836381830776751 -2.370446364385403
-1.864650064333541 0.541414917850669 -2.549563498039554
-1.089601409381181 -0.4712122570873646 -3.324612152991914
-1.347323705428945 0.1302037846256495 -3.06688985694415
-1.485546158093031 0.3779864645983423 -2.928667404280064
-2.055765702248451 -0.8035655269099526 -2.358447860124643
-1.499391866381974 -0.03953799627786913 -2.914821695991121
-0.969471247859838 0.5962249535187019 -3.444742314513257
-1.161540606948746 0.8358278874352033 -3.252672955424349
-1.832583415417695 -0.09779110595190328 -2.5816301469554
-1.037405496436401 -0.6305993611582534 -3.376808065936693
-1.163110928948612 -0.8190193745539071 -3.251102633424482
-2.008827260042271 0.7937158352999959 -2.405386302330824
-1.519478622822378 0.5395810283813354 -2.894734939550717
-1.870021979544326 -0.2544061269803148 -2.544191582828768
-1.645433649503847 -0.5491100812960076 -2.768779912869248
-1.496762721383289 -0.776575275915913 -2.917450840989805
-1.90354752103068 0.2418994939370709 -2.510666041342414
-2.174083739053051 0.6245109041894433 -2.240129823320043
-2.178679776014785 -0.628974770798717 -2.23553378635831
3 1 0 714
711
712
713
714
715
716
717
718
719
720
721
722
723
724
725
726
727
728
729
730
731
732
733
734
735
736
737
738
739
740
741
742
743
744
745
746
747
748
749
750
751
752
753
754
755
756
757
758
759
760
761
762
763
764
765
766
767
768
769
770
771
772
773
774
775
776
777
778
779
780
781
782
783
784
785
786
787
788
789
790
791
792
793
794
795
796
797
798
799
800
801
802
803
804
805
806
807
808
809
810
811
812
813
814
815
816
817
818
819
820
821
822
823
824
825
826
827
828
829
830
831
832
833
834
835
836
837
838
839
840
841
842
843
844
845
846
847
848
849
850
851
852
853
854
855
856
857
858
859
860
861
862
863
864
865
866
867
868
869
870
871
872
873
874
875
876
877
878
879
880
881
882
883
884
885
886
887
888
889
890
891
892
893
894
895
896
897
898
899
900
901
902
903
904
905
906
907
908
909
910
911
912
913
914
915
916
917
918
919
920
921
922
923
924
925
926
927
928
929
930
931
932
933
934
935
936
937
938
939
940
941
942
943
944
945
946
947
948
949
950
951
952
953
954
955
956
957
958
959
960
961
962
963
964
965
966
967
968
969
970
971
972
973
974
975
976
977
978
979
980
981
982
983
984
985
986
987
988
989
990
991
992
993
994
995
996
997
998
999
1000
1001
1002
1003
1004
1005
1006
1007
1008
1009
1010
1011
1012
1013
1014
1015
1016
1017
1018
1019
1020
1021
1022
1023
1024
1025
1026
1027
1028
1029
1030
1031
1032
1033
1034
1035
1036
1037
1038
1039
1040
1041
1042
1043
1044
1045
1046
1047
1048
1049
1050
1051
1052
1053
1054
1055
1056
1057
1058
1059
1060
1061
1062
1063
1064
1065
1066
1067
1068
1069
1070
1071
1072
1073
1074
1075
1076
1077
1078
1079
1080
1081
1082
1083
1084
1085
1086
1087
1088
1089
1090
1091
1092
1093
1094
1095
1096
1097
1098
1099
1100
1101
1102
1103
1104
1105
1106
1107
1108
1109
1110
1111
1112
1113
1114
1115
1116
1117
1118
1119
1120
1121
1122
1123
1124
1125
1126
1127
1128
1129
1130
1131
1132
1133
1134
1135
1136
1137
1138
1139
1140
1141
1142
1143
1144
1145
1146
1147
1148
1149
1150
1151
1152
1153
1154
1155
1156
1157
1158
1159
1160
1161
1162
1163
1164
1165
1166
1167
1168
1169
1170
1171
1172
1173
1174
1175
1176
1177
1178
1179
1180
1181
1182
1183
1184
1185
1186
1187
1188
1189
1190
1191
1192
1193
1194
1195
1196
1197
1198
1199
1200
1201
1202
1203
1204
1205
1206
1207
1208
1209
1210
1211
1212
1213
1214
1215
1216
1217
1218
1219
1220
1221
1222
1223
1224
1225
1226
1227
1228
1229
1230
1231
1232
1233
1234
1235
1236
1237
1238
1239
1240
1241
1242
1243
1244
1245
1246
1247
1248
1249
1250
1251
1252
1253
1254
1255
1256
1257
1258
1259
1260
1261
1262
1263
1264
1265
1266
1267
1268
1269
1270
1271
1272
1273
1274
1275
1276
1277
1278
1279
1280
1281
1282
1283
1284
1285
1286
1287
1288
1289
1290
1291
1292
1293
1294
1295
1296
1297
1298
1299
1300
1301
1302
1303
1304
1305
1306
1307
1308
1309
1310
1311
1312
1313
1314
1315
1316
1317
1318
1319
1320
1321
1322
1323
1324
1325
1326
1327
1328
1329
1330
1331
1332
1333
1334
1335
1336
1337
1338
1339
1340
1341
1342
1343
1344
1345
1346
1347
1348
1349
1350
1351
1352
1353
1354
1355
1356
1357
1358
1359
1360
1361
1362
1363
1364
1365
1366
1367
1368
1369
1370
1371
1372
1373
1374
1375
1376
1377
1378
1379
1380
1381
1382
1383
1384
1385
1386
1387
1388
1389
1390
1391
1392
1393
1394
1395
1396
1397
1398
1399
1400
1401
1402
1403
1404
1405
1406
1407
1408
1409
1410
1411
1412
1413
1414
1415
1416
1417
1418
1419
1420
1421
1422
1423
1424
0.06394527637680802 -0.2968955331529012 -1.161946913777593
-0.001065356974441656 -0.2968955331529012 -1.320709011830462
-0.07429586172883296 -0.2968955331529012 -1.475851138283261
-0.155545518163025 -0.2968955331529012 -1.626948059351181
-0.2445916266163248 -0.2968955331529012 -1.773585628876192
-0.3411901178949819 -0.2968955331529012 -1.915361923472879
-0.44507622224888 -0.2968955331529012 -2.051888344172502
-0.555965195087019 -0.2968955331529012 -2.182790681545758
-0.6735530974426482 -0.2968955331529012 -2.307710141384817
-0.7975176290488459 -0.2968955331529012 -2.426304328133305
-0.9275190117411478 -0.2968955331529012 -2.538248183368726
-1.063200920765881 -0.2968955331529012 -2.643234876765002
-1.204191461441541 -0.2968955331529012 -2.740976647093068
-1.350104188496268 -0.2968955331529012 -2.831205590954403
-0.2627067449872653 0.5570357075570639 -1.144827806739586
-0.3263737682590282 0.5570357075570639 -1.286517720036903
-0.3973690151905118 0.5570357075570639 -1.42468137768835
-0.4754978927446967 0.5570357075570639 -1.558940082711942
-0.5605462550988789 0.5570357075570639 -1.688925841329417
-0.6522809906034839 0.5570357075570639 -1.814282371611603
-0.7504506607248969 0.5570357075570639 -1.934666080022423
-0.8547861892210062 0.5570357075570639 -2.049747003184893
-0.9650015996604768 0.5570357075570639 -2.1592097122878
-1.080794799264273 0.5570357075570639 -2.262754177654153
-1.201848406920969 0.5570357075570639 -2.36009659110167
-1.32783062310631 0.5570357075570639 -2.450970143841281
-1.458396139322647 0.5570357075570639 -2.535125757781468
-1.593187084565531 0.5570357075570639 -2.612332768234007
-0.4376129187894517 -0.5705744343726653 -1.135661362587719
-0.5005605046087722 -0.5705744343726653 -1.26820995631944
-0.5703588803510513 -0.5705744343726653 -1.397282474713081
-0.6468167335200041 -0.5705744343726653 -1.522525138967449
-0.7297244984546158 -0.5705744343726653 -1.643594667645331
-0.8188549307340485 -0.5705744343726653 -1.760159217584062
-0.9139637300388035 -0.5705744343726653 -1.871899293454562
-1.014790209760919 -0.5705744343726653 -1.978508623475828
-1.121058011527839 -0.5705744343726653 -2.079694998884594
-1.232475862681505 -0.5705744343726653 -2.175181074859245
-1.348738374636465 -0.5705744343726653 -2.26470513070269
-1.469526879928758 -0.5705744343726653 -2.348021787200602
-1.594510305661284 -0.5705744343726653 -2.42490267918879
-1.723346080951602 -0.5705744343726653 -2.495137081486241
0.3934452704276965 -0.5590072155431128 -1.179215276739576
0.3270793124978666 -0.5590072155431128 -1.355198406371857
0.2515940614349272 -0.5590072155431128 -1.52746703137096
0.167196417065127 -0.5590072155431128 -1.695548975410006
0.07411770746527457 -0.5590072155431128 -1.858983537563617
-0.02738694509143835 -0.5590072155431128 -2.017322755057129
-0.1370393234078549 -0.5590072155431128 -2.170132631101414
-0.2545388779368545 -0.5590072155431128 -2.316994324447919
-0.3795635505667661 -0.5590072155431128 -2.457505297403414
-0.5117706573602696 -0.5590072155431128 -2.591280419157825
-0.6507978278272484 -0.5590072155431128 -2.717953021401017
-0.7962639981571114 -0.5590072155431128 -2.837175903335149
-0.9477704556882145 -0.5590072155431128 -2.948622283327917
-1.104901931751549 -0.5590072155431128 -3.051986694598305
-0.1075922562504417 0.2482746041289577 -1.152957012628907
-0.1718973083017934 0.2482746041289577 -1.302753850227258
-0.2439539932520822 0.2482746041289577 -1.448979930075445
-0.323564808736458 0.2482746041289577 -1.591234456652656
-0.4105115470433582 0.2482746041289577 -1.729127520189532
-0.5045558932066769 0.2482746041289577 -1.86228116538375
-0.6054400782105231 0.2482746041289577 -1.990330427349227
-0.7128875855161745 0.2482746041289577 -2.112924331959512
-0.8266039089746915 0.2482746041289577 -2.229726857843465
-0.9462773600477989 0.2482746041289577 -2.340417857396484
-1.071579922124505 0.2482746041289577 -2.444693934282828
-1.202168149591831 0.2482746041289577 -2.542269275023896
-1.337684109195368 0.2482746041289577 -2.632876432393094
-1.477756361109438 0.2482746041289577 -2.716267058470099
0.7005820063945198 -0.1497526391843867 -1.195311631007839
0.6329527101497989 -0.1497526391843867 -1.387346995920178
0.5553657430500043 -0.1497526391843867 -1.575579739150007
0.4680337655789519 -0.1497526391843867 -1.759493927832031
0.371196148616519 -0.1497526391843867 -1.93858546595879
0.2651183173396991 -0.1497526391843867 -2.112363476072781
0.150091023710643 -0.1497526391843867 -2.28035164472744
0.02642954954573851 -0.1497526391843867 -2.442089528029201
-0.1055271576499317 -0.1497526391843867 -2.597133813682196
-0.2454174137141436 -0.1497526391843867 -2.745059536076446
-0.3928577891786769 -0.1497526391843867 -2.885461241089059
-0.547444160222839 -0.1497526391843867 -3.017954097405799
-0.7087528163487633 -0.1497526391843867 -3.142174951316967
-0.8763416217424367 -0.1497526391843867 -3.257783322096478
-0.5468287030573835 0.6522872790707721 -1.129937605871582
-0.6093270541590723 0.6522872790707721 -1.256778131306469
-0.6783780736316718 0.6522872790707721 -1.380173915241022
-0.7537924974304855 0.6522872790707721 -1.499786738408613
-0.835363619861873 0.6522872790707721 -1.615288750375123
-0.9228678601491893 0.6522872790707721 -1.726363368154199
-1.016065375252152 0.6522872790707721 -1.832706143939212
-1.114700717259943 0.6522872790707721 -1.934025599573528
-1.218503533556178 0.6522872790707721 -2.030044025471886
-1.327189307836635 0.6522872790707721 -2.120498241803054
-1.440460139948666 0.6522872790707721 -2.205140319847466
-1.558005562414811 0.6522872790707721 -2.283738261552601
-1.679503391402574 0.6522872790707721 -2.35607663542352
-1.804620609807907 0.6522872790707721 -2.421957167005623
-0.604747963627311 -0.7279209527658886 -1.126902186047396
-0.6670080767962503 -0.7279209527658886 -1.250715611532846
-0.7356627586624103 -0.7279209527658886 -1.371100912463262
-0.8105238315149252 -0.7279209527658886 -1.487728121096671
-0.8913861063566353 -0.7279209527658886 -1.600277570360868
-0.9780279453128675 -0.7279209527658886 -1.708440770038636
-1.070211869125442 -0.7279209527658886 -1.81192125231799
-1.167685208066816 -0.7279209527658886 -1.910435384389842
-1.270180794490239 -0.7279209527658886 -2.003713145865818
-1.377417695117705 -0.7279209527658886 -2.091498868885368
-1.489101981058541 -0.7279209527658886 -2.173551938883607
-1.604927533448062 -0.7279209527658886 -2.249647454099109
-1.724576882498103 -0.7279209527658886 -2.319576842014003
-1.847722077659643 -0.7279209527658886 -2.383148431036746
0.2862566273624183 -0.03107861158203279 -1.173597757992162
0.2203315659579719 -0.03107861158203279 -1.343978766105447
0.1455797995737376 -0.03107861158203279 -1.510676021839656
0.06220621760544276 -0.03107861158203279 -1.673232619603806
-0.02956065875396474 -0.03107861158203279 -1.831203003062594
-0.1294693028750205 -0.03107861158203279 -1.984154186375348
-0.2372458721087529 -0.03107861158203279 -2.131666940980114
-0.3525949583703505 -0.03107861158203279 -2.273336944670006
-0.4752003978321868 -0.03107861158203279 -2.408775889812271
-0.6047261375068964 -0.03107861158203279 -2.537612547672519
-0.7408171563452552 -0.03107861158203279 -2.659493785926883
-0.8831004383241972 -0.03107861158203279 -2.774085536573168
-1.031185994857809 -0.03107861158203279 -2.881073711588027
-1.184667933728931 -0.03107861158203279 -2.980165063820401
-0.03516554132526117 0.6884168437676174 -1.156752735918902
-0.09976850448027408 0.6884168437676174 -1.310334892993546
-0.1723208005718866 0.6884168437676174 -1.460325513206758
-0.2526235687995606 0.6884168437676174 -1.606313482694251
-0.3404567048573606 0.6884168437676174 -1.74789865857916
-0.4355794642245594 0.6884168437676174 -1.88469296573585
-0.5377311220296317 0.6884168437676174 -2.01632146047686
-0.6466316876790104 0.6884168437676174 -2.142423358247489
-0.7619826722918344 0.6884168437676174 -2.262653022511184
-0.8834679068372298 0.6884168437676174 -2.376680912115259
-1.010754408731643 0.6884168437676174 -2.48419448454029
-1.143493294520956 0.6884168437676174 -2.584899052557438
-1.281320736145789 0.6884168437676174 -2.678518591945656
-1.423858958168915 0.6884168437676174 -2.764796498054896
0.07344874823374736 -0.5469624453412296 -1.162444969633095
0.008399024475146621 -0.5469624453412296 -1.321703758404984
-0.06489651189828782 -0.5469624453412296 -1.477339849045587
-0.1462369629160669 -0.5469624453412296 -1.62892665384859
-0.2353993800558571 -0.5469624453412296 -1.776048683918697
-0.3321393753298816 -0.5469624453412296 -1.918302687997814
-0.4361917911354078 -0.5469624453412296 -2.055298757748714
-0.5472714270333081 -0.5469624453412296 -2.186661396466689
-0.6650738214626375 -0.5469624453412296 -2.312030548289919
-0.7892760862486092 -0.5469624453412296 -2.43106258508756
-0.9195377916166385 -0.5469624453412296 -2.543431248320563
-1.055501899286692 -0.5469624453412296 -2.64882854329366
-1.196795741090394 -0.5469624453412296 -2.746965583347402
-1.343032040428576 -0.5469624453412296 -2.837573381676426
-0.3916141537949906 0.1565053439118183 -1.138072055710842
-0.4547509452528757 0.1565053439118183 -1.273024735023399
-0.5248640874517303 0.1565053439118183 -1.404488142024121
-0.6017614051422915 0.1565053439118183 -1.532101944652329
-0.6852321281218372 0.1565053439118183 -1.655516362345345
-0.775047468940659 0.1565053439118183 -1.774393124762704
-0.8709612499925594 0.1565053439118183 -1.888406398961643
-0.9727105782705623 0.1565053439118183 -1.997243682482547
-1.080016565938365 0.1565053439118183 -2.100606659896473
-1.192585094742519 0.1565053439118183 -2.198212020467
-1.310107622170113 0.1565053439118183 -2.289792234685272
-1.43226202714236 0.1565053439118183 -2.375096287549779
-1.55871349292608 0.1565053439118183 -2.45389036658103
-1.689115424843093 0.1565053439118183 -2.525958502685311
-0.5121069651272907 0.4009710555755291 -1.131757295049345
-0.5747481363372562 0.4009710555755291 -1.260412522020446
-0.6440367543283316 0.4009710555755291 -1.385613045878888
-0.7197829038147954 0.4009710555755291 -1.507015700691358
-0.8017789698659561 0.4009710555755291 -1.624287730219611
-0.8898002069642441 0.4009710555755291 -1.737107699982187
-0.9836053550170529 0.4009710555755291 -1.845166378283988
-1.082937300633888 0.4009710555755291 -1.948167583798854
-1.18752378185629 0.4009710555755291 -2.045828997381997
-1.297078134408947 0.4009710555755291 -2.137882935887145
-1.411300077426542 0.4009710555755291 -2.224077085867448
-1.529876536502733 0.4009710555755291 -2.304175195149091
-1.652482501805341 0.4009710555755291 -2.377957720382084
-1.778781918905707 0.4009710555755291 -2.445222428793325
-0.03990471228082404 0.4312023937759769 -1.156504366493478
-0.1044881819153689 0.4312023937759769 -1.30983883490603
-0.1770080481787248 0.4312023937759769 -1.459583126117886
-0.2572655391582583 0.4312023937759769 -1.605326801435432
-0.3450406746498245 0.4312023937759769 -1.746670387575141
-0.4400928691082151 0.4312023937759769 -1.883226471592077
-0.5421615910754172 0.4312023937759769 -2.014620762751846
-0.6509670772792284 0.4312023937759769 -2.140493118435484
-0.7662110994449409 0.4312023937759769 -2.260498531265343
-0.8875777817183121 0.4312023937759769 -2.37430807474633
-1.014734466459325 0.4312023937759769 -2.481609804830568
-1.147332626033658 0.4312023937759769 -2.582109614934349
-1.285008818102703 0.4312023937759769 -2.675532042063833
-1.427385681793752 0.4312023937759769 -2.761621021839972
0.618400110617515 -0.7201631825348072 -1.191004660352895
0.5511088512324966 -0.7201631825348072 -1.378744859717483
0.4740842493207995 -0.7201631825348072 -1.562706015256965
0.3875374239623497 -0.7201631825348072 -1.74238390223099
0.2917055939896578 -0.7201631825348072 -1.917286036040621
0.1868514277874906 -0.7201631825348072 -2.086933022094382
0.07326232333708571 -0.7201631825348072 -2.250859869795519
-0.0487503795217421 -0.7201631825348072 -2.408617267048898
-0.1788522524514544 -0.7201631825348072 -2.559772811794228
-0.3166866952616223 -0.7201631825348072 -2.703912197190058
-0.4618759133252568 -0.7201631825348072 -2.840640347200022
-0.6140219530876241 -0.7201631825348072 -2.9695824994688
-0.7727077928292783 -0.7201631825348072 -3.090385232519684
-0.9374984856936046 -0.7201631825348072 -3.202717434458274
0.3175384007469209 -0.2715960121888784 -1.175237166267279
0.2514846687594852 -0.2715960121888784 -1.347253089151553
0.1765188433029081 -0.2715960121888784 -1.515576284964877
0.09284640049395509 -0.2715960121888784 -1.679745391527528
0.0006966806823651694 -0.2715960121888784 -1.839310432729673
-0.09967774015510589 -0.2715960121888784 -1.993834051884606
-0.2080017427078831 -0.2715960121888784 -2.14289271049303
-0.3239784184144789 -0.2715960121888784 -2.286077849132638
-0.4472898832682208 -0.2715960121888784 -2.422997007291096
-0.5775981491152202 -0.2715960121888784 -2.553274899073027
-0.7145460500564065 -0.2715960121888784 -2.67655444183256
-0.8577582214144321 -0.2715960121888784 -2.792497734912049
-1.00684212858216 -0.2715960121888784 -2.900786985804281
-1.16138914293274 -0.2715960121888784 -3.001125381199655
-0.788404562397337 0.7015384449009905 -1.117277151555182
-0.8499092451965473 0.7015384449009905 -1.231491924098934
-0.917307177303698 0.7015384449009905 -1.342331262878685
-0.990413625671656 0.7015384449009905 -1.449491364971188
-1.069028210607012 0.7015384449009905 -1.552678511985214
-1.152935454996891 0.7015384449009905 -1.651609875123249
-1.241905374916741 0.7015384449009905 -1.746014290395566
-1.335694110000285 0.7015384449009905 -1.835633001861873
-1.434044591843834 0.7015384449009905 -1.920220370863363
-1.536687248612913 0.7015384449009905 -1.999544549301198
-1.643340743919923 0.7015384449009905 -2.073388115116035
-1.753712747947619 0.7015384449009905 -2.141548668226781
-1.867500738704825 0.7015384449009905 -2.20383938529514
-1.984392831218184 0.7015384449009905 -2.260089531795402
0.4830383345783842 0.01615536051926622 -1.183910650270876
0.4163038556042258 0.01615536051926622 -1.364576283741981
0.3402055252262262 0.01615536051926622 -1.541501708469883
0.2549519236784206 0.01615536051926622 -1.714201984163338
0.160776725156746 0.01615536051926622 -1.882203751370922
0.05793805733431334 0.01615536051926622 -2.045046528926376
-0.05328220614860424 0.01615536051926622 -2.202283976095484
-0.1725792182806258 0.01615536051926622 -2.353485115964997
-0.2996259942437312 0.01615536051926622 -2.498235516720395
-0.4340743076559193 0.01615536051926622 -2.636138427574683
-0.5755556450355139 0.01615536051926622 -2.766815866234725
-0.7236822158710057 0.01615536051926622 -2.889909654924431
-0.8780480155278862 0.01615536051926622 -3.005082402125145
-1.03822993807913 0.01615536051926622 -3.112018427342352
-0.8066978682569363 -0.7120598895260565 -1.116318440019335
-0.8681273056312522 -0.7120598895260565 -1.229577128788921
-0.935400057876179 -0.7120598895260565 -1.339465632115354
-1.008331735053885 -0.7120598895260565 -1.445682753249274
-1.086722436506644 -0.7120598895260565 -1.547937358444714
-1.170357298770646 -0.7120598895260565 -1.645949174936463
-1.259007084501813 -0.7120598895260565 -1.739449559148236
-1.352428810799426 -0.7120598895260565 -1.82818223302604
-1.450366415205369 -0.7120598895260565 -1.911903986478508
-1.552551457553524 -0.7120598895260565 -1.990385343998855
-1.658703855745611 -0.7120598895260565 -2.063411193641291
-1.768532653436746 -0.7120598895260565 -2.13078137662791
-1.881736817526567 -0.7120598895260565 -2.192311235969989
-1.998006063270025 -0.7120598895260565 -2.247832122599959
-0.3214315735920978 -0.7577602129675357 -1.141750168883629
-0.384857045407053 -0.7577602129675357 -1.28037087991643
-0.4554504422841892 -0.7577602129675357 -1.415482183364868
-0.5330182726295534 -0.7577602129675357 -1.546713748537663
-0.6173479284118426 -0.7577602129675357 -1.673705878836471
-0.7082082679062407 -0.7577602129675357 -1.796110497659258
-0.8053502492378168 -0.7577602129675357 -1.91359210245407
-0.9085076129879988 -0.7577602129675357 -2.025828684308212
-1.017397611993127 -0.7577602129675357 -2.132512610552291
-1.13172178633478 -0.7577602129675357 -2.23335146795998
-1.251166781397663 -0.7577602129675357 -2.328068864232347
-1.375405206752828 -0.7577602129675357 -2.416405185569936
-1.504096533512084 -0.7577602129675357 -2.498118308256144
-1.636888027694009 -0.7577602129675357 -2.572984262301496
0.1250635596136611 0.2148334297756926 -1.165149987275629
0.05980152986493881 0.2148334297756926 -1.327106379424718
-0.01384720319294619 0.2148334297756926 -1.485425265233837
-0.09568077350194359 0.2148334297756926 -1.639672703641594
-0.1854748809340179 0.2148334297756926 -1.789425913140922
-0.2829834060822103 0.2148334297756926 -1.934274430593801
-0.3879390848568223 0.2148334297756926 -2.07382123628219
-0.5000542410377147 0.2148334297756926 -2.207683842111476
-0.6190215747748233 0.2148334297756926 -2.335495339983756
-0.7445150048756926 0.2148334297756926 -2.456905407467432
-0.8761905625713582 0.2148334297756926 -2.57158126800664
-1.013687334310832 0.2148334297756926 -2.679208603038665
-1.156628451000059 0.2148334297756926 -2.779492413519268
-1.304622120973909 0.2148334297756926 -2.872157828494562
-0.5713243539735164 -0.4338897520575322 -1.128653843204974
-0.6337219476902143 -0.4338897520575322 -1.254214124677491
-0.7026053450703227 -0.4338897520575322 -1.376336692413621
-0.7777857415096485 -0.4338897520575322 -1.494686816943836
-0.8590570727672779 -0.4338897520575322 -1.608940108803215
-0.9461965797733338 -0.4338897520575322 -1.71878340766042
-1.038965419196105 -0.4338897520575322 -1.823915640668397
-1.137109318095018 -0.4338897520575322 -1.924048647684124
-1.240359270865088 -0.4338897520575322 -2.018907971095531
-1.34843227656259 -0.4338897520575322 -2.108233608090737
-1.461032114590969 -0.4338897520575322 -2.191780723307688
-1.577850156620908 -0.4338897520575322 -2.269320319910863
-1.698566212519126 -0.4338897520575322 -2.340639867255684
-1.822849407967275 -0.4338897520575322 -2.405543883420239
0.6754220375285058 0.08224992610694021 -1.19399305291274
0.6078962311921794 0.08224992610694021 -1.384713453860887
0.5304814320679481 0.08224992610694021 -1.571638451482252
0.4433898287391735 0.08224992610694021 -1.754255697351354
0.346860133236917 0.08224992610694021 -1.932064650290835
0.2411569267468536 0.08224992610694021 -2.104577948320035
0.1265699344106332 0.08224992610694021 -2.27132274448031
0.003413231209404621 0.08224992610694021 -2.431842002875672
-0.1279756188938745 0.08224992610694021 -2.585695751376418
-0.2672364881937992 0.08224992610694021 -2.732462287552148
-0.4139876723275218 0.08224992610694021 -2.871739334528823
-0.5678269364998814 0.08224992610694021 -3.003145143601709
-0.7283326179810183 0.08224992610694021 -3.126319540582041
-0.8950647818546056 0.08224992610694021 -3.240924913009446
-0.3093987680540167 0.3277792869138685 -1.142380781500425
-0.3728737341250854 0.3277792869138685 -1.281630376684672
-0.4435494706816092 0.3277792869138685 -1.417367112091461
-0.5212322604422979 0.3277792869138685 -1.549218942763987
-0.6057091802800811 0.3277792869138685 -1.676824471999286
-0.6967486848296023 0.3277792869138685 -1.799833941911475
-0.7941012411369694 0.3277792869138685 -1.917910192093808
-0.897500012612237 0.3277792869138685 -2.030729583751914
-1.006661590409953 0.3277792869138685 -2.13798288677524
-1.1212867702331 0.3277792869138685 -2.239376127315282
-1.241061372431284 0.3277792869138685 -2.334631393547479
-1.365657103145308 0.3277792869138685 -2.423487597408202
-1.494732454137829 0.3277792869138685 -2.505701190218987
-1.627933638843694 0.3277792869138685 -2.581046830236534
0.3681180647277307 -0.7960059559789479 -1.177887934133396
0.3018562845976325 -0.7960059559789479 -1.352547359313318
0.2265443459006691 -0.7960059559789479 -1.523499546195777
0.142388673425939 -0.7960059559789479 -1.690275926719269
0.04961993202210691 -0.7960059559789479 -1.852419378417262
-0.05150760563891543 -0.7960059559789479 -2.009485477359105
-0.1607167560056881 -0.7960059559789479 -2.161043716285131
-0.2777081843880902 -0.7960059559789479 -2.306678684597125
-0.4021612254129003 -0.7960059559789479 -2.445991206969909
-0.5337347619452948 -0.7960059559789479 -2.578599437463152
-0.6720681600672025 -0.7960059559789479 -2.704139906134557
-0.816782257549808 -0.7960059559789479 -2.822268515285709
-0.9674804031108648 -0.7960059559789479 -2.932661482609942
-1.12374954360829 -0.7960059559789479 -3.03501622865714
-0.4271569426711364 0.7633368098583412 -1.136209337076317
-0.4901475368111918 0.7633368098583412 -1.26930440333665
-0.5600174620951419 0.7633368098583412 -1.398920394455706
-0.6365752099143829 0.7633368098583412 -1.524702042011322
-0.7196109408036055 0.7633368098583412 -1.646304587250524
-0.8088970595961853 0.7633368098583412 -1.763394726049302
-0.9041888392467143 0.7633368098583412 -1.875651522476044
-1.00522509161082 0.7633368098583412 -1.982767288454617
-1.111728883343716 0.7633368098583412 -2.084448427116
-1.223408294955252 0.7633368098583412 -2.180416237526893
-1.33995722094094 0.7633368098583412 -2.270407678589598
-1.46105620879587 0.7633368098583412 -2.354176090019393
-1.586373334611819 0.7633368098583412 -2.431491868423218
-1.715565112857612 0.7633368098583412 -2.502143096626622
-0.6772876158410774 0.5615277078343603 -1.123100543964908
-0.7392493533640621 0.5615277078343603 -1.24312274740457
-0.8074076512666246 0.5615277078343603 -1.359737637801999
-0.8815756923918401 0.5615277078343603 -1.472625581848417
-0.9615501872943417 0.5615277078343603 -1.581477161535938
-1.047111931442561 0.5615277078343603 -1.685994022250818
-1.138026406043109 0.5615277078343603 -1.785889690542716
-1.234044420840497 0.5615277078343603 -1.880890359328507
-1.334902797130292 0.5615277078343603 -1.970735638378465
-1.440325089113667 0.5615277078343603 -2.055179268027781
-1.550022341616107 0.5615277078343603 -2.133989794157193
-1.663693882093466 0.5615277078343603 -2.206951202592633
-1.781028144754508 0.5615277078343603 -2.273863511185063
-1.901703524541082 0.5615277078343603 -2.334543317947649
-0.213660313786677 -0.00767885534180979 -1.147398221280567
-0.2775290785907552 -0.00767885534180979 -1.291651503791277
-0.3488599469537825 -0.00767885534180979 -1.43236445931169
-0.4274574059237239 -0.00767885534180979 -1.569151403411562
-0.5131060253287854 -0.00767885534180979 -1.70163741258506
-0.60557104825654 -0.00767885534180979 -1.829459351890029
-0.7045990345063071 -0.00767885534180979 -1.952266870275627
-0.8099185552511279 -0.00767885534180979 -2.069723360870206
-0.9212409370053107 -0.00767885534180979 -2.181506883597347
-1.038261052858391 -0.00767885534180979 -2.287311047591232
-1.160658158806784 -0.00767885534180979 -2.386845850992711
-1.288096772890804 -0.00767885534180979 -2.47983847582424
-1.420227594727396 -0.00767885534180979 -2.566034035764994
-1.556688462918207 -0.00767885534180979 -2.645196274776555
-0.5484464413537813 0.858522813625336 -1.129852823800006
-0.6109381382505705 0.858522813625336 -1.256608799545083
-0.6799780876487604 0.858522813625336 -1.379920497916414
-0.7553770558459596 0.858522813625336 -1.499449930120054
-0.8369283795112574 0.858522813625336 -1.614869474290721
-0.9244085321350499 0.858522813625336 -1.725862773480559
-1.017577736699666 0.858522813625336 -1.832125602771537
-1.116180622891506 0.858522813625336 -1.933366703134807
-1.219946927053321 0.858522813625336 -2.029308579751457
-1.328592232958111 0.858522813625336 -2.119688262606517
-1.441818751374234 0.858522813625336 -2.204258027271497
-1.559316136284989 0.858522813625336 -2.282786073899825
-1.68076233552548 0.858522813625336 -2.355057162574106
-1.805824473505209 0.858522813625336 -2.420873203263788
0.5473214736668939 -0.228703910066693 -1.187279586835848
0.4803225803680982 -0.228703910066693 -1.371304922850971
0.4037843647907704 -0.228703910066693 -1.551571607390796
0.317916612863701 -0.228703910066693 -1.727585542003183
0.222954682126328 -0.228703910066693 -1.898864284727938
0.1191588566300799 -0.228703910066693 -2.064938372436692
0.006813633517882778 -0.228703910066693 -2.225352607598703
-0.1137730567627333 -0.228703910066693 -2.37966730594565
-0.2422706944755877 -0.228703910066693 -2.527459501615646
-0.3783270765274711 -0.228703910066693 -2.668324106473269
-0.5215692818323423 -0.228703910066693 -2.801875020427983
-0.6716046934621041 -0.228703910066693 -2.92774618970765
-0.8280220747823126 -0.228703910066693 -3.04559261018647
-0.9903926966232084 -0.228703910066693 -3.155091273017316
-0.2321312998241076 -0.3457002202641253 -1.146430197921177
-0.2959240883555934 -0.3457002202641253 -1.289718110357239
-0.3671285610028847 -0.3457002202641253 -1.429470995100018
-0.4455495512558172 -0.3457002202641253 -1.565305799206538
-0.5309721126310838 -0.3457002202641253 -1.696850208920505
-0.6231621078256047 -0.3457002202641253 -1.823743670158433
-0.7218668504705992 -0.3457002202641253 -1.945638376763325
-0.82681579772736 -0.3457002202641253 -2.062200223817174
-0.9377212918263682 -0.3457002202641253 -2.17310972339932
-1.054279348517245 -0.3457002202641253 -2.278062880280634
-1.176170490268452 -0.3457002202641253 -2.376772025153307
-1.303060621932998 -0.3457002202641253 -2.468966603112434
-1.434601946480016 -0.3457002202641253 -2.554393915228194
-1.570433918282248 -0.3457002202641253 -2.632819811176057
-0.7032423280904472 -0.5836381830776751 -1.121740315133988
-0.7650973067057634 -0.5836381830776751 -1.240406018035408
-0.8330779982572176 -0.5836381830776751 -1.355671854260957
-0.906998072394547 -0.5836381830776751 -1.467221888165573
-0.9866549193326635 -0.5836381830776751 -1.574750368860069
-1.071830205190988 -0.5836381830776751 -1.677962568253077
-1.162290470431445 -0.5836381830776751 -1.77657558888025
-1.257787769754826 -0.5836381830776751 -1.870319139306558
-1.358060351701622 -0.5836381830776751 -1.958936274976316
-1.462833376094578 -0.5836381830776751 -2.042184102480355
-1.571819667356516 -0.5836381830776751 -2.119834445309972
-1.684720501638633 -0.5836381830776751 -2.19167446927288
-1.801226425601802 -0.5836381830776751 -2.257507265856936
-1.921018104606666 -0.5836381830776751 -2.317152391942683
-0.4502796008097603 0.541414917850669 -1.134997529912151
-0.5131750850637364 0.541414917850669 -1.266884110487523
-0.5828867835524716 0.541414917850669 -1.395298249776084
-0.6592236213560105 0.541414917850669 -1.519887973548002
-0.7419763645080417 0.541414917850669 -1.640311790030541
-0.8309181934916574 0.541414917850669 -1.756239625913282
-0.9258053249358849 0.541414917850669 -1.867353731056113
-1.026377679808959 0.541414917850669 -1.973349549420287
-1.132359596276871 0.541414917850669 -2.073936553835344
-1.243460585273295 0.541414917850669 -2.168839042313902
-1.359376126709928 0.541414917850669 -2.25779689373163
-1.479788504144882 0.541414917850669 -2.340566280801179
-1.604367675621369 0.541414917850669 -2.416920338385818
-1.732772178289764 0.541414917850669 -2.486649785321015
0.6443025730571907 -0.4712122570873646 -1.192362150887321
0.5769047696824177 -0.4712122570873646 -1.381456119999137
0.4997029189615474 -0.4712122570873646 -1.566763613909874
0.4129086258011707 -0.4712122570873646 -1.747776717659286
0.3167597873258425 -0.4712122570873646 -1.923999286912065
0.2115199408185999 -0.4712122570873646 -2.094948307854968
0.09747754138358822 -0.4712122570873646 -2.260155221104112
-0.02505482868933129 -0.4712122570873646 -2.419167205993674
-0.1557413166909103 -0.4712122570873646 -2.571548421725857
-0.2942237200414426 -0.4712122570873646 -2.716881201980228
-0.4401224680991382 -0.4712122570873646 -2.854767199708069
-0.5930376625368687 -0.4712122570873646 -2.984828478973946
-0.7525501734356848 -0.4712122570873646 -3.106708550851838
-0.9182227880907909 -0.4712122570873646 -3.220073350536509
0.2803277061125042 0.1302037846256495 -1.17328703639591
0.2144270320004389 0.1302037846256495 -1.343358174579241
0.1397158368257445 0.1302037846256495 -1.509747261381732
0.05639889878128201 0.1302037846256495 -1.67199823588202
-0.03529541619705734 0.1302037846256495 -1.829666379436929
-0.1351157803655116 0.1302037846256495 -1.982319534624352
-0.242788593044323 0.1302037846256495 -2.129539289756711
-0.358018730538185 0.1302037846256495 -2.270922125718308
-0.4804903550497754 0.1302037846256495 -2.406080521983172
-0.6098677803692065 0.1302037846256495 -2.534644018781888
-0.745796391966592 0.1302037846256495 -2.656260232506067
-0.8879036189658249 0.1302037846256495 -2.770595821567333
-1.035799955335454 0.1302037846256495 -2.877337400063437
-1.189080027497637 0.1302037846256495 -2.976192396747237
0.0851195320868654 0.3779864645983423 -1.163056609497329
0.0200218031674364 0.3779864645983423 -1.322925361671099
-0.05335359559533259 0.3779864645983423 -1.479168067383943
-0.1348055473336949 0.3779864645983423 -1.6313564762398
-0.2241107979095913 0.3779864645983423 -1.779073450388482
-0.3210245678387249 0.3779864645983423 -1.921914107871528
-0.425281223214113 0.3779864645983423 -2.05948693237551
-0.5365950037901634 0.3779864645983423 -2.191414846351032
-0.6546608062316426 0.3779864645983423 -2.317336244556084
-0.7791550203807129 0.3779864645983423 -2.436905985190875
-0.9097364162498778 0.3779864645983423 -2.549796335907517
-1.046047079309662 0.3779864645983423 -2.655697872101606
-1.187713391507456 0.3779864645983423 -2.754320325023561
-1.33434705532863 0.3779864645983423 -2.845393377385085
-0.7201875208767019 -0.8035655269099526 -1.120852255210538
-0.7819727992289325 -0.8035655269099526 -1.238632332299028
-0.8498375359652965 -0.8035655269099526 -1.353017404260966
-0.9235957185596191 -0.8035655269099526 -1.46369394956491
-1.003045180960278 -0.8035655269099526 -1.570358611493215
-1.087968157713297 -0.8035655269099526 -1.672719029621707
-1.17813188084232 -0.8035655269099526 -1.77049464115928
-1.273289217849455 -0.8035655269099526 -1.863417449951008
-1.373179349088268 -0.8035655269099526 -1.95123276103698
-1.477528482652314 -0.8035655269099526 -2.033699878753476
-1.586050604819712 -0.8035655269099526 -2.110592766463053
-1.698448263996882 -0.8035655269099526 -2.181700666105261
-1.814413386012685 -0.8035655269099526 -2.246828675869827
-1.933628118528312 -0.8035655269099526 -2.305798284408981
0.06556557843402011 -0.03953799627786913 -1.16203183021018
0.0005482803324134977 -0.03953799627786913 -1.320878611945595
-0.07269331204002993 -0.03953799627786913 -1.476104957218815
-0.1539584485695786 -0.03953799627786913 -1.627285401407095
-0.2430243871656761 -0.03953799627786913 -1.77400556942134
-0.3396470042815269 -0.03953799627786913 -1.915863311479416
-0.4435614640397727 -0.03953799627786913 -2.052469805370753
-0.5544829441292212 -0.03953799627786913 -2.183450622190995
-0.6721074164830054 -0.03953799627786913 -2.308446752625605
-0.7961124805983801 -0.03953799627786913 -2.427115590969433
-0.9261582472140915 -0.03953799627786913 -2.539131874185151
-1.061888269923216 -0.03953799627786913 -2.64418857342662
-1.202930522167987 -0.03953799627786913 -2.741997735583621
-1.348898416938727 -0.03953799627786913 -2.832291272541312
0.8139594487963033 0.5962249535187019 -1.201253490984907
0.7458637997833941 0.5962249535187019 -1.399214429649131
0.6675009984670788 0.5962249535187019 -1.593340218819889
0.5790858318388339 0.5962249535187019 -1.783098773202583
0.4808606397247241 0.5962249535187019 -1.967969977789604
0.3730946505487855 0.5962249535187019 -2.14744711345942
0.2560832433966276 0.5962249535187019 -2.321038245858462
0.1301471384018904 0.5962249535187019 -2.488267573758997
-0.004368482325345813 0.5962249535187019 -2.648676733197217
-0.1470949208187351 0.5962249535187019 -2.801826053817005
-0.2976409738311596 0.5962249535187019 -2.947295763975822
-0.45559400509564 0.5962249535187019 -3.084687141309599
-0.6205210763326612 0.5962249535187019 -3.21362360560302
-0.7919701339039023 0.5962249535187019 -3.333751750969721
0.5427046117465046 0.8358278874352033 -1.187037627355344
0.4757247088772982 0.8358278874352033 -1.370821667084081
0.3992180861757215 0.8358278874352033 -1.550848379907986
0.3133944429766893 0.8358278874352033 -1.726624325120712
0.2184890159206812 0.8358278874352033 -1.897667713074468
0.1147619341864634 0.8358278874352033 -2.063509725731953
0.002497506495088508 0.8358278874352033 -2.223695801664008
-0.1179965581605473 0.8358278874352033 -2.377786881970902
-0.2463899939246614 0.8358278874352033 -2.525360613712254
-0.382330883314344 0.8358278874352033 -2.666012507547085
-0.5254466218009122 0.8358278874352033 -2.799357046410986
-0.6753449390930273 0.8358278874352033 -2.925028742191598
-0.8316149743222976 0.8358278874352033 -3.042683137506117
-0.993828402184354 0.8358278874352033 -3.151997749835044
-0.4049926603645919 -0.09779110595190328 -1.137370917891405
-0.4680744223259494 -0.09779110595190328 -1.271624381154554
-0.5380960163037223 -0.09779110595190328 -1.402392410378484
-0.614865517975959 -0.09779110595190328 -1.529316579484669
-0.6981725074747587 -0.09779110595190328 -1.652048998147978
-0.787788646132503 -0.09779110595190328 -1.770253265339881
-0.8834683023422718 -0.09779110595190328 -1.883605391380283
-0.9849492248170058 -0.09779110595190328 -1.991794685970718
-1.091953261402054 -0.09779110595190328 -2.094524609774858
-1.204187121470897 -0.09779110595190328 -2.191513587212225
-1.321343179814366 -0.09779110595190328 -2.282495778237286
-1.443100319819959 -0.09779110595190328 -2.367221806988534
-1.569124813630155 -0.09779110595190328 -2.445459445310398
-1.699071236867276 -0.09779110595190328 -2.516994249274467
0.7180175785513661 -0.6305993611582534 -1.196225390625108
0.6503165649776244 -0.6305993611582534 -1.38917201060312
0.5726102874296721 -0.6305993611582534 -1.578311006660232
0.4851117334129715 -0.6305993611582534 -1.763123961955141
0.388060730382132 -0.6305993611582534 -1.943104317023575
0.2817232883905287 -0.6305993611582534 -2.117758758222572
0.1663908709752366 -0.6305993611582534 -2.286608569868888
0.04237959627573185 -0.6305993611582534 -2.449190946365406
-0.08997062942395129 -0.6305993611582534 -2.605060260719112
-0.2302970433547222 -0.6305993611582534 -2.753789285973705
-0.3782150205699661 -0.6305993611582534 -2.89497036620899
-0.5333191281757879 -0.6305993611582534 -3.02821653389742
-0.695184236594395 -0.6305993611582534 -3.153162570555188
-0.8633666848147175 -0.6305993611582534 -3.269466007780706
0.5404868845660209 -0.8190193745539071 -1.186921401198759
0.4735161038218845 -0.8190193745539071 -1.370589533338727
0.3970246568783162 -0.8190193745539071 -1.550500974836325
0.3112222014745334 -0.8190193745539071 -1.726162600935897
0.2163439161767418 -0.8190193745539071 -1.897092935330396
0.1126498557700337 -0.8190193745539071 -2.062823469854466
0.0004242384662997978 -0.8190193745539071 -2.222899948632767
-0.1200253331181393 -0.8190193745539071 -2.376883613163747
-0.2483687150799163 -0.8190193745539071 -2.524352404926199
-0.3842541271301143 -0.8190193745539071 -2.664902122212332
-0.5273091167995818 -0.8190193745539071 -2.798147528016557
-0.6771415803052658 -0.8190193745539071 -2.923723405943339
-0.8333408372794251 -0.8190193745539071 -3.041285561239952
-0.9954787564159684 -0.8190193745539071 -3.150511764210374
-0.6538975121402468 0.7937158352999959 -1.124326367357069
-0.715955459626854 0.7937158352999959 -1.245571034292179
-0.7842738144366344 0.7937158352999959 -1.363401677600876
-0.858665320707805 0.7937158352999959 -1.477495331680158
-0.9389260764925673 0.7937158352999959 -1.587539273754745
-1.024836092638172 0.7937158352999959 -1.693231881028473
-1.116159895761895 0.7937158352999959 -1.794283457411406
-1.212647173667214 0.7937158352999959 -1.890417027556689
-1.31403346143214 0.7937158352999959 -1.981369096030716
-1.420040866289184 0.7937158352999959 -2.066890369535799
-1.530378829310115 0.7937158352999959 -2.146746440205773
-1.644744921807793 0.7937158352999959 -2.220718428101659
-1.76282567427217 0.7937158352999959 -2.288603581146363
-1.884297435568435 0.7937158352999959 -2.350215830854029
0.03719754580795964 0.5395810283813354 -1.160545124617619
-0.02770306673201306 0.5395810283813354 -1.317909275717164
-0.1007505385642462 0.5395810283813354 -1.471661129098718
-0.1817446516459165 0.5395810283813354 -1.621379261619324
-0.2704634067428975 0.5395810283813354 -1.766653306284522
-0.3666636319142342 0.5395810283813354 -1.907085077035759
-0.4700816490295274 0.5395810283813354 -2.0422896601507
-0.5804339964923617 0.5395810283813354 -2.171896469264981
-0.6974182061888392 0.5395810283813354 -2.29555026112368
-0.8207136325316555 0.5395810283813354 -2.412912109278381
-0.9499823313273645 0.5395810283813354 -2.523660333061015
-1.084869986057925 0.5395810283813354 -2.627491379288207
-1.225006879037644 0.5395810283813354 -2.724120654279457
-1.370008904783663 0.5395810283813354 -2.813283303908632
-0.4578662246838601 -0.2544061269803148 -1.134599931802653
-0.5207305030562255 -0.2544061269803148 -1.26609000405731
-0.5903902867878039 -0.2544061269803148 -1.394109811615683
-0.6666546432533793 -0.2544061269803148 -1.518308461083802
-0.7493145371529506 -0.2544061269803148 -1.638345532596418
-0.8381434034629569 -0.2544061269803148 -1.753892012884188
-0.9328977684352617 -0.2544061269803148 -1.864631197076182
-1.033317916941771 -0.2544061269803148 -1.970259556765915
-1.139128604335547 -0.2544061269803148 -2.070487571961616
-1.250039810877255 -0.2544061269803148 -2.165040524640396
-1.365747536659107 -0.2544061269803148 -2.253659251731259
-1.485934634847481 -0.2544061269803148 -2.336100855463061
-1.610271680960344 -0.2544061269803148 -2.412139369130418
-1.738417875796864 -0.2544061269803148 -2.48156637645274
-0.140685643890559 -0.5491100812960076 -1.151222661673736
-0.2048545736885972 -0.5491100812960076 -1.29928990205233
-0.2766848028119782 -0.5491100812960076 -1.443795879121932
-0.3559794495955328 -0.5491100812960076 -1.584344512043882
-0.4425211729241316 -0.5491100812960076 -1.720550566784757
-0.5360727679495718 -0.5491100812960076 -1.852040712016078
-0.6363778162525797 -0.5491100812960076 -1.978454542389535
-0.7431613886678763 -0.5491100812960076 -2.099445566382991
-0.8561307988459048 -0.5491100812960076 -2.214682156009663
-0.9749764054857764 -0.5491100812960076 -2.323848455787382
-1.099372461040547 -0.5491100812960076 -2.426645248476513
-1.228978004568605 -0.5491100812960076 -2.522790775213614
-1.363437796283911 -0.5491100812960076 -2.612021507792891
-1.502383291243559 -0.5491100812960076 -2.694092870978696
0.06927865532239741 -0.776575275915913 -1.162226424324207
0.004246084308925369 -0.776575275915913 -1.321267266804709
-0.06902091639905272 -0.776575275915913 -1.476686607547061
-0.1503215270453229 -0.776575275915913 -1.628058452941354
-0.23943290830724 -0.776575275915913 -1.774967903281091
-0.3361108120828211 -0.776575275915913 -1.91701228997444
-0.440090250957816 -0.776575275915913 -2.05380227923086
-0.5510862245177903 -0.776575275915913 -2.184962939197955
-0.6687945005144518 -0.776575275915913 -2.310134767623619
-0.7928924487450959 -0.776575275915913 -2.428974677226726
-0.9230399253595647 -0.776575275915913 -2.541156936075514
-1.058880205170899 -0.776575275915913 -2.646374060396172
-1.200040959414276 -0.776575275915913 -2.744337657364491
-1.346135276274281 -0.776575275915913 -2.834779215570544
-0.5052135232640449 0.2418994939370709 -1.132118565029015
-0.5678830491063533 0.2418994939370709 -1.261134071763882
-0.6372188384566848 0.2418994939370709 -1.386692897668399
-0.7130308467359017 0.2418994939370709 -1.508450894728248
-0.7951112784989389 0.2418994939370709 -1.626074332736783
-0.8832351569876749 0.2418994939370709 -1.739240814026327
-0.9771609407765869 0.2418994939370709 -1.847640157137773
-1.076631185821011 0.2418994939370709 -1.950975247006396
-1.181373251093373 0.2418994939370709 -2.048962849333601
-1.291100045873293 0.2418994939370709 -2.141334386912445
-1.405510816643294 0.2418994939370709 -2.22783667577909
-1.524291971433293 0.2418994939370709 -2.308232619172452
-1.647117939354385 0.2418994939370709 -2.382301857399946
-1.773652062966028 0.2418994939370709 -2.449841371828078
-0.8872851773989354 0.6245109041894433 -1.112095038108807
-0.9483831368892641 0.6245109041894433 -1.221141901018936
-1.01510443559524 0.6245109041894433 -1.326841698858905
-1.08726619507485 0.6245109041894433 -1.428904715829938
-1.164670624961263 0.6245109041894433 -1.52705120429683
-1.247105565092478 0.6245109041894433 -1.621012151556771
-1.334345067027574 0.6245109041894433 -1.710530017184469
-1.426150013355694 0.6245109041894433 -1.795359438932548
-1.522268773100234 0.6245109041894433 -1.875267905252417
-1.622437891421869 0.6245109041894433 -1.950036392592264
-1.726382811729948 0.6245109041894433 -2.019459965725383
-1.83381862822303 0.6245109041894433 -2.083348339463389
-1.944450866795879 0.6245109041894433 -2.141526400214694
-2.05797629217252 0.6245109041894433 -2.193834685958685
-0.8937760474838026 -0.628974770798717 -1.111754866022044
-0.9548473082308195 -0.628974770798717 -1.220462489233456
-1.021524190349155 -0.628974770798717 -1.325824909595186
-1.093623937139577 -0.628974770798717 -1.427553336036675
-1.170948928207723 -0.628974770798717 -1.525368938012103
-1.253287221127871 -0.628974770798717 -1.619003609755535
-1.34041313236239 -0.628974770798717 -1.708200705140188
-1.432087855844636 -0.628974770798717 -1.792715741127627
-1.528060117529775 -0.628974770798717 -1.872317067878779
-1.628066864119478 -0.628974770798717 -1.946786503690038
-1.731833984072726 -0.628974770798717 -2.015919933014154
-1.839077058926492 -0.628974770798717 -2.079527865926755
-1.949502142866976 -0.628974770798717 -2.13743595750506
-2.062806568414651 -0.628974770798717 -2.189485485695196
$EndNodes
$Elements
63 2006 1 2006
0 1 15 1
711 1 
0 2 15 1
712 2 
0 3 15 1
713 3 
0 4 15 1
714 4 
0 5 15 1
715 5 
0 6 15 1
716 6 
0 7 15 1
717 7 
0 8 15 1
718 8 
0 9 15 1
719 9 
0 10 15 1
720 10 
0 11 15 1
721 11 
0 12 15 1
722 12 
0 13 15 1
723 13 
0 14 15 1
724 14 
0 15 15 1
725 15 
0 16 15 1
726 16 
0 17 15 1
727 17 
0 18 15 1
728 18 
0 19 15 1
729 19 
0 20 15 1
730 20 
1 1 1 4
731 1 21 
732 21 22 
733 22 23 
734 23 2 
1 2 1 4
735 1 24 
736 24 25 
737 25 26 
738 26 3 
1 3 1 2
739 2 27 
740 27 4 
1 4 1 4
741 3 28 
742 28 29 
743 29 30 
744 30 5 
1 5 1 4
745 4 31 
746 31 32 
747 32 33 
748 33 6 
1 6 1 4
749 7 34 
750 34 35 
751 35 36 
752 36 5 
1 7 1 2
753 6 37 
754 37 8 
1 8 1 2
755 9 38 
756 38 7 
1 9 1 4
757 8 39 
758 39 40 
759 40 41 
760 41 9 
1 10 1 8
761 10 42 
762 42 43 
763 43 44 
764 44 45 
765 45 46 
766 46 47 
767 47 48 
768 48 10 
1 11 1 15
769 1 49 
770 49 50 
771 50 51 
772 51 52 
773 52 53 
774 53 54 
775 54 55 
776 55 56 
777 56 57 
778 57 58 
779 58 59 
780 59 60 
781 60 61 
782 61 62 
783 62 11 
1 12 1 15
784 2 63 
785 63 64 
786 64 65 
787 65 66 
788 66 67 
789 67 68 
790 68 69 
791 69 70 
792 70 71 
793 71 72 
794 72 73 
795 73 74 
796 74 75 
797 75 76 
798 76 12 
1 13 1 4
799 11 77 
800 77 78 
801 78 79 
802 79 12 
1 14 1 15
803 3 80 
804 80 81 
805 81 82 
806 82 83 
807 83 84 
808 84 85 
809 85 86 
810 86 87 
811 87 88 
812 88 89 
813 89 90 
814 90 91 
815 91 92 
816 92 93 
817 93 13 
1 15 1 4
818 11 94 
819 94 95 
820 95 96 
821 96 13 
1 16 1 15
822 4 97 
823 97 98 
824 98 99 
825 99 100 
826 100 101 
827 101 102 
828 102 103 
829 103 104 
830 104 105 
831 105 106 
832 106 107 
833 107 108 
834 108 109 
835 109 110 
836 110 14 
1 17 1 2
837 12 111 
838 111 14 
1 18 1 15
839 5 112 
840 112 113 
841 113 114 
842 114 115 
843 115 116 
844 116 117 
845 117 118 
846 118 119 
847 119 120 
848 120 121 
849 121 122 
850 122 123 
851 123 124 
852 124 125 
853 125 15 
1 19 1 4
854 13 126 
855 126 127 
856 127 128 
857 128 15 
1 20 1 15
858 6 129 
859 129 130 
860 130 131 
861 131 132 
862 132 133 
863 133 134 
864 134 135 
865 135 136 
866 136 137 
867 137 138 
868 138 139 
869 139 140 
870 140 141 
871 141 142 
872 142 16 
1 21 1 4
873 14 143 
874 143 144 
875 144 145 
876 145 16 
1 22 1 15
877 7 146 
878 146 147 
879 147 148 
880 148 149 
881 149 150 
882 150 151 
883 151 152 
884 152 153 
885 153 154 
886 154 155 
887 155 156 
888 156 157 
889 157 158 
890 158 159 
891 159 17 
1 23 1 4
892 17 160 
893 160 161 
894 161 162 
895 162 15 
1 24 1 15
896 8 163 
897 163 164 
898 164 165 
899 165 166 
900 166 167 
901 167 168 
902 168 169 
903 169 170 
904 170 171 
905 171 172 
906 172 173 
907 173 174 
908 174 175 
909 175 176 
910 176 18 
1 25 1 2
911 16 177 
912 177 18 
1 26 1 15
913 9 178 
914 178 179 
915 179 180 
916 180 181 
917 181 182 
918 182 183 
919 183 184 
920 184 185 
921 185 186 
922 186 187 
923 187 188 
924 188 189 
925 189 190 
926 190 191 
927 191 19 
1 27 1 2
928 19 192 
929 192 17 
1 28 1 4
930 18 193 
931 193 194 
932 194 195 
933 195 19 
1 29 1 15
934 10 196 
935 196 197 
936 197 198 
937 198 199 
938 199 200 
939 200 201 
940 201 202 
941 202 203 
942 203 204 
943 204 205 
944 205 206 
945 206 207 
946 207 208 
947 208 209 
948 209 20 
1 30 1 8
949 20 210 
950 210 211 
951 211 212 
952 212 213 
953 213 214 
954 214 215 
955 215 216 
956 216 20 
2 1 3 70
1 219 238 248 224 
2 254 217 232 225 
3 234 225 232 246 
4 28 3 228 265 
5 227 220 232 217 
6 230 221 237 252 
7 48 47 234 239 
8 229 249 223 243 
9 218 230 261 226 
10 261 230 252 45 
11 255 10 37 8 
12 217 247 263 227 
13 26 262 257 3 
14 244 228 3 257 
15 32 231 259 31 
16 10 48 239 37 
17 29 28 265 229 
18 262 238 219 247 
19 218 240 221 230 
20 8 39 40 255 
21 258 250 220 231 
22 244 221 240 228 
23 242 245 260 223 
24 47 251 225 234 
25 260 233 243 223 
26 219 224 2 236 
27 35 36 266 233 
28 243 233 266 30 
29 240 218 249 229 
30 235 22 23 253 
31 229 243 30 29 
32 229 265 228 240 
33 245 242 38 7 
34 232 220 250 246 
35 238 25 24 248 
36 33 6 250 258 
37 237 251 47 46 
38 237 221 244 254 
39 248 24 267 235 
40 22 235 267 21 
41 237 46 45 252 
42 220 227 264 241 
43 223 249 218 242 
44 40 256 43 42 
45 40 42 10 255 
46 30 266 36 5 
47 233 260 34 35 
48 6 222 246 250 
49 25 238 262 26 
50 24 1 21 267 
51 248 235 253 224 
52 231 32 33 258 
53 241 4 31 259 
54 247 217 254 244 
55 239 234 246 222 
56 251 237 254 225 
57 224 253 23 2 
58 220 241 259 231 
59 7 34 260 245 
60 247 219 236 263 
61 4 241 264 27 
62 40 41 9 256 
63 236 264 227 263 
64 27 264 236 2 
65 6 37 239 222 
66 256 9 44 43 
67 38 226 44 9 
68 218 226 38 242 
69 45 44 226 261 
70 257 262 247 244 
2 2 3 60
71 1 49 268 21 
72 49 50 269 268 
73 50 51 270 269 
74 51 52 271 270 
75 52 53 272 271 
76 53 54 273 272 
77 54 55 274 273 
78 55 56 275 274 
79 56 57 276 275 
80 57 58 277 276 
81 58 59 278 277 
82 59 60 279 278 
83 60 61 280 279 
84 61 62 281 280 
85 62 11 77 281 
86 21 268 282 22 
87 268 269 283 282 
88 269 270 284 283 
89 270 271 285 284 
90 271 272 286 285 
91 272 273 287 286 
92 273 274 288 287 
93 274 275 289 288 
94 275 276 290 289 
95 276 277 291 290 
96 277 278 292 291 
97 278 279 293 292 
98 279 280 294 293 
99 280 281 295 294 
100 281 77 78 295 
101 22 282 296 23 
102 282 283 297 296 
103 283 284 298 297 
104 284 285 299 298 
105 285 286 300 299 
106 286 287 301 300 
107 287 288 302 301 
108 288 289 303 302 
109 289 290 304 303 
110 290 291 305 304 
111 291 292 306 305 
112 292 293 307 306 
113 293 294 308 307 
114 294 295 309 308 
115 295 78 79 309 
116 23 296 63 2 
117 296 297 64 63 
118 297 298 65 64 
119 298 299 66 65 
120 299 300 67 66 
121 300 301 68 67 
122 301 302 69 68 
123 302 303 70 69 
124 303 304 71 70 
125 304 305 72 71 
126 305 306 73 72 
127 306 307 74 73 
128 307 308 75 74 
129 308 309 76 75 
130 309 79 12 76 
2 3 3 60
131 1 24 310 49 
132 49 310 311 50 
133 50 311 312 51 
134 51 312 313 52 
135 52 313 314 53 
136 53 314 315 54 
137 54 315 316 55 
138 55 316 317 56 
139 56 317 318 57 
140 57 318 319 58 
141 58 319 320 59 
142 59 320 321 60 
143 60 321 322 61 
144 61 322 323 62 
145 62 323 94 11 
146 24 25 324 310 
147 310 324 325 311 
148 311 325 326 312 
149 312 326 327 313 
150 313 327 328 314 
151 314 328 329 315 
152 315 329 330 316 
153 316 330 331 317 
154 317 331 332 318 
155 318 332 333 319 
156 319 333 334 320 
157 320 334 335 321 
158 321 335 336 322 
159 322 336 337 323 
160 323 337 95 94 
161 25 26 338 324 
162 324 338 339 325 
163 325 339 340 326 
164 326 340 341 327 
165 327 341 342 328 
166 328 342 343 329 
167 329 343 344 330 
168 330 344 345 331 
169 331 345 346 332 
170 332 346 347 333 
171 333 347 348 334 
172 334 348 349 335 
173 335 349 350 336 
174 336 350 351 337 
175 337 351 96 95 
176 26 3 80 338 
177 338 80 81 339 
178 339 81 82 340 
179 340 82 83 341 
180 341 83 84 342 
181 342 84 85 343 
182 343 85 86 344 
183 344 86 87 345 
184 345 87 88 346 
185 346 88 89 347 
186 347 89 90 348 
187 348 90 91 349 
188 349 91 92 350 
189 350 92 93 351 
190 351 93 13 96 
2 4 3 30
191 2 63 352 27 
192 63 64 353 352 
193 64 65 354 353 
194 65 66 355 354 
195 66 67 356 355 
196 67 68 357 356 
197 68 69 358 357 
198 69 70 359 358 
199 70 71 360 359 
200 71 72 361 360 
201 72 73 362 361 
202 73 74 363 362 
203 74 75 364 363 
204 75 76 365 364 
205 76 12 111 365 
206 27 352 97 4 
207 352 353 98 97 
208 353 354 99 98 
209 354 355 100 99 
210 355 356 101 100 
211 356 357 102 101 
212 357 358 103 102 
213 358 359 104 103 
214 359 360 105 104 
215 360 361 106 105 
216 361 362 107 106 
217 362 363 108 107 
218 363 364 109 108 
219 364 365 110 109 
220 365 111 14 110 
2 5 3 60
221 3 28 366 80 
222 80 366 367 81 
223 81 367 368 82 
224 82 368 369 83 
225 83 369 370 84 
226 84 370 371 85 
227 85 371 372 86 
228 86 372 373 87 
229 87 373 374 88 
230 88 374 375 89 
231 89 375 376 90 
232 90 376 377 91 
233 91 377 378 92 
234 92 378 379 93 
235 93 379 126 13 
236 28 29 380 366 
237 366 380 381 367 
238 367 381 382 368 
239 368 382 383 369 
240 369 383 384 370 
241 370 384 385 371 
242 371 385 386 372 
243 372 386 387 373 
244 373 387 388 374 
245 374 388 389 375 
246 375 389 390 376 
247 376 390 391 377 
248 377 391 392 378 
249 378 392 393 379 
250 379 393 127 126 
251 29 30 394 380 
252 380 394 395 381 
253 381 395 396 382 
254 382 396 397 383 
255 383 397 398 384 
256 384 398 399 385 
257 385 399 400 386 
258 386 400 401 387 
259 387 401 402 388 
260 388 402 403 389 
261 389 403 404 390 
262 390 404 405 391 
263 391 405 406 392 
264 392 406 407 393 
265 393 407 128 127 
266 30 5 112 394 
267 394 112 113 395 
268 395 113 114 396 
269 396 114 115 397 
270 397 115 116 398 
271 398 116 117 399 
272 399 117 118 400 
273 400 118 119 401 
274 401 119 120 402 
275 402 120 121 403 
276 403 121 122 404 
277 404 122 123 405 
278 405 123 124 406 
279 406 124 125 407 
280 407 125 15 128 
2 6 3 60
281 4 97 408 31 
282 97 98 409 408 
283 98 99 410 409 
284 99 100 411 410 
285 100 101 412 411 
286 101 102 413 412 
287 102 103 414 413 
288 103 104 415 414 
289 104 105 416 415 
290 105 106 417 416 
291 106 107 418 417 
292 107 108 419 418 
293 108 109 420 419 
294 109 110 421 420 
295 110 14 143 421 
296 31 408 422 32 
297 408 409 423 422 
298 409 410 424 423 
299 410 411 425 424 
300 411 412 426 425 
301 412 413 427 426 
302 413 414 428 427 
303 414 415 429 428 
304 415 416 430 429 
305 416 417 431 430 
306 417 418 432 431 
307 418 419 433 432 
308 419 420 434 433 
309 420 421 435 434 
310 421 143 144 435 
311 32 422 436 33 
312 422 423 437 436 
313 423 424 438 437 
314 424 425 439 438 
315 425 426 440 439 
316 426 427 441 440 
317 427 428 442 441 
318 428 429 443 442 
319 429 430 444 443 
320 430 431 445 444 
321 431 432 446 445 
322 432 433 447 446 
323 433 434 448 447 
324 434 435 449 448 
325 435 144 145 449 
326 33 436 129 6 
327 436 437 130 129 
328 437 438 131 130 
329 438 439 132 131 
330 439 440 133 132 
331 440 441 134 133 
332 441 442 135 134 
333 442 443 136 135 
334 443 444 137 136 
335 444 445 138 137 
336 445 446 139 138 
337 446 447 140 139 
338 447 448 141 140 
339 448 449 142 141 
340 449 145 16 142 
2 7 3 60
341 7 146 450 34 
342 146 147 451 450 
343 147 148 452 451 
344 148 149 453 452 
345 149 150 454 453 
346 150 151 455 454 
347 151 152 456 455 
348 152 153 457 456 
349 153 154 458 457 
350 154 155 459 458 
351 155 156 460 459 
352 156 157 461 460 
353 157 158 462 461 
354 158 159 463 462 
355 159 17 160 463 
356 34 450 464 35 
357 450 451 465 464 
358 451 452 466 465 
359 452 453 467 466 
360 453 454 468 467 
361 454 455 469 468 
362 455 456 470 469 
363 456 457 471 470 
364 457 458 472 471 
365 458 459 473 472 
366 459 460 474 473 
367 460 461 475 474 
368 461 462 476 475 
369 462 463 477 476 
370 463 160 161 477 
371 35 464 478 36 
372 464 465 479 478 
373 465 466 480 479 
374 466 467 481 480 
375 467 468 482 481 
376 468 469 483 482 
377 469 470 484 483 
378 470 471 485 484 
379 471 472 486 485 
380 472 473 487 486 
381 473 474 488 487 
382 474 475 489 488 
383 475 476 490 489 
384 476 477 491 490 
385 477 161 162 491 
386 36 478 112 5 
387 478 479 113 112 
388 479 480 114 113 
389 480 481 115 114 
390 481 482 116 115 
391 482 483 117 116 
392 483 484 118 117 
393 484 485 119 118 
394 485 486 120 119 
395 486 487 121 120 
396 487 488 122 121 
397 488 489 123 122 
398 489 490 124 123 
399 490 491 125 124 
400 491 162 15 125 
2 8 3 30
401 6 129 492 37 
402 129 130 493 492 
403 130 131 494 493 
404 131 132 495 494 
405 132 133 496 495 
406 133 134 497 496 
407 134 135 498 497 
408 135 136 499 498 
409 136 137 500 499 
410 137 138 501 500 
411 138 139 502 501 
412 139 140 503 502 
413 140 141 504 503 
414 141 142 505 504 
415 142 16 177 505 
416 37 492 163 8 
417 492 493 164 163 
418 493 494 165 164 
419 494 495 166 165 
420 495 496 167 166 
421 496 497 168 167 
422 497 498 169 168 
423 498 499 170 169 
424 499 500 171 170 
425 500 501 172 171 
426 501 502 173 172 
427 502 503 174 173 
428 503 504 175 174 
429 504 505 176 175 
430 505 177 18 176 
2 9 3 30
431 9 178 506 38 
432 178 179 507 506 
433 179 180 508 507 
434 180 181 509 508 
435 181 182 510 509 
436 182 183 511 510 
437 183 184 512 511 
438 184 185 513 512 
439 185 186 514 513 
440 186 187 515 514 
441 187 188 516 515 
442 188 189 517 516 
443 189 190 518 517 
444 190 191 519 518 
445 191 19 192 519 
446 38 506 146 7 
447 506 507 147 146 
448 507 508 148 147 
449 508 509 149 148 
450 509 510 150 149 
451 510 511 151 150 
452 511 512 152 151 
453 512 513 153 152 
454 513 514 154 153 
455 514 515 155 154 
456 515 516 156 155 
457 516 517 157 156 
458 517 518 158 157 
459 518 519 159 158 
460 519 192 17 159 
2 10 3 60
461 8 163 520 39 
462 163 164 521 520 
463 164 165 522 521 
464 165 166 523 522 
465 166 167 524 523 
466 167 168 525 524 
467 168 169 526 525 
468 169 170 527 526 
469 170 171 528 527 
470 171 172 529 528 
471 172 173 530 529 
472 173 174 531 530 
473 174 175 532 531 
474 175 176 533 532 
475 176 18 193 533 
476 39 520 534 40 
477 520 521 535 534 
478 521 522 536 535 
479 522 523 537 536 
480 523 524 538 537 
481 524 525 539 538 
482 525 526 540 539 
483 526 527 541 540 
484 527 528 542 541 
485 528 529 543 542 
486 529 530 544 543 
487 530 531 545 544 
488 531 532 546 545 
489 532 533 547 546 
490 533 193 194 547 
491 40 534 548 41 
492 534 535 549 548 
493 535 536 550 549 
494 536 537 551 550 
495 537 538 552 551 
496 538 539 553 552 
497 539 540 554 553 
498 540 541 555 554 
499 541 542 556 555 
500 542 543 557 556 
501 543 544 558 557 
502 544 545 559 558 
503 545 546 560 559 
504 546 547 561 560 
505 547 194 195 561 
506 41 548 178 9 
507 548 549 179 178 
508 549 550 180 179 
509 550 551 181 180 
510 551 552 182 181 
511 552 553 183 182 
512 553 554 184 183 
513 554 555 185 184 
514 555 556 186 185 
515 556 557 187 186 
516 557 558 188 187 
517 558 559 189 188 
518 559 560 190 189 
519 560 561 191 190 
520 561 195 19 191 
2 11 3 120
521 10 42 562 196 
522 196 562 563 197 
523 197 563 564 198 
524 198 564 565 199 
525 199 565 566 200 
526 200 566 567 201 
527 201 567 568 202 
528 202 568 569 203 
529 203 569 570 204 
530 204 570 571 205 
531 205 571 572 206 
532 206 572 573 207 
533 207 573 574 208 
534 208 574 575 209 
535 209 575 210 20 
536 42 43 576 562 
537 562 576 577 563 
538 563 577 578 564 
539 564 578 579 565 
540 565 579 580 566 
541 566 580 581 567 
542 567 581 582 568 
543 568 582 583 569 
544 569 583 584 570 
545 570 584 585 571 
546 571 585 586 572 
547 572 586 587 573 
548 573 587 588 574 
549 574 588 589 575 
550 575 589 211 210 
551 43 44 590 576 
552 576 590 591 577 
553 577 591 592 578 
554 578 592 593 579 
555 579 593 594 580 
556 580 594 595 581 
557 581 595 596 582 
558 582 596 597 583 
559 583 597 598 584 
560 584 598 599 585 
561 585 599 600 586 
562 586 600 601 587 
563 587 601 602 588 
564 588 602 603 589 
565 589 603 212 211 
566 44 45 604 590 
567 590 604 605 591 
568 591 605 606 592 
569 592 606 607 593 
570 593 607 608 594 
571 594 608 609 595 
572 595 609 610 596 
573 596 610 611 597 
574 597 611 612 598 
575 598 612 613 599 
576 599 613 614 600 
577 600 614 615 601 
578 601 615 616 602 
579 602 616 617 603 
580 603 617 213 212 
581 45 46 618 604 
582 604 618 619 605 
583 605 619 620 606 
584 606 620 621 607 
585 607 621 622 608 
586 608 622 623 609 
587 609 623 624 610 
588 610 624 625 611 
589 611 625 626 612 
590 612 626 627 613 
591 613 627 628 614 
592 614 628 629 615 
593 615 629 630 616 
594 616 630 631 617 
595 617 631 214 213 
596 46 47 632 618 
597 618 632 633 619 
598 619 633 634 620 
599 620 634 635 621 
600 621 635 636 622 
601 622 636 637 623 
602 623 637 638 624 
603 624 638 639 625 
604 625 639 640 626 
605 626 640 641 627 
606 627 641 642 628 
607 628 642 643 629 
608 629 643 644 630 
609 630 644 645 631 
610 631 645 215 214 
611 47 48 646 632 
612 632 646 647 633 
613 633 647 648 634 
614 634 648 649 635 
615 635 649 650 636 
616 636 650 651 637 
617 637 651 652 638 
618 638 652 653 639 
619 639 653 654 640 
620 640 654 655 641 
621 641 655 656 642 
622 642 656 657 643 
623 643 657 658 644 
624 644 658 659 645 
625 645 659 216 215 
626 48 10 196 646 
627 646 196 197 647 
628 647 197 198 648 
629 648 198 199 649 
630 649 199 200 650 
631 650 200 201 651 
632 651 201 202 652 
633 652 202 203 653 
634 653 203 204 654 
635 654 204 205 655 
636 655 205 206 656 
637 656 206 207 657 
638 657 207 208 658 
639 658 208 209 659 
640 659 209 20 216 
2 12 3 70
641 662 667 691 681 
642 697 668 675 660 
643 677 689 675 668 
644 126 708 671 13 
645 670 660 675 663 
646 673 695 680 664 
647 216 682 677 215 
648 672 686 666 692 
649 661 669 704 673 
650 704 213 695 673 
651 698 18 177 20 
652 660 670 706 690 
653 96 13 700 705 
654 687 700 13 671 
655 144 143 702 674 
656 20 177 682 216 
657 127 672 708 126 
658 705 690 662 681 
659 661 673 664 683 
660 18 698 194 193 
661 701 674 663 693 
662 687 671 683 664 
663 685 666 703 688 
664 215 677 668 694 
665 703 666 686 676 
666 662 679 12 667 
667 161 676 709 162 
668 686 128 709 676 
669 683 672 692 661 
670 678 696 79 78 
671 672 127 128 686 
672 672 683 671 708 
673 688 17 192 685 
674 675 689 693 663 
675 681 691 94 95 
676 145 701 693 16 
677 680 214 215 694 
678 680 697 687 664 
679 691 678 710 94 
680 78 77 710 678 
681 680 695 213 214 
682 663 684 707 670 
683 666 685 661 692 
684 194 210 211 699 
685 194 698 20 210 
686 128 15 162 709 
687 676 161 160 703 
688 16 693 689 665 
689 95 96 705 681 
690 94 710 77 11 
691 691 667 696 678 
692 674 701 145 144 
693 684 702 143 14 
694 690 687 697 660 
695 682 665 689 677 
696 694 668 697 680 
697 667 12 79 696 
698 663 674 702 684 
699 17 688 703 160 
700 690 706 679 662 
701 14 111 707 684 
702 194 699 19 195 
703 679 706 670 707 
704 111 12 679 707 
705 16 665 682 177 
706 699 211 212 19 
707 192 19 212 669 
708 661 685 192 669 
709 213 704 669 212 
710 700 687 690 705 
3 1 5 1050
957 219 224 248 238 739 809 1145 1005 
958 739 809 1145 1005 740 810 1146 1006 
959 740 810 1146 1006 741 811 1147 1007 
960 741 811 1147 1007 742 812 1148 1008 
961 742 812 1148 1008 743 813 1149 1009 
962 743 813 1149 1009 744 814 1150 1010 
963 744 814 1150 1010 745 815 1151 1011 
964 745 815 1151 1011 746 816 1152 1012 
965 746 816 1152 1012 747 817 1153 1013 
966 747 817 1153 1013 748 818 1154 1014 
967 748 818 1154 1014 749 819 1155 1015 
968 749 819 1155 1015 750 820 1156 1016 
969 750 820 1156 1016 751 821 1157 1017 
970 751 821 1157 1017 752 822 1158 1018 
971 752 822 1158 1018 662 667 691 681 
972 254 225 232 217 1229 823 921 711 
973 1229 823 921 711 1230 824 922 712 
974 1230 824 922 712 1231 825 923 713 
975 1231 825 923 713 1232 826 924 714 
976 1232 826 924 714 1233 827 925 715 
977 1233 827 925 715 1234 828 926 716 
978 1234 828 926 716 1235 829 927 717 
979 1235 829 927 717 1236 830 928 718 
980 1236 830 928 718 1237 831 929 719 
981 1237 831 929 719 1238 832 930 720 
982 1238 832 930 720 1239 833 931 721 
983 1239 833 931 721 1240 834 932 722 
984 1240 834 932 722 1241 835 933 723 
985 1241 835 933 723 1242 836 934 724 
986 1242 836 934 724 697 668 675 660 
987 234 246 232 225 949 1117 921 823 
988 949 1117 921 823 950 1118 922 824 
989 950 1118 922 824 951 1119 923 825 
990 951 1119 923 825 952 1120 924 826 
991 952 1120 924 826 953 1121 925 827 
992 953 1121 925 827 954 1122 926 828 
993 954 1122 926 828 955 1123 927 829 
994 955 1123 927 829 956 1124 928 830 
995 956 1124 928 830 957 1125 929 831 
996 957 1125 929 831 958 1126 930 832 
997 958 1126 930 832 959 1127 931 833 
998 959 1127 931 833 960 1128 932 834 
999 960 1128 932 834 961 1129 933 835 
1000 961 1129 933 835 962 1130 934 836 
1001 962 1130 934 836 677 689 675 668 
1002 28 265 228 3 366 1383 865 80 
1003 366 1383 865 80 367 1384 866 81 
1004 367 1384 866 81 368 1385 867 82 
1005 368 1385 867 82 369 1386 868 83 
1006 369 1386 868 83 370 1387 869 84 
1007 370 1387 869 84 371 1388 870 85 
1008 371 1388 870 85 372 1389 871 86 
1009 372 1389 871 86 373 1390 872 87 
1010 373 1390 872 87 374 1391 873 88 
1011 374 1391 873 88 375 1392 874 89 
1012 375 1392 874 89 376 1393 875 90 
1013 376 1393 875 90 377 1394 876 91 
1014 377 1394 876 91 378 1395 877 92 
1015 378 1395 877 92 379 1396 878 93 
1016 379 1396 878 93 126 708 671 13 
1017 227 217 232 220 851 711 921 753 
1018 851 711 921 753 852 712 922 754 
1019 852 712 922 754 853 713 923 755 
1020 853 713 923 755 854 714 924 756 
1021 854 714 924 756 855 715 925 757 
1022 855 715 925 757 856 716 926 758 
1023 856 716 926 758 857 717 927 759 
1024 857 717 927 759 858 718 928 760 
1025 858 718 928 760 859 719 929 761 
1026 859 719 929 761 860 720 930 762 
1027 860 720 930 762 861 721 931 763 
1028 861 721 931 763 862 722 932 764 
1029 862 722 932 764 863 723 933 765 
1030 863 723 933 765 864 724 934 766 
1031 864 724 934 766 670 660 675 663 
1032 230 252 237 221 893 1201 991 767 
1033 893 1201 991 767 894 1202 992 768 
1034 894 1202 992 768 895 1203 993 769 
1035 895 1203 993 769 896 1204 994 770 
1036 896 1204 994 770 897 1205 995 771 
1037 897 1205 995 771 898 1206 996 772 
1038 898 1206 996 772 899 1207 997 773 
1039 899 1207 997 773 900 1208 998 774 
1040 900 1208 998 774 901 1209 999 775 
1041 901 1209 999 775 902 1210 1000 776 
1042 902 1210 1000 776 903 1211 1001 777 
1043 903 1211 1001 777 904 1212 1002 778 
1044 904 1212 1002 778 905 1213 1003 779 
1045 905 1213 1003 779 906 1214 1004 780 
1046 906 1214 1004 780 673 695 680 664 
1047 48 239 234 47 646 1019 949 632 
1048 646 1019 949 632 647 1020 950 633 
1049 647 1020 950 633 648 1021 951 634 
1050 648 1021 951 634 649 1022 952 635 
1051 649 1022 952 635 650 1023 953 636 
1052 650 1023 953 636 651 1024 954 637 
1053 651 1024 954 637 652 1025 955 638 
1054 652 1025 955 638 653 1026 956 639 
1055 653 1026 956 639 654 1027 957 640 
1056 654 1027 957 640 655 1028 958 641 
1057 655 1028 958 641 656 1029 959 642 
1058 656 1029 959 642 657 1030 960 643 
1059 657 1030 960 643 658 1031 961 644 
1060 658 1031 961 644 659 1032 962 645 
1061 659 1032 962 645 216 682 677 215 
1062 229 243 223 249 879 1075 795 1159 
1063 879 1075 795 1159 880 1076 796 1160 
1064 880 1076 796 1160 881 1077 797 1161 
1065 881 1077 797 1161 882 1078 798 1162 
1066 882 1078 798 1162 883 1079 799 1163 
1067 883 1079 799 1163 884 1080 800 1164 
1068 884 1080 800 1164 885 1081 801 1165 
1069 885 1081 801 1165 886 1082 802 1166 
1070 886 1082 802 1166 887 1083 803 1167 
1071 887 1083 803 1167 888 1084 804 1168 
1072 888 1084 804 1168 889 1085 805 1169 
1073 889 1085 805 1169 890 1086 806 1170 
1074 890 1086 806 1170 891 1087 807 1171 
1075 891 1087 807 1171 892 1088 808 1172 
1076 892 1088 808 1172 672 686 666 692 
1077 218 226 261 230 725 837 1327 893 
1078 725 837 1327 893 726 838 1328 894 
1079 726 838 1328 894 727 839 1329 895 
1080 727 839 1329 895 728 840 1330 896 
1081 728 840 1330 896 729 841 1331 897 
1082 729 841 1331 897 730 842 1332 898 
1083 730 842 1332 898 731 843 1333 899 
1084 731 843 1333 899 732 844 1334 900 
1085 732 844 1334 900 733 845 1335 901 
1086 733 845 1335 901 734 846 1336 902 
1087 734 846 1336 902 735 847 1337 903 
1088 735 847 1337 903 736 848 1338 904 
1089 736 848 1338 904 737 849 1339 905 
1090 737 849 1339 905 738 850 1340 906 
1091 738 850 1340 906 661 669 704 673 
1092 261 45 252 230 1327 604 1201 893 
1093 1327 604 1201 893 1328 605 1202 894 
1094 1328 605 1202 894 1329 606 1203 895 
1095 1329 606 1203 895 1330 607 1204 896 
1096 1330 607 1204 896 1331 608 1205 897 
1097 1331 608 1205 897 1332 609 1206 898 
1098 1332 609 1206 898 1333 610 1207 899 
1099 1333 610 1207 899 1334 611 1208 900 
1100 1334 611 1208 900 1335 612 1209 901 
1101 1335 612 1209 901 1336 613 1210 902 
1102 1336 613 1210 902 1337 614 1211 903 
1103 1337 614 1211 903 1338 615 1212 904 
1104 1338 615 1212 904 1339 616 1213 905 
1105 1339 616 1213 905 1340 617 1214 906 
1106 1340 617 1214 906 704 213 695 673 
1107 255 8 37 10 1243 163 492 196 
1108 1243 163 492 196 1244 164 493 197 
1109 1244 164 493 197 1245 165 494 198 
1110 1245 165 494 198 1246 166 495 199 
1111 1246 166 495 199 1247 167 496 200 
1112 1247 167 496 200 1248 168 497 201 
1113 1248 168 497 201 1249 169 498 202 
1114 1249 169 498 202 1250 170 499 203 
1115 1250 170 499 203 1251 171 500 204 
1116 1251 171 500 204 1252 172 501 205 
1117 1252 172 501 205 1253 173 502 206 
1118 1253 173 502 206 1254 174 503 207 
1119 1254 174 503 207 1255 175 504 208 
1120 1255 175 504 208 1256 176 505 209 
1121 1256 176 505 209 698 18 177 20 
1122 217 227 263 247 711 851 1355 1131 
1123 711 851 1355 1131 712 852 1356 1132 
1124 712 852 1356 1132 713 853 1357 1133 
1125 713 853 1357 1133 714 854 1358 1134 
1126 714 854 1358 1134 715 855 1359 1135 
1127 715 855 1359 1135 716 856 1360 1136 
1128 716 856 1360 1136 717 857 1361 1137 
1129 717 857 1361 1137 718 858 1362 1138 
1130 718 858 1362 1138 719 859 1363 1139 
1131 719 859 1363 1139 720 860 1364 1140 
1132 720 860 1364 1140 721 861 1365 1141 
1133 721 861 1365 1141 722 862 1366 1142 
1134 722 862 1366 1142 723 863 1367 1143 
1135 723 863 1367 1143 724 864 1368 1144 
1136 724 864 1368 1144 660 670 706 690 
1137 26 3 257 262 338 80 1271 1341 
1138 338 80 1271 1341 339 81 1272 1342 
1139 339 81 1272 1342 340 82 1273 1343 
1140 340 82 1273 1343 341 83 1274 1344 
1141 341 83 1274 1344 342 84 1275 1345 
1142 342 84 1275 1345 343 85 1276 1346 
1143 343 85 1276 1346 344 86 1277 1347 
1144 344 86 1277 1347 345 87 1278 1348 
1145 345 87 1278 1348 346 88 1279 1349 
1146 346 88 1279 1349 347 89 1280 1350 
1147 347 89 1280 1350 348 90 1281 1351 
1148 348 90 1281 1351 349 91 1282 1352 
1149 349 91 1282 1352 350 92 1283 1353 
1150 350 92 1283 1353 351 93 1284 1354 
1151 351 93 1284 1354 96 13 700 705 
1152 244 257 3 228 1089 1271 80 865 
1153 1089 1271 80 865 1090 1272 81 866 
1154 1090 1272 81 866 1091 1273 82 867 
1155 1091 1273 82 867 1092 1274 83 868 
1156 1092 1274 83 868 1093 1275 84 869 
1157 1093 1275 84 869 1094 1276 85 870 
1158 1094 1276 85 870 1095 1277 86 871 
1159 1095 1277 86 871 1096 1278 87 872 
1160 1096 1278 87 872 1097 1279 88 873 
1161 1097 1279 88 873 1098 1280 89 874 
1162 1098 1280 89 874 1099 1281 90 875 
1163 1099 1281 90 875 1100 1282 91 876 
1164 1100 1282 91 876 1101 1283 92 877 
1165 1101 1283 92 877 1102 1284 93 878 
1166 1102 1284 93 878 687 700 13 671 
1167 32 31 259 231 422 408 1299 907 
1168 422 408 1299 907 423 409 1300 908 
1169 423 409 1300 908 424 410 1301 909 
1170 424 410 1301 909 425 411 1302 910 
1171 425 411 1302 910 426 412 1303 911 
1172 426 412 1303 911 427 413 1304 912 
1173 427 413 1304 912 428 414 1305 913 
1174 428 414 1305 913 429 415 1306 914 
1175 429 415 1306 914 430 416 1307 915 
1176 430 416 1307 915 431 417 1308 916 
1177 431 417 1308 916 432 418 1309 917 
1178 432 418 1309 917 433 419 1310 918 
1179 433 419 1310 918 434 420 1311 919 
1180 434 420 1311 919 435 421 1312 920 
1181 435 421 1312 920 144 143 702 674 
1182 10 37 239 48 196 492 1019 646 
1183 196 492 1019 646 197 493 1020 647 
1184 197 493 1020 647 198 494 1021 648 
1185 198 494 1021 648 199 495 1022 649 
1186 199 495 1022 649 200 496 1023 650 
1187 200 496 1023 650 201 497 1024 651 
1188 201 497 1024 651 202 498 1025 652 
1189 202 498 1025 652 203 499 1026 653 
1190 203 499 1026 653 204 500 1027 654 
1191 204 500 1027 654 205 501 1028 655 
1192 205 501 1028 655 206 502 1029 656 
1193 206 502 1029 656 207 503 1030 657 
1194 207 503 1030 657 208 504 1031 658 
1195 208 504 1031 658 209 505 1032 659 
1196 209 505 1032 659 20 177 682 216 
1197 29 229 265 28 380 879 1383 366 
1198 380 879 1383 366 381 880 1384 367 
1199 381 880 1384 367 382 881 1385 368 
1200 382 881 1385 368 383 882 1386 369 
1201 383 882 1386 369 384 883 1387 370 
1202 384 883 1387 370 385 884 1388 371 
1203 385 884 1388 371 386 885 1389 372 
1204 386 885 1389 372 387 886 1390 373 
1205 387 886 1390 373 388 887 1391 374 
1206 388 887 1391 374 389 888 1392 375 
1207 389 888 1392 375 390 889 1393 376 
1208 390 889 1393 376 391 890 1394 377 
1209 391 890 1394 377 392 891 1395 378 
1210 392 891 1395 378 393 892 1396 379 
1211 393 892 1396 379 127 672 708 126 
1212 262 247 219 238 1341 1131 739 1005 
1213 1341 1131 739 1005 1342 1132 740 1006 
1214 1342 1132 740 1006 1343 1133 741 1007 
1215 1343 1133 741 1007 1344 1134 742 1008 
1216 1344 1134 742 1008 1345 1135 743 1009 
1217 1345 1135 743 1009 1346 1136 744 1010 
1218 1346 1136 744 1010 1347 1137 745 1011 
1219 1347 1137 745 1011 1348 1138 746 1012 
1220 1348 1138 746 1012 1349 1139 747 1013 
1221 1349 1139 747 1013 1350 1140 748 1014 
1222 1350 1140 748 1014 1351 1141 749 1015 
1223 1351 1141 749 1015 1352 1142 750 1016 
1224 1352 1142 750 1016 1353 1143 751 1017 
1225 1353 1143 751 1017 1354 1144 752 1018 
1226 1354 1144 752 1018 705 690 662 681 
1227 218 230 221 240 725 893 767 1033 
1228 725 893 767 1033 726 894 768 1034 
1229 726 894 768 1034 727 895 769 1035 
1230 727 895 769 1035 728 896 770 1036 
1231 728 896 770 1036 729 897 771 1037 
1232 729 897 771 1037 730 898 772 1038 
1233 730 898 772 1038 731 899 773 1039 
1234 731 899 773 1039 732 900 774 1040 
1235 732 900 774 1040 733 901 775 1041 
1236 733 901 775 1041 734 902 776 1042 
1237 734 902 776 1042 735 903 777 1043 
1238 735 903 777 1043 736 904 778 1044 
1239 736 904 778 1044 737 905 779 1045 
1240 737 905 779 1045 738 906 780 1046 
1241 738 906 780 1046 661 673 664 683 
1242 8 255 40 39 163 1243 534 520 
1243 163 1243 534 520 164 1244 535 521 
1244 164 1244 535 521 165 1245 536 522 
1245 165 1245 536 522 166 1246 537 523 
1246 166 1246 537 523 167 1247 538 524 
1247 167 1247 538 524 168 1248 539 525 
1248 168 1248 539 525 169 1249 540 526 
1249 169 1249 540 526 170 1250 541 527 
1250 170 1250 541 527 171 1251 542 528 
1251 171 1251 542 528 172 1252 543 529 
1252 172 1252 543 529 173 1253 544 530 
1253 173 1253 544 530 174 1254 545 531 
1254 174 1254 545 531 175 1255 546 532 
1255 175 1255 546 532 176 1256 547 533 
1256 176 1256 547 533 18 698 194 193 
1257 258 231 220 250 1285 907 753 1173 
1258 1285 907 753 1173 1286 908 754 1174 
1259 1286 908 754 1174 1287 909 755 1175 
1260 1287 909 755 1175 1288 910 756 1176 
1261 1288 910 756 1176 1289 911 757 1177 
1262 1289 911 757 1177 1290 912 758 1178 
1263 1290 912 758 1178 1291 913 759 1179 
1264 1291 913 759 1179 1292 914 760 1180 
1265 1292 914 760 1180 1293 915 761 1181 
1266 1293 915 761 1181 1294 916 762 1182 
1267 1294 916 762 1182 1295 917 763 1183 
1268 1295 917 763 1183 1296 918 764 1184 
1269 1296 918 764 1184 1297 919 765 1185 
1270 1297 919 765 1185 1298 920 766 1186 
1271 1298 920 766 1186 701 674 663 693 
1272 244 228 240 221 1089 865 1033 767 
1273 1089 865 1033 767 1090 866 1034 768 
1274 1090 866 1034 768 1091 867 1035 769 
1275 1091 867 1035 769 1092 868 1036 770 
1276 1092 868 1036 770 1093 869 1037 771 
1277 1093 869 1037 771 1094 870 1038 772 
1278 1094 870 1038 772 1095 871 1039 773 
1279 1095 871 1039 773 1096 872 1040 774 
1280 1096 872 1040 774 1097 873 1041 775 
1281 1097 873 1041 775 1098 874 1042 776 
1282 1098 874 1042 776 1099 875 1043 777 
1283 1099 875 1043 777 1100 876 1044 778 
1284 1100 876 1044 778 1101 877 1045 779 
1285 1101 877 1045 779 1102 878 1046 780 
1286 1102 878 1046 780 687 671 683 664 
1287 242 223 260 245 1061 795 1313 1103 
1288 1061 795 1313 1103 1062 796 1314 1104 
1289 1062 796 1314 1104 1063 797 1315 1105 
1290 1063 797 1315 1105 1064 798 1316 1106 
1291 1064 798 1316 1106 1065 799 1317 1107 
1292 1065 799 1317 1107 1066 800 1318 1108 
1293 1066 800 1318 1108 1067 801 1319 1109 
1294 1067 801 1319 1109 1068 802 1320 1110 
1295 1068 802 1320 1110 1069 803 1321 1111 
1296 1069 803 1321 1111 1070 804 1322 1112 
1297 1070 804 1322 1112 1071 805 1323 1113 
1298 1071 805 1323 1113 1072 806 1324 1114 
1299 1072 806 1324 1114 1073 807 1325 1115 
1300 1073 807 1325 1115 1074 808 1326 1116 
1301 1074 808 1326 1116 685 666 703 688 
1302 47 234 225 251 632 949 823 1187 
1303 632 949 823 1187 633 950 824 1188 
1304 633 950 824 1188 634 951 825 1189 
1305 634 951 825 1189 635 952 826 1190 
1306 635 952 826 1190 636 953 827 1191 
1307 636 953 827 1191 637 954 828 1192 
1308 637 954 828 1192 638 955 829 1193 
1309 638 955 829 1193 639 956 830 1194 
1310 639 956 830 1194 640 957 831 1195 
1311 640 957 831 1195 641 958 832 1196 
1312 641 958 832 1196 642 959 833 1197 
1313 642 959 833 1197 643 960 834 1198 
1314 643 960 834 1198 644 961 835 1199 
1315 644 961 835 1199 645 962 836 1200 
1316 645 962 836 1200 215 677 668 694 
1317 260 223 243 233 1313 795 1075 935 
1318 1313 795 1075 935 1314 796 1076 936 
1319 1314 796 1076 936 1315 797 1077 937 
1320 1315 797 1077 937 1316 798 1078 938 
1321 1316 798 1078 938 1317 799 1079 939 
1322 1317 799 1079 939 1318 800 1080 940 
1323 1318 800 1080 940 1319 801 1081 941 
1324 1319 801 1081 941 1320 802 1082 942 
1325 1320 802 1082 942 1321 803 1083 943 
1326 1321 803 1083 943 1322 804 1084 944 
1327 1322 804 1084 944 1323 805 1085 945 
1328 1323 805 1085 945 1324 806 1086 946 
1329 1324 806 1086 946 1325 807 1087 947 
1330 1325 807 1087 947 1326 808 1088 948 
1331 1326 808 1088 948 703 666 686 676 
1332 219 236 2 224 739 977 63 809 
1333 739 977 63 809 740 978 64 810 
1334 740 978 64 810 741 979 65 811 
1335 741 979 65 811 742 980 66 812 
1336 742 980 66 812 743 981 67 813 
1337 743 981 67 813 744 982 68 814 
1338 744 982 68 814 745 983 69 815 
1339 745 983 69 815 746 984 70 816 
1340 746 984 70 816 747 985 71 817 
1341 747 985 71 817 748 986 72 818 
1342 748 986 72 818 749 987 73 819 
1343 749 987 73 819 750 988 74 820 
1344 750 988 74 820 751 989 75 821 
1345 751 989 75 821 752 990 76 822 
1346 752 990 76 822 662 679 12 667 
1347 35 233 266 36 464 935 1397 478 
1348 464 935 1397 478 465 936 1398 479 
1349 465 936 1398 479 466 937 1399 480 
1350 466 937 1399 480 467 938 1400 481 
1351 467 938 1400 481 468 939 1401 482 
1352 468 939 1401 482 469 940 1402 483 
1353 469 940 1402 483 470 941 1403 484 
1354 470 941 1403 484 471 942 1404 485 
1355 471 942 1404 485 472 943 1405 486 
1356 472 943 1405 486 473 944 1406 487 
1357 473 944 1406 487 474 945 1407 488 
1358 474 945 1407 488 475 946 1408 489 
1359 475 946 1408 489 476 947 1409 490 
1360 476 947 1409 490 477 948 1410 491 
1361 477 948 1410 491 161 676 709 162 
1362 243 30 266 233 1075 394 1397 935 
1363 1075 394 1397 935 1076 395 1398 936 
1364 1076 395 1398 936 1077 396 1399 937 
1365 1077 396 1399 937 1078 397 1400 938 
1366 1078 397 1400 938 1079 398 1401 939 
1367 1079 398 1401 939 1080 399 1402 940 
1368 1080 399 1402 940 1081 400 1403 941 
1369 1081 400 1403 941 1082 401 1404 942 
1370 1082 401 1404 942 1083 402 1405 943 
1371 1083 402 1405 943 1084 403 1406 944 
1372 1084 403 1406 944 1085 404 1407 945 
1373 1085 404 1407 945 1086 405 1408 946 
1374 1086 405 1408 946 1087 406 1409 947 
1375 1087 406 1409 947 1088 407 1410 948 
1376 1088 407 1410 948 686 128 709 676 
1377 240 229 249 218 1033 879 1159 725 
1378 1033 879 1159 725 1034 880 1160 726 
1379 1034 880 1160 726 1035 881 1161 727 
1380 1035 881 1161 727 1036 882 1162 728 
1381 1036 882 1162 728 1037 883 1163 729 
1382 1037 883 1163 729 1038 884 1164 730 
1383 1038 884 1164 730 1039 885 1165 731 
1384 1039 885 1165 731 1040 886 1166 732 
1385 1040 886 1166 732 1041 887 1167 733 
1386 1041 887 1167 733 1042 888 1168 734 
1387 1042 888 1168 734 1043 889 1169 735 
1388 1043 889 1169 735 1044 890 1170 736 
1389 1044 890 1170 736 1045 891 1171 737 
1390 1045 891 1171 737 1046 892 1172 738 
1391 1046 892 1172 738 683 672 692 661 
1392 235 253 23 22 963 1215 296 282 
1393 963 1215 296 282 964 1216 297 283 
1394 964 1216 297 283 965 1217 298 284 
1395 965 1217 298 284 966 1218 299 285 
1396 966 1218 299 285 967 1219 300 286 
1397 967 1219 300 286 968 1220 301 287 
1398 968 1220 301 287 969 1221 302 288 
1399 969 1221 302 288 970 1222 303 289 
1400 970 1222 303 289 971 1223 304 290 
1401 971 1223 304 290 972 1224 305 291 
1402 972 1224 305 291 973 1225 306 292 
1403 973 1225 306 292 974 1226 307 293 
1404 974 1226 307 293 975 1227 308 294 
1405 975 1227 308 294 976 1228 309 295 
1406 976 1228 309 295 678 696 79 78 
1407 229 29 30 243 879 380 394 1075 
1408 879 380 394 1075 880 381 395 1076 
1409 880 381 395 1076 881 382 396 1077 
1410 881 382 396 1077 882 383 397 1078 
1411 882 383 397 1078 883 384 398 1079 
1412 883 384 398 1079 884 385 399 1080 
1413 884 385 399 1080 885 386 400 1081 
1414 885 386 400 1081 886 387 401 1082 
1415 886 387 401 1082 887 388 402 1083 
1416 887 388 402 1083 888 389 403 1084 
1417 888 389 403 1084 889 390 404 1085 
1418 889 390 404 1085 890 391 405 1086 
1419 890 391 405 1086 891 392 406 1087 
1420 891 392 406 1087 892 393 407 1088 
1421 892 393 407 1088 672 127 128 686 
1422 229 240 228 265 879 1033 865 1383 
1423 879 1033 865 1383 880 1034 866 1384 
1424 880 1034 866 1384 881 1035 867 1385 
1425 881 1035 867 1385 882 1036 868 1386 
1426 882 1036 868 1386 883 1037 869 1387 
1427 883 1037 869 1387 884 1038 870 1388 
1428 884 1038 870 1388 885 1039 871 1389 
1429 885 1039 871 1389 886 1040 872 1390 
1430 886 1040 872 1390 887 1041 873 1391 
1431 887 1041 873 1391 888 1042 874 1392 
1432 888 1042 874 1392 889 1043 875 1393 
1433 889 1043 875 1393 890 1044 876 1394 
1434 890 1044 876 1394 891 1045 877 1395 
1435 891 1045 877 1395 892 1046 878 1396 
1436 892 1046 878 1396 672 683 671 708 
1437 245 7 38 242 1103 146 506 1061 
1438 1103 146 506 1061 1104 147 507 1062 
1439 1104 147 507 1062 1105 148 508 1063 
1440 1105 148 508 1063 1106 149 509 1064 
1441 1106 149 509 1064 1107 150 510 1065 
1442 1107 150 510 1065 1108 151 511 1066 
1443 1108 151 511 1066 1109 152 512 1067 
1444 1109 152 512 1067 1110 153 513 1068 
1445 1110 153 513 1068 1111 154 514 1069 
1446 1111 154 514 1069 1112 155 515 1070 
1447 1112 155 515 1070 1113 156 516 1071 
1448 1113 156 516 1071 1114 157 517 1072 
1449 1114 157 517 1072 1115 158 518 1073 
1450 1115 158 518 1073 1116 159 519 1074 
1451 1116 159 519 1074 688 17 192 685 
1452 232 246 250 220 921 1117 1173 753 
1453 921 1117 1173 753 922 1118 1174 754 
1454 922 1118 1174 754 923 1119 1175 755 
1455 923 1119 1175 755 924 1120 1176 756 
1456 924 1120 1176 756 925 1121 1177 757 
1457 925 1121 1177 757 926 1122 1178 758 
1458 926 1122 1178 758 927 1123 1179 759 
1459 927 1123 1179 759 928 1124 1180 760 
1460 928 1124 1180 760 929 1125 1181 761 
1461 929 1125 1181 761 930 1126 1182 762 
1462 930 1126 1182 762 931 1127 1183 763 
1463 931 1127 1183 763 932 1128 1184 764 
1464 932 1128 1184 764 933 1129 1185 765 
1465 933 1129 1185 765 934 1130 1186 766 
1466 934 1130 1186 766 675 689 693 663 
1467 238 248 24 25 1005 1145 310 324 
1468 1005 1145 310 324 1006 1146 311 325 
1469 1006 1146 311 325 1007 1147 312 326 
1470 1007 1147 312 326 1008 1148 313 327 
1471 1008 1148 313 327 1009 1149 314 328 
1472 1009 1149 314 328 1010 1150 315 329 
1473 1010 1150 315 329 1011 1151 316 330 
1474 1011 1151 316 330 1012 1152 317 331 
1475 1012 1152 317 331 1013 1153 318 332 
1476 1013 1153 318 332 1014 1154 319 333 
1477 1014 1154 319 333 1015 1155 320 334 
1478 1015 1155 320 334 1016 1156 321 335 
1479 1016 1156 321 335 1017 1157 322 336 
1480 1017 1157 322 336 1018 1158 323 337 
1481 1018 1158 323 337 681 691 94 95 
1482 33 258 250 6 436 1285 1173 129 
1483 436 1285 1173 129 437 1286 1174 130 
1484 437 1286 1174 130 438 1287 1175 131 
1485 438 1287 1175 131 439 1288 1176 132 
1486 439 1288 1176 132 440 1289 1177 133 
1487 440 1289 1177 133 441 1290 1178 134 
1488 441 1290 1178 134 442 1291 1179 135 
1489 442 1291 1179 135 443 1292 1180 136 
1490 443 1292 1180 136 444 1293 1181 137 
1491 444 1293 1181 137 445 1294 1182 138 
1492 445 1294 1182 138 446 1295 1183 139 
1493 446 1295 1183 139 447 1296 1184 140 
1494 447 1296 1184 140 448 1297 1185 141 
1495 448 1297 1185 141 449 1298 1186 142 
1496 449 1298 1186 142 145 701 693 16 
1497 237 46 47 251 991 618 632 1187 
1498 991 618 632 1187 992 619 633 1188 
1499 992 619 633 1188 993 620 634 1189 
1500 993 620 634 1189 994 621 635 1190 
1501 994 621 635 1190 995 622 636 1191 
1502 995 622 636 1191 996 623 637 1192 
1503 996 623 637 1192 997 624 638 1193 
1504 997 624 638 1193 998 625 639 1194 
1505 998 625 639 1194 999 626 640 1195 
1506 999 626 640 1195 1000 627 641 1196 
1507 1000 627 641 1196 1001 628 642 1197 
1508 1001 628 642 1197 1002 629 643 1198 
1509 1002 629 643 1198 1003 630 644 1199 
1510 1003 630 644 1199 1004 631 645 1200 
1511 1004 631 645 1200 680 214 215 694 
1512 237 254 244 221 991 1229 1089 767 
1513 991 1229 1089 767 992 1230 1090 768 
1514 992 1230 1090 768 993 1231 1091 769 
1515 993 1231 1091 769 994 1232 1092 770 
1516 994 1232 1092 770 995 1233 1093 771 
1517 995 1233 1093 771 996 1234 1094 772 
1518 996 1234 1094 772 997 1235 1095 773 
1519 997 1235 1095 773 998 1236 1096 774 
1520 998 1236 1096 774 999 1237 1097 775 
1521 999 1237 1097 775 1000 1238 1098 776 
1522 1000 1238 1098 776 1001 1239 1099 777 
1523 1001 1239 1099 777 1002 1240 1100 778 
1524 1002 1240 1100 778 1003 1241 1101 779 
1525 1003 1241 1101 779 1004 1242 1102 780 
1526 1004 1242 1102 780 680 697 687 664 
1527 248 235 267 24 1145 963 1411 310 
1528 1145 963 1411 310 1146 964 1412 311 
1529 1146 964 1412 311 1147 965 1413 312 
1530 1147 965 1413 312 1148 966 1414 313 
1531 1148 966 1414 313 1149 967 1415 314 
1532 1149 967 1415 314 1150 968 1416 315 
1533 1150 968 1416 315 1151 969 1417 316 
1534 1151 969 1417 316 1152 970 1418 317 
1535 1152 970 1418 317 1153 971 1419 318 
1536 1153 971 1419 318 1154 972 1420 319 
1537 1154 972 1420 319 1155 973 1421 320 
1538 1155 973 1421 320 1156 974 1422 321 
1539 1156 974 1422 321 1157 975 1423 322 
1540 1157 975 1423 322 1158 976 1424 323 
1541 1158 976 1424 323 691 678 710 94 
1542 22 21 267 235 282 268 1411 963 
1543 282 268 1411 963 283 269 1412 964 
1544 283 269 1412 964 284 270 1413 965 
1545 284 270 1413 965 285 271 1414 966 
1546 285 271 1414 966 286 272 1415 967 
1547 286 272 1415 967 287 273 1416 968 
1548 287 273 1416 968 288 274 1417 969 
1549 288 274 1417 969 289 275 1418 970 
1550 289 275 1418 970 290 276 1419 971 
1551 290 276 1419 971 291 277 1420 972 
1552 291 277 1420 972 292 278 1421 973 
1553 292 278 1421 973 293 279 1422 974 
1554 293 279 1422 974 294 280 1423 975 
1555 294 280 1423 975 295 281 1424 976 
1556 295 281 1424 976 78 77 710 678 
1557 237 252 45 46 991 1201 604 618 
1558 991 1201 604 618 992 1202 605 619 
1559 992 1202 605 619 993 1203 606 620 
1560 993 1203 606 620 994 1204 607 621 
1561 994 1204 607 621 995 1205 608 622 
1562 995 1205 608 622 996 1206 609 623 
1563 996 1206 609 623 997 1207 610 624 
1564 997 1207 610 624 998 1208 611 625 
1565 998 1208 611 625 999 1209 612 626 
1566 999 1209 612 626 1000 1210 613 627 
1567 1000 1210 613 627 1001 1211 614 628 
1568 1001 1211 614 628 1002 1212 615 629 
1569 1002 1212 615 629 1003 1213 616 630 
1570 1003 1213 616 630 1004 1214 617 631 
1571 1004 1214 617 631 680 695 213 214 
1572 220 241 264 227 753 1047 1369 851 
1573 753 1047 1369 851 754 1048 1370 852 
1574 754 1048 1370 852 755 1049 1371 853 
1575 755 1049 1371 853 756 1050 1372 854 
1576 756 1050 1372 854 757 1051 1373 855 
1577 757 1051 1373 855 758 1052 1374 856 
1578 758 1052 1374 856 759 1053 1375 857 
1579 759 1053 1375 857 760 1054 1376 858 
1580 760 1054 1376 858 761 1055 1377 859 
1581 761 1055 1377 859 762 1056 1378 860 
1582 762 1056 1378 860 763 1057 1379 861 
1583 763 1057 1379 861 764 1058 1380 862 
1584 764 1058 1380 862 765 1059 1381 863 
1585 765 1059 1381 863 766 1060 1382 864 
1586 766 1060 1382 864 663 684 707 670 
1587 223 242 218 249 795 1061 725 1159 
1588 795 1061 725 1159 796 1062 726 1160 
1589 796 1062 726 1160 797 1063 727 1161 
1590 797 1063 727 1161 798 1064 728 1162 
1591 798 1064 728 1162 799 1065 729 1163 
1592 799 1065 729 1163 800 1066 730 1164 
1593 800 1066 730 1164 801 1067 731 1165 
1594 801 1067 731 1165 802 1068 732 1166 
1595 802 1068 732 1166 803 1069 733 1167 
1596 803 1069 733 1167 804 1070 734 1168 
1597 804 1070 734 1168 805 1071 735 1169 
1598 805 1071 735 1169 806 1072 736 1170 
1599 806 1072 736 1170 807 1073 737 1171 
1600 807 1073 737 1171 808 1074 738 1172 
1601 808 1074 738 1172 666 685 661 692 
1602 40 42 43 256 534 562 576 1257 
1603 534 562 576 1257 535 563 577 1258 
1604 535 563 577 1258 536 564 578 1259 
1605 536 564 578 1259 537 565 579 1260 
1606 537 565 579 1260 538 566 580 1261 
1607 538 566 580 1261 539 567 581 1262 
1608 539 567 581 1262 540 568 582 1263 
1609 540 568 582 1263 541 569 583 1264 
1610 541 569 583 1264 542 570 584 1265 
1611 542 570 584 1265 543 571 585 1266 
1612 543 571 585 1266 544 572 586 1267 
1613 544 572 586 1267 545 573 587 1268 
1614 545 573 587 1268 546 574 588 1269 
1615 546 574 588 1269 547 575 589 1270 
1616 547 575 589 1270 194 210 211 699 
1617 40 255 10 42 534 1243 196 562 
1618 534 1243 196 562 535 1244 197 563 
1619 535 1244 197 563 536 1245 198 564 
1620 536 1245 198 564 537 1246 199 565 
1621 537 1246 199 565 538 1247 200 566 
1622 538 1247 200 566 539 1248 201 567 
1623 539 1248 201 567 540 1249 202 568 
1624 540 1249 202 568 541 1250 203 569 
1625 541 1250 203 569 542 1251 204 570 
1626 542 1251 204 570 543 1252 205 571 
1627 543 1252 205 571 544 1253 206 572 
1628 544 1253 206 572 545 1254 207 573 
1629 545 1254 207 573 546 1255 208 574 
1630 546 1255 208 574 547 1256 209 575 
1631 547 1256 209 575 194 698 20 210 
1632 30 5 36 266 394 112 478 1397 
1633 394 112 478 1397 395 113 479 1398 
1634 395 113 479 1398 396 114 480 1399 
1635 396 114 480 1399 397 115 481 1400 
1636 397 115 481 1400 398 116 482 1401 
1637 398 116 482 1401 399 117 483 1402 
1638 399 117 483 1402 400 118 484 1403 
1639 400 118 484 1403 401 119 485 1404 
1640 401 119 485 1404 402 120 486 1405 
1641 402 120 486 1405 403 121 487 1406 
1642 403 121 487 1406 404 122 488 1407 
1643 404 122 488 1407 405 123 489 1408 
1644 405 123 489 1408 406 124 490 1409 
1645 406 124 490 1409 407 125 491 1410 
1646 407 125 491 1410 128 15 162 709 
1647 233 35 34 260 935 464 450 1313 
1648 935 464 450 1313 936 465 451 1314 
1649 936 465 451 1314 937 466 452 1315 
1650 937 466 452 1315 938 467 453 1316 
1651 938 467 453 1316 939 468 454 1317 
1652 939 468 454 1317 940 469 455 1318 
1653 940 469 455 1318 941 470 456 1319 
1654 941 470 456 1319 942 471 457 1320 
1655 942 471 457 1320 943 472 458 1321 
1656 943 472 458 1321 944 473 459 1322 
1657 944 473 459 1322 945 474 460 1323 
1658 945 474 460 1323 946 475 461 1324 
1659 946 475 461 1324 947 476 462 1325 
1660 947 476 462 1325 948 477 463 1326 
1661 948 477 463 1326 676 161 160 703 
1662 6 250 246 222 129 1173 1117 781 
1663 129 1173 1117 781 130 1174 1118 782 
1664 130 1174 1118 782 131 1175 1119 783 
1665 131 1175 1119 783 132 1176 1120 784 
1666 132 1176 1120 784 133 1177 1121 785 
1667 133 1177 1121 785 134 1178 1122 786 
1668 134 1178 1122 786 135 1179 1123 787 
1669 135 1179 1123 787 136 1180 1124 788 
1670 136 1180 1124 788 137 1181 1125 789 
1671 137 1181 1125 789 138 1182 1126 790 
1672 138 1182 1126 790 139 1183 1127 791 
1673 139 1183 1127 791 140 1184 1128 792 
1674 140 1184 1128 792 141 1185 1129 793 
1675 141 1185 1129 793 142 1186 1130 794 
1676 142 1186 1130 794 16 693 689 665 
1677 25 26 262 238 324 338 1341 1005 
1678 324 338 1341 1005 325 339 1342 1006 
1679 325 339 1342 1006 326 340 1343 1007 
1680 326 340 1343 1007 327 341 1344 1008 
1681 327 341 1344 1008 328 342 1345 1009 
1682 328 342 1345 1009 329 343 1346 1010 
1683 329 343 1346 1010 330 344 1347 1011 
1684 330 344 1347 1011 331 345 1348 1012 
1685 331 345 1348 1012 332 346 1349 1013 
1686 332 346 1349 1013 333 347 1350 1014 
1687 333 347 1350 1014 334 348 1351 1015 
1688 334 348 1351 1015 335 349 1352 1016 
1689 335 349 1352 1016 336 350 1353 1017 
1690 336 350 1353 1017 337 351 1354 1018 
1691 337 351 1354 1018 95 96 705 681 
1692 24 267 21 1 310 1411 268 49 
1693 310 1411 268 49 311 1412 269 50 
1694 311 1412 269 50 312 1413 270 51 
1695 312 1413 270 51 313 1414 271 52 
1696 313 1414 271 52 314 1415 272 53 
1697 314 1415 272 53 315 1416 273 54 
1698 315 1416 273 54 316 1417 274 55 
1699 316 1417 274 55 317 1418 275 56 
1700 317 1418 275 56 318 1419 276 57 
1701 318 1419 276 57 319 1420 277 58 
1702 319 1420 277 58 320 1421 278 59 
1703 320 1421 278 59 321 1422 279 60 
1704 321 1422 279 60 322 1423 280 61 
1705 322 1423 280 61 323 1424 281 62 
1706 323 1424 281 62 94 710 77 11 
1707 248 224 253 235 1145 809 1215 963 
1708 1145 809 1215 963 1146 810 1216 964 
1709 1146 810 1216 964 1147 811 1217 965 
1710 1147 811 1217 965 1148 812 1218 966 
1711 1148 812 1218 966 1149 813 1219 967 
1712 1149 813 1219 967 1150 814 1220 968 
1713 1150 814 1220 968 1151 815 1221 969 
1714 1151 815 1221 969 1152 816 1222 970 
1715 1152 816 1222 970 1153 817 1223 971 
1716 1153 817 1223 971 1154 818 1224 972 
1717 1154 818 1224 972 1155 819 1225 973 
1718 1155 819 1225 973 1156 820 1226 974 
1719 1156 820 1226 974 1157 821 1227 975 
1720 1157 821 1227 975 1158 822 1228 976 
1721 1158 822 1228 976 691 667 696 678 
1722 231 258 33 32 907 1285 436 422 
1723 907 1285 436 422 908 1286 437 423 
1724 908 1286 437 423 909 1287 438 424 
1725 909 1287 438 424 910 1288 439 425 
1726 910 1288 439 425 911 1289 440 426 
1727 911 1289 440 426 912 1290 441 427 
1728 912 1290 441 427 913 1291 442 428 
1729 913 1291 442 428 914 1292 443 429 
1730 914 1292 443 429 915 1293 444 430 
1731 915 1293 444 430 916 1294 445 431 
1732 916 1294 445 431 917 1295 446 432 
1733 917 1295 446 432 918 1296 447 433 
1734 918 1296 447 433 919 1297 448 434 
1735 919 1297 448 434 920 1298 449 435 
1736 920 1298 449 435 674 701 145 144 
1737 241 259 31 4 1047 1299 408 97 
1738 1047 1299 408 97 1048 1300 409 98 
1739 1048 1300 409 98 1049 1301 410 99 
1740 1049 1301 410 99 1050 1302 411 100 
1741 1050 1302 411 100 1051 1303 412 101 
1742 1051 1303 412 101 1052 1304 413 102 
1743 1052 1304 413 102 1053 1305 414 103 
1744 1053 1305 414 103 1054 1306 415 104 
1745 1054 1306 415 104 1055 1307 416 105 
1746 1055 1307 416 105 1056 1308 417 106 
1747 1056 1308 417 106 1057 1309 418 107 
1748 1057 1309 418 107 1058 1310 419 108 
1749 1058 1310 419 108 1059 1311 420 109 
1750 1059 1311 420 109 1060 1312 421 110 
1751 1060 1312 421 110 684 702 143 14 
1752 247 244 254 217 1131 1089 1229 711 
1753 1131 1089 1229 711 1132 1090 1230 712 
1754 1132 1090 1230 712 1133 1091 1231 713 
1755 1133 1091 1231 713 1134 1092 1232 714 
1756 1134 1092 1232 714 1135 1093 1233 715 
1757 1135 1093 1233 715 1136 1094 1234 716 
1758 1136 1094 1234 716 1137 1095 1235 717 
1759 1137 1095 1235 717 1138 1096 1236 718 
1760 1138 1096 1236 718 1139 1097 1237 719 
1761 1139 1097 1237 719 1140 1098 1238 720 
1762 1140 1098 1238 720 1141 1099 1239 721 
1763 1141 1099 1239 721 1142 1100 1240 722 
1764 1142 1100 1240 722 1143 1101 1241 723 
1765 1143 1101 1241 723 1144 1102 1242 724 
1766 1144 1102 1242 724 690 687 697 660 
1767 239 222 246 234 1019 781 1117 949 
1768 1019 781 1117 949 1020 782 1118 950 
1769 1020 782 1118 950 1021 783 1119 951 
1770 1021 783 1119 951 1022 784 1120 952 
1771 1022 784 1120 952 1023 785 1121 953 
1772 1023 785 1121 953 1024 786 1122 954 
1773 1024 786 1122 954 1025 787 1123 955 
1774 1025 787 1123 955 1026 788 1124 956 
1775 1026 788 1124 956 1027 789 1125 957 
1776 1027 789 1125 957 1028 790 1126 958 
1777 1028 790 1126 958 1029 791 1127 959 
1778 1029 791 1127 959 1030 792 1128 960 
1779 1030 792 1128 960 1031 793 1129 961 
1780 1031 793 1129 961 1032 794 1130 962 
1781 1032 794 1130 962 682 665 689 677 
1782 251 225 254 237 1187 823 1229 991 
1783 1187 823 1229 991 1188 824 1230 992 
1784 1188 824 1230 992 1189 825 1231 993 
1785 1189 825 1231 993 1190 826 1232 994 
1786 1190 826 1232 994 1191 827 1233 995 
1787 1191 827 1233 995 1192 828 1234 996 
1788 1192 828 1234 996 1193 829 1235 997 
1789 1193 829 1235 997 1194 830 1236 998 
1790 1194 830 1236 998 1195 831 1237 999 
1791 1195 831 1237 999 1196 832 1238 1000 
1792 1196 832 1238 1000 1197 833 1239 1001 
1793 1197 833 1239 1001 1198 834 1240 1002 
1794 1198 834 1240 1002 1199 835 1241 1003 
1795 1199 835 1241 1003 1200 836 1242 1004 
1796 1200 836 1242 1004 694 668 697 680 
1797 224 2 23 253 809 63 296 1215 
1798 809 63 296 1215 810 64 297 1216 
1799 810 64 297 1216 811 65 298 1217 
1800 811 65 298 1217 812 66 299 1218 
1801 812 66 299 1218 813 67 300 1219 
1802 813 67 300 1219 814 68 301 1220 
1803 814 68 301 1220 815 69 302 1221 
1804 815 69 302 1221 816 70 303 1222 
1805 816 70 303 1222 817 71 304 1223 
1806 817 71 304 1223 818 72 305 1224 
1807 818 72 305 1224 819 73 306 1225 
1808 819 73 306 1225 820 74 307 1226 
1809 820 74 307 1226 821 75 308 1227 
1810 821 75 308 1227 822 76 309 1228 
1811 822 76 309 1228 667 12 79 696 
1812 220 231 259 241 753 907 1299 1047 
1813 753 907 1299 1047 754 908 1300 1048 
1814 754 908 1300 1048 755 909 1301 1049 
1815 755 909 1301 1049 756 910 1302 1050 
1816 756 910 1302 1050 757 911 1303 1051 
1817 757 911 1303 1051 758 912 1304 1052 
1818 758 912 1304 1052 759 913 1305 1053 
1819 759 913 1305 1053 760 914 1306 1054 
1820 760 914 1306 1054 761 915 1307 1055 
1821 761 915 1307 1055 762 916 1308 1056 
1822 762 916 1308 1056 763 917 1309 1057 
1823 763 917 1309 1057 764 918 1310 1058 
1824 764 918 1310 1058 765 919 1311 1059 
1825 765 919 1311 1059 766 920 1312 1060 
1826 766 920 1312 1060 663 674 702 684 
1827 7 245 260 34 146 1103 1313 450 
1828 146 1103 1313 450 147 1104 1314 451 
1829 147 1104 1314 451 148 1105 1315 452 
1830 148 1105 1315 452 149 1106 1316 453 
1831 149 1106 1316 453 150 1107 1317 454 
1832 150 1107 1317 454 151 1108 1318 455 
1833 151 1108 1318 455 152 1109 1319 456 
1834 152 1109 1319 456 153 1110 1320 457 
1835 153 1110 1320 457 154 1111 1321 458 
1836 154 1111 1321 458 155 1112 1322 459 
1837 155 1112 1322 459 156 1113 1323 460 
1838 156 1113 1323 460 157 1114 1324 461 
1839 157 1114 1324 461 158 1115 1325 462 
1840 158 1115 1325 462 159 1116 1326 463 
1841 159 1116 1326 463 17 688 703 160 
1842 247 263 236 219 1131 1355 977 739 
1843 1131 1355 977 739 1132 1356 978 740 
1844 1132 1356 978 740 1133 1357 979 741 
1845 1133 1357 979 741 1134 1358 980 742 
1846 1134 1358 980 742 1135 1359 981 743 
1847 1135 1359 981 743 1136 1360 982 744 
1848 1136 1360 982 744 1137 1361 983 745 
1849 1137 1361 983 745 1138 1362 984 746 
1850 1138 1362 984 746 1139 1363 985 747 
1851 1139 1363 985 747 1140 1364 986 748 
1852 1140 1364 986 748 1141 1365 987 749 
1853 1141 1365 987 749 1142 1366 988 750 
1854 1142 1366 988 750 1143 1367 989 751 
1855 1143 1367 989 751 1144 1368 990 752 
1856 1144 1368 990 752 690 706 679 662 
1857 4 27 264 241 97 352 1369 1047 
1858 97 352 1369 1047 98 353 1370 1048 
1859 98 353 1370 1048 99 354 1371 1049 
1860 99 354 1371 1049 100 355 1372 1050 
1861 100 355 1372 1050 101 356 1373 1051 
1862 101 356 1373 1051 102 357 1374 1052 
1863 102 357 1374 1052 103 358 1375 1053 
1864 103 358 1375 1053 104 359 1376 1054 
1865 104 359 1376 1054 105 360 1377 1055 
1866 105 360 1377 1055 106 361 1378 1056 
1867 106 361 1378 1056 107 362 1379 1057 
1868 107 362 1379 1057 108 363 1380 1058 
1869 108 363 1380 1058 109 364 1381 1059 
1870 109 364 1381 1059 110 365 1382 1060 
1871 110 365 1382 1060 14 111 707 684 
1872 40 256 9 41 534 1257 178 548 
1873 534 1257 178 548 535 1258 179 549 
1874 535 1258 179 549 536 1259 180 550 
1875 536 1259 180 550 537 1260 181 551 
1876 537 1260 181 551 538 1261 182 552 
1877 538 1261 182 552 539 1262 183 553 
1878 539 1262 183 553 540 1263 184 554 
1879 540 1263 184 554 541 1264 185 555 
1880 541 1264 185 555 542 1265 186 556 
1881 542 1265 186 556 543 1266 187 557 
1882 543 1266 187 557 544 1267 188 558 
1883 544 1267 188 558 545 1268 189 559 
1884 545 1268 189 559 546 1269 190 560 
1885 546 1269 190 560 547 1270 191 561 
1886 547 1270 191 561 194 699 19 195 
1887 236 263 227 264 977 1355 851 1369 
1888 977 1355 851 1369 978 1356 852 1370 
1889 978 1356 852 1370 979 1357 853 1371 
1890 979 1357 853 1371 980 1358 854 1372 
1891 980 1358 854 1372 981 1359 855 1373 
1892 981 1359 855 1373 982 1360 856 1374 
1893 982 1360 856 1374 983 1361 857 1375 
1894 983 1361 857 1375 984 1362 858 1376 
1895 984 1362 858 1376 985 1363 859 1377 
1896 985 1363 859 1377 986 1364 860 1378 
1897 986 1364 860 1378 987 1365 861 1379 
1898 987 1365 861 1379 988 1366 862 1380 
1899 988 1366 862 1380 989 1367 863 1381 
1900 989 1367 863 1381 990 1368 864 1382 
1901 990 1368 864 1382 679 706 670 707 
1902 27 2 236 264 352 63 977 1369 
1903 352 63 977 1369 353 64 978 1370 
1904 353 64 978 1370 354 65 979 1371 
1905 354 65 979 1371 355 66 980 1372 
1906 355 66 980 1372 356 67 981 1373 
1907 356 67 981 1373 357 68 982 1374 
1908 357 68 982 1374 358 69 983 1375 
1909 358 69 983 1375 359 70 984 1376 
1910 359 70 984 1376 360 71 985 1377 
1911 360 71 985 1377 361 72 986 1378 
1912 361 72 986 1378 362 73 987 1379 
1913 362 73 987 1379 363 74 988 1380 
1914 363 74 988 1380 364 75 989 1381 
1915 364 75 989 1381 365 76 990 1382 
1916 365 76 990 1382 111 12 679 707 
1917 6 222 239 37 129 781 1019 492 
1918 129 781 1019 492 130 782 1020 493 
1919 130 782 1020 493 131 783 1021 494 
1920 131 783 1021 494 132 784 1022 495 
1921 132 784 1022 495 133 785 1023 496 
1922 133 785 1023 496 134 786 1024 497 
1923 134 786 1024 497 135 787 1025 498 
1924 135 787 1025 498 136 788 1026 499 
1925 136 788 1026 499 137 789 1027 500 
1926 137 789 1027 500 138 790 1028 501 
1927 138 790 1028 501 139 791 1029 502 
1928 139 791 1029 502 140 792 1030 503 
1929 140 792 1030 503 141 793 1031 504 
1930 141 793 1031 504 142 794 1032 505 
1931 142 794 1032 505 16 665 682 177 
1932 256 43 44 9 1257 576 590 178 
1933 1257 576 590 178 1258 577 591 179 
1934 1258 577 591 179 1259 578 592 180 
1935 1259 578 592 180 1260 579 593 181 
1936 1260 579 593 181 1261 580 594 182 
1937 1261 580 594 182 1262 581 595 183 
1938 1262 581 595 183 1263 582 596 184 
1939 1263 582 596 184 1264 583 597 185 
1940 1264 583 597 185 1265 584 598 186 
1941 1265 584 598 186 1266 585 599 187 
1942 1266 585 599 187 1267 586 600 188 
1943 1267 586 600 188 1268 587 601 189 
1944 1268 587 601 189 1269 588 602 190 
1945 1269 588 602 190 1270 589 603 191 
1946 1270 589 603 191 699 211 212 19 
1947 38 9 44 226 506 178 590 837 
1948 506 178 590 837 507 179 591 838 
1949 507 179 591 838 508 180 592 839 
1950 508 180 592 839 509 181 593 840 
1951 509 181 593 840 510 182 594 841 
1952 510 182 594 841 511 183 595 842 
1953 511 183 595 842 512 184 596 843 
1954 512 184 596 843 513 185 597 844 
1955 513 185 597 844 514 186 598 845 
1956 514 186 598 845 515 187 599 846 
1957 515 187 599 846 516 188 600 847 
1958 516 188 600 847 517 189 601 848 
1959 517 189 601 848 518 190 602 849 
1960 518 190 602 849 519 191 603 850 
1961 519 191 603 850 192 19 212 669 
1962 218 242 38 226 725 1061 506 837 
1963 725 1061 506 837 726 1062 507 838 
1964 726 1062 507 838 727 1063 508 839 
1965 727 1063 508 839 728 1064 509 840 
1966 728 1064 509 840 729 1065 510 841 
1967 729 1065 510 841 730 1066 511 842 
1968 730 1066 511 842 731 1067 512 843 
1969 731 1067 512 843 732 1068 513 844 
1970 732 1068 513 844 733 1069 514 845 
1971 733 1069 514 845 734 1070 515 846 
1972 734 1070 515 846 735 1071 516 847 
1973 735 1071 516 847 736 1072 517 848 
1974 736 1072 517 848 737 1073 518 849 
1975 737 1073 518 849 738 1074 519 850 
1976 738 1074 519 850 661 685 192 669 
1977 45 261 226 44 604 1327 837 590 
1978 604 1327 837 590 605 1328 838 591 
1979 605 1328 838 591 606 1329 839 592 
1980 606 1329 839 592 607 1330 840 593 
1981 607 1330 840 593 608 1331 841 594 
1982 608 1331 841 594 609 1332 842 595 
1983 609 1332 842 595 610 1333 843 596 
1984 610 1333 843 596 611 1334 844 597 
1985 611 1334 844 597 612 1335 845 598 
1986 612 1335 845 598 613 1336 846 599 
1987 613 1336 846 599 614 1337 847 600 
1988 614 1337 847 600 615 1338 848 601 
1989 615 1338 848 601 616 1339 849 602 
1990 616 1339 849 602 617 1340 850 603 
1991 617 1340 850 603 213 704 669 212 
1992 257 244 247 262 1271 1089 1131 1341 
1993 1271 1089 1131 1341 1272 1090 1132 1342 
1994 1272 1090 1132 1342 1273 1091 1133 1343 
1995 1273 1091 1133 1343 1274 1092 1134 1344 
1996 1274 1092 1134 1344 1275 1093 1135 1345 
1997 1275 1093 1135 1345 1276 1094 1136 1346 
1998 1276 1094 1136 1346 1277 1095 1137 1347 
1999 1277 1095 1137 1347 1278 1096 1138 1348 
2000 1278 1096 1138 1348 1279 1097 1139 1349 
2001 1279 1097 1139 1349 1280 1098 1140 1350 
2002 1280 1098 1140 1350 1281 1099 1141 1351 
2003 1281 1099 1141 1351 1282 1100 1142 1352 
2004 1282 1100 1142 1352 1283 1101 1143 1353 
2005 1283 1101 1143 1353 1284 1102 1144 1354 
2006 1284 1102 1144 1354 700 687 690 705 
$EndElements
