$MeshFormat
4.1 0 8
$EndMeshFormat
$PhysicalNames
1
2 31 "outer-boundary"
$EndPhysicalNames
$Entities
20 30 12 1
1 -1 -0.5 -1 0 
2 -0.5 -1 -1 0 
3 -0.5 0 -1 0 
4 0.5 -1 -1 0 
5 -1 0.5 -1 0 
6 1 -0.5 -1 0 
7 -0.5 1 -1 0 
8 1 0.5 -1 0 
9 0.5 1 -1 0 
10 0.75 0.5 -1 0 
11 -5.999999999999999 -0.5 -6 0 
12 -5.999999999999999 -1 -6.5 0 
13 -5.999999999999999 0 -6.5 0 
14 -5.999999999999999 -1 -7.5 0 
15 -5.999999999999999 0.5 -6 0 
16 -5.999999999999999 -0.5 -8 0 
17 -5.999999999999999 1 -6.5 0 
18 -5.999999999999999 0.5 -8 0 
19 -5.999999999999999 1 -7.5 0 
20 -5.999999999999999 0.5 -7.75 0 
1 -1.0000001 -1.0000001 -1.0000001 -0.4999999000000001 -0.4999998999999999 -0.9999999000000001 0 2 1 -2 
2 -1.0000001 -0.5000000999999999 -1.0000001 -0.4999999 9.999999989185326e-08 -0.9999999000000001 0 2 1 -3 
3 -0.5000000999999999 -1.0000001 -1.0000001 0.5000000999999999 -0.9999999000000001 -0.9999999000000001 0 2 2 -4 
4 -1.0000001 -9.999999997511999e-08 -1.0000001 -0.4999999 0.5000000999999999 -0.9999999000000001 0 2 3 -5 
5 0.4999998999999999 -1.0000001 -1.0000001 1.0000001 -0.4999999000000001 -0.9999999000000001 0 2 4 -6 
6 -1.0000001 0.4999999000000001 -1.0000001 -0.4999998999999999 1.0000001 -0.9999999000000001 0 2 7 -5 
7 0.9999999000000001 -0.5000000999999999 -1.0000001 1.0000001 0.5000000999999999 -0.9999999000000001 0 2 6 -8 
8 -0.5000000999999999 0.9999999000000001 -1.0000001 0.5000000999999999 1.0000001 -0.9999999000000001 0 2 9 -7 
9 0.4999999 0.4999999 -1.0000001 1.0000001 1.0000001 -0.9999999000000001 0 2 8 -9 
10 0.2499999 0.2499999 -1.0000001 0.7500000999999999 0.7500000999999999 -0.9999999000000001 0 2 10 -10 
11 -6.0000001 -0.5000000999999999 -6.0000001 -0.9999999000000002 -0.4999999 -0.9999999000000002 0 2 1 -11 
12 -6.0000001 -1.0000001 -6.5000001 -0.4999999000000002 -0.9999999000000001 -0.9999999000000002 0 2 2 -12 
13 -6.000000099999999 -1.0000001 -6.5000001 -5.999999899999999 -0.4999998999999999 -5.9999999 0 2 11 -12 
14 -6.0000001 -1e-07 -6.5000001 -0.4999999000000002 1e-07 -0.9999999000000002 0 2 3 -13 
15 -6.000000099999999 -0.5000000999999999 -6.5000001 -5.999999899999999 9.999999989185326e-08 -5.9999999 0 2 11 -13 
16 -6.0000001 -1.0000001 -7.5000001 0.5000000999999998 -0.9999999000000001 -0.9999999000000002 0 2 4 -14 
17 -6.000000099999999 -1.0000001 -7.5000001 -5.999999899999999 -0.9999999000000001 -6.4999999 0 2 12 -14 
18 -6.0000001 0.4999999 -6.0000001 -0.9999999000000002 0.5000000999999999 -0.9999999000000002 0 2 5 -15 
19 -6.000000099999999 -9.999999997511999e-08 -6.5000001 -5.999999899999999 0.5000000999999999 -5.9999999 0 2 13 -15 
20 -6.0000001 -0.5000000999999999 -8.000000099999999 1.0000001 -0.4999999 -0.9999999000000002 0 2 6 -16 
21 -6.000000099999999 -1.0000001 -8.000000099999999 -5.999999899999999 -0.4999999000000001 -7.4999999 0 2 14 -16 
22 -6.0000001 0.9999999000000001 -6.5000001 -0.4999999000000002 1.0000001 -0.9999999000000002 0 2 7 -17 
23 -6.000000099999999 0.4999999000000001 -6.5000001 -5.999999899999999 1.0000001 -5.9999999 0 2 17 -15 
24 -6.0000001 0.4999999 -8.000000099999999 1.0000001 0.5000000999999999 -0.9999999000000002 0 2 8 -18 
25 -6.000000099999999 -0.5000000999999999 -8.000000099999999 -5.999999899999999 0.5000000999999999 -7.9999999 0 2 16 -18 
26 -6.0000001 0.9999999000000001 -7.5000001 0.5000000999999998 1.0000001 -0.9999999000000002 0 2 9 -19 
27 -6.000000099999999 0.9999999000000001 -7.5000001 -5.999999899999999 1.0000001 -6.4999999 0 2 19 -17 
28 -6.000000099999999 0.4999999 -8.000000099999999 -5.999999899999999 1.0000001 -7.4999999 0 2 18 -19 
29 -6.0000001 0.4999999 -7.7500001 0.7500000999999998 0.5000000999999999 -0.9999999000000002 0 2 10 -20 
30 -6.000000099999999 0.2499999 -7.7500001 -5.999999899999999 0.7500000999999999 -7.2499999 0 2 20 -20 
1 -1.0000001 -1.0000001 -1.0000001 1.0000001 1.0000001 -0.9999999000000001 1 31 10 1 3 5 7 9 8 6 -4 -2 -10 
2 -6.0000001 -1.0000001 -7.337406432711967 0.3374064327119668 -0.1449999 -0.9999999000000002 1 31 4 11 13 -12 -1 
3 -6.0000001 -0.5000000999999999 -6.953157201608168 -0.04684279839183292 0.3550000999999999 -0.9999999000000002 1 31 4 11 15 -14 -2 
4 -6.0000001 -1.0000001 -7.5000001 0.5000000999999998 -0.9999999000000001 -0.9999999000000002 1 31 4 12 17 -16 -3 
5 -6.0000001 -9.999999997511999e-08 -6.953157201608168 -0.04684279839183292 0.5000000999999999 -0.9999999000000002 1 31 4 14 19 -18 -4 
6 -6.0000001 -1.0000001 -8.576745502046757 1.576745502046758 -0.1449999 -0.9999999000000002 1 31 4 16 21 -20 -5 
7 -6.0000001 0.1449999 -6.953157201608168 -0.04684279839183292 1.0000001 -0.9999999000000002 1 31 4 22 23 -18 -6 
8 -6.0000001 -0.5000000999999999 -8.000000099999999 1.0000001 0.5000000999999999 -0.9999999000000002 1 31 4 20 25 -24 -7 
9 -6.0000001 0.9999999000000001 -7.5000001 0.5000000999999998 1.0000001 -0.9999999000000002 1 31 4 26 27 -22 -8 
10 -6.0000001 0.4999999 -8.576745502046757 1.576745502046758 1.0000001 -0.9999999000000002 1 31 4 24 28 -26 -9 
11 -6.0000001 0.2499999 -8.30614745197366 1.306147451973659 0.7500000999999999 -0.9999999000000002 1 31 4 29 30 -29 -10 
12 -6.000000099999999 -1.0000001 -8.000000099999999 -5.999999899999999 1.0000001 -5.9999999 1 31 10 13 17 21 25 28 27 23 -19 -15 -30 
1 -6.0000001 -1.0000001 -8.576745502046757 1.576745502046758 1.0000001 -0.9999999000000002 0 12 2 -3 4 -5 6 7 8 9 10 -11 1 -12 
$EndEntities
$Nodes
63 3427 1 3427
0 1 0 1
1
-1 -0.5 -1
0 2 0 1
2
-0.5 -1 -1
0 3 0 1
3
-0.5 0 -1
0 4 0 1
4
0.5 -1 -1
0 5 0 1
5
-1 0.5 -1
0 6 0 1
6
1 -0.5 -1
0 7 0 1
7
-0.5 1 -1
0 8 0 1
8
1 0.5 -1
0 9 0 1
9
0.5 1 -1
0 10 0 1
10
0.75 0.5 -1
0 11 0 1
11
-5.999999999999999 -0.5 -6
0 12 0 1
12
-5.999999999999999 -1 -6.5
0 13 0 1
13
-5.999999999999999 0 -6.5
0 14 0 1
14
-5.999999999999999 -1 -7.5
0 15 0 1
15
-5.999999999999999 0.5 -6
0 16 0 1
16
-5.999999999999999 -0.5 -8
0 17 0 1
17
-5.999999999999999 1 -6.5
0 18 0 1
18
-5.999999999999999 0.5 -8
0 19 0 1
19
-5.999999999999999 1 -7.5
0 20 0 1
20
-5.999999999999999 0.5 -7.75
1 1 0 5
21
22
23
24
25
-0.9829629131445341 -0.6294095225512604 -1
-0.9330127018922192 -0.7500000000000002 -1
-0.8535533905932737 -0.8535533905932738 -1
-0.7499999999999998 -0.9330127018922194 -1
-0.6294095225512604 -0.9829629131445341 -1
1 2 0 5
26
27
28
29
30
-0.8705904774487399 -0.4829629131445342 -1
-0.75 -0.4330127018922193 -1
-0.6464466094067263 -0.3535533905932738 -1
-0.5669872981077806 -0.2499999999999998 -1
-0.5170370868554657 -0.1294095225512599 -1
1 3 0 1
31
-2.109423746787797e-15 -1 -1
1 4 0 5
32
33
34
35
36
-0.5170370868554659 0.1294095225512602 -1
-0.5669872981077806 0.2499999999999998 -1
-0.6464466094067259 0.3535533905932735 -1
-0.7499999999999994 0.433012701892219 -1
-0.8705904774487389 0.4829629131445339 -1
1 5 0 5
37
38
39
40
41
0.6294095225512601 -0.9829629131445342 -1
0.75 -0.9330127018922193 -1
0.8535533905932737 -0.8535533905932738 -1
0.9330127018922194 -0.7499999999999998 -1
0.9829629131445343 -0.6294095225512599 -1
1 6 0 5
42
43
44
45
46
-0.6294095225512604 0.9829629131445341 -1
-0.7499999999999999 0.9330127018922194 -1
-0.8535533905932734 0.8535533905932742 -1
-0.933012701892219 0.7500000000000007 -1
-0.9829629131445339 0.6294095225512611 -1
1 7 0 1
47
1 -2.109423746787797e-15 -1
1 8 0 1
48
2.109423746787797e-15 1 -1
1 9 0 5
49
50
51
52
53
0.9829629131445341 0.6294095225512603 -1
0.9330127018922194 0.7499999999999998 -1
0.8535533905932741 0.8535533905932735 -1
0.7500000000000006 0.933012701892219 -1
0.6294095225512611 0.9829629131445339 -1
1 10 0 11
54
55
56
57
58
59
60
61
62
63
64
0.7165063509461098 0.6249999999999998 -1
0.6250000000000002 0.7165063509461095 -1
0.5000000000000004 0.75 -1
0.3750000000000004 0.7165063509461099 -1
0.2834936490538906 0.6250000000000006 -1
0.25 0.5000000000000008 -1
0.2834936490538897 0.375000000000001 -1
0.3749999999999989 0.283493649053891 -1
0.4999999999999982 0.25 -1
0.6249999999999987 0.2834936490538896 -1
0.7165063509461093 0.3749999999999993 -1
1 11 0 21
65
66
67
68
69
70
71
72
73
74
75
76
77
78
79
80
81
82
83
84
85
-1.012739426948732 -0.5 -1.356695915996162
-1.050892790595337 -0.5 -1.711574191366426
-1.114265670144203 -0.5 -2.062826447764883
-1.202535131927513 -0.5 -2.408662784207149
-1.315251375001192 -0.5 -2.747320897995492
-1.451840023227408 -0.5 -3.077075065009432
-1.611605052163721 -0.5 -3.396244933600284
-1.793732335844094 -0.5 -3.703204087277988
-1.997293795378198 -0.5 -3.996388332556735
-2.221252128228708 -0.5 -4.274303669726425
-2.464466094067262 -0.5 -4.535533905932738
-2.725696330273574 -0.5 -4.778747871771291
-3.003611667443265 -0.5 -5.002706204621802
-3.296795912722012 -0.5 -5.206267664155906
-3.603755066399715 -0.5 -5.388394947836278
-3.922924934990568 -0.5 -5.548159976772592
-4.252679102004508 -0.5 -5.684748624998808
-4.591337215792851 -0.5 -5.797464868072487
-4.937173552235117 -0.5 -5.885734329855797
-5.288425808633574 -0.5 -5.949107209404663
-5.643304084003838 -0.5 -5.987260573051268
1 12 0 21
86
87
88
89
90
91
92
93
94
95
96
97
98
99
100
101
102
103
104
105
106
-0.5140133696436058 -1 -1.392365507595778
-0.5559820696548705 -1 -1.782731610503068
-0.6256922371586224 -1 -2.169109092541372
-0.7227886451202643 -1 -2.549529062627863
-0.8467765125013109 -1 -2.922052987795041
-0.9970240255501484 -1 -3.284782571510375
-1.172765557380094 -1 -3.635869426960312
-1.373105569428503 -1 -3.973524496005786
-1.597023174916018 -1 -4.296027165812408
-1.843377341051579 -1 -4.601734036699067
-2.110912703473988 -1 -4.889087296526011
-2.398265963300932 -1 -5.156622658948421
-2.703972834187592 -1 -5.402976825083982
-3.026475503994213 -1 -5.626894430571496
-3.364130573039687 -1 -5.827234442619906
-3.715217428489625 -1 -6.002975974449851
-4.077947012204959 -1 -6.153223487498689
-4.450470937372137 -1 -6.277211354879736
-4.830890907458629 -1 -6.374307762841378
-5.217268389496931 -1 -6.444017930345129
-5.607634492404222 -1 -6.485986630356394
1 13 0 5
107
108
109
110
111
-6 -0.6294095225512604 -6.017037086855466
-6 -0.7500000000000002 -6.066987298107781
-6 -0.8535533905932738 -6.146446609406726
-6 -0.9330127018922194 -6.25
-6 -0.9829629131445341 -6.37059047744874
1 14 0 21
112
113
114
115
116
117
118
119
120
121
122
123
124
125
126
127
128
129
130
131
132
-0.5140133696436058 0 -1.392365507595778
-0.5559820696548705 0 -1.782731610503068
-0.6256922371586224 0 -2.169109092541372
-0.7227886451202643 0 -2.549529062627863
-0.8467765125013109 0 -2.922052987795041
-0.9970240255501484 0 -3.284782571510375
-1.172765557380094 0 -3.635869426960312
-1.373105569428503 0 -3.973524496005786
-1.597023174916018 0 -4.296027165812408
-1.843377341051579 0 -4.601734036699067
-2.110912703473988 0 -4.889087296526011
-2.398265963300932 0 -5.156622658948421
-2.703972834187592 0 -5.402976825083982
-3.026475503994213 0 -5.626894430571496
-3.364130573039687 0 -5.827234442619906
-3.715217428489625 0 -6.002975974449851
-4.077947012204959 0 -6.153223487498689
-4.450470937372137 0 -6.277211354879736
-4.830890907458629 0 -6.374307762841378
-5.217268389496931 0 -6.444017930345129
-5.607634492404222 0 -6.485986630356394
1 15 0 5
133
134
135
136
137
-6 -0.4829629131445342 -6.12940952255126
-6 -0.4330127018922193 -6.25
-6 -0.3535533905932738 -6.353553390593274
-6 -0.2499999999999998 -6.43301270189222
-6 -0.1294095225512599 -6.482962913144535
1 16 0 21
138
139
140
141
142
143
144
145
146
147
148
149
150
151
152
153
154
155
156
157
158
0.483438744966648 -1 -1.46370469079501
0.4338393722260623 -1 -1.925046448776353
0.3514546288125366 -1 -2.381674382094348
0.2367043284942332 -1 -2.831261619469293
0.09017321249845089 -1 -3.271517167394139
-0.08739203019563035 -1 -3.700197584512261
-0.295086567812838 -1 -4.115118413680369
-0.5318520365973223 -1 -4.514165313461384
-0.7964819339916573 -1 -4.895304832323755
-1.08762776669732 -1 -5.256594770644353
-1.40380592228744 -1 -5.596194077712559
-1.743405229355647 -1 -5.912372233302679
-2.104695167676245 -1 -6.203518066008343
-2.485834686538615 -1 -6.468147963402677
-2.884881586319629 -1 -6.704913432187161
-3.299802415487738 -1 -6.912607969804369
-3.72848283260586 -1 -7.090173212498451
-4.168738380530708 -1 -7.236704328494233
-4.618325617905652 -1 -7.351454628812537
-5.074953551223645 -1 -7.433839372226062
-5.53629530920499 -1 -7.483438744966648
1 17 0 1
159
-6 -1 -6.999999999999998
1 18 0 21
160
161
162
163
164
165
166
167
168
169
170
171
172
173
174
175
176
177
178
179
180
-1.012739426948732 0.5 -1.356695915996162
-1.050892790595337 0.5 -1.711574191366426
-1.114265670144203 0.5 -2.062826447764883
-1.202535131927513 0.5 -2.408662784207149
-1.315251375001192 0.5 -2.747320897995492
-1.451840023227408 0.5 -3.077075065009432
-1.611605052163721 0.5 -3.396244933600284
-1.793732335844094 0.5 -3.703204087277988
-1.997293795378198 0.5 -3.996388332556735
-2.221252128228708 0.5 -4.274303669726425
-2.464466094067262 0.5 -4.535533905932738
-2.725696330273574 0.5 -4.778747871771291
-3.003611667443265 0.5 -5.002706204621802
-3.296795912722012 0.5 -5.206267664155906
-3.603755066399715 0.5 -5.388394947836278
-3.922924934990568 0.5 -5.548159976772592
-4.252679102004508 0.5 -5.684748624998808
-4.591337215792851 0.5 -5.797464868072487
-4.937173552235117 0.5 -5.885734329855797
-5.288425808633574 0.5 -5.949107209404663
-5.643304084003838 0.5 -5.987260573051268
1 19 0 5
181
182
183
184
185
-6 0.1294095225512602 -6.482962913144534
-6 0.2499999999999998 -6.43301270189222
-6 0.3535533905932735 -6.353553390593274
-6 0.433012701892219 -6.250000000000001
-6 0.4829629131445339 -6.129409522551261
1 20 0 21
186
187
188
189
190
191
192
193
194
195
196
197
198
199
200
201
202
203
204
205
206
0.9821648022717744 -0.5 -1.499374282394626
0.9287500931665287 -0.5 -1.996203867912996
0.8400280617981171 -0.5 -2.487957026870837
0.7164508153014815 -0.5 -2.972127897890008
0.5586480749983318 -0.5 -3.446249257193688
0.3674239674816295 -0.5 -3.907905091013204
0.1437529269707891 -0.5 -4.354742907040398
-0.1112252701817313 -0.5 -4.784485722189183
-0.3962113135294771 -0.5 -5.194943665579428
-0.7097529795201911 -0.5 -5.584025137616995
-1.050252531694167 -0.5 -5.949747468305832
-1.415974862383004 -0.5 -6.290247020479808
-1.805056334420572 -0.5 -6.603788686470523
-2.215514277810816 -0.5 -6.888774729818268
-2.645257092959601 -0.5 -7.143752926970789
-3.092094908986795 -0.5 -7.367423967481629
-3.553750742806311 -0.5 -7.558648074998332
-4.027872102109993 -0.5 -7.716450815301481
-4.512042973129164 -0.5 -7.840028061798117
-5.003796132087002 -0.5 -7.928750093166529
-5.500625717605374 -0.5 -7.982164802271774
1 21 0 5
207
208
209
210
211
-6 -0.9829629131445342 -7.62940952255126
-6 -0.9330127018922193 -7.75
-6 -0.8535533905932738 -7.853553390593274
-6 -0.7499999999999998 -7.93301270189222
-6 -0.6294095225512599 -7.982962913144535
1 22 0 21
212
213
214
215
216
217
218
219
220
221
222
223
224
225
226
227
228
229
230
231
232
-0.5140133696436058 1 -1.392365507595778
-0.5559820696548705 1 -1.782731610503068
-0.6256922371586224 1 -2.169109092541372
-0.7227886451202643 1 -2.549529062627863
-0.8467765125013109 1 -2.922052987795041
-0.9970240255501484 1 -3.284782571510375
-1.172765557380094 1 -3.635869426960312
-1.373105569428503 1 -3.973524496005786
-1.597023174916018 1 -4.296027165812408
-1.843377341051579 1 -4.601734036699067
-2.110912703473988 1 -4.889087296526011
-2.398265963300932 1 -5.156622658948421
-2.703972834187592 1 -5.402976825083982
-3.026475503994213 1 -5.626894430571496
-3.364130573039687 1 -5.827234442619906
-3.715217428489625 1 -6.002975974449851
-4.077947012204959 1 -6.153223487498689
-4.450470937372137 1 -6.277211354879736
-4.830890907458629 1 -6.374307762841378
-5.217268389496931 1 -6.444017930345129
-5.607634492404222 1 -6.485986630356394
1 23 0 5
233
234
235
236
237
-6 0.9829629131445341 -6.37059047744874
-6 0.9330127018922194 -6.25
-6 0.8535533905932742 -6.146446609406727
-6 0.7500000000000007 -6.066987298107781
-6 0.6294095225512611 -6.017037086855466
1 24 0 21
238
239
240
241
242
243
244
245
246
247
248
249
250
251
252
253
254
255
256
257
258
0.9821648022717744 0.5 -1.499374282394626
0.9287500931665287 0.5 -1.996203867912996
0.8400280617981171 0.5 -2.487957026870837
0.7164508153014815 0.5 -2.972127897890008
0.5586480749983318 0.5 -3.446249257193688
0.3674239674816295 0.5 -3.907905091013204
0.1437529269707891 0.5 -4.354742907040398
-0.1112252701817313 0.5 -4.784485722189183
-0.3962113135294771 0.5 -5.194943665579428
-0.7097529795201911 0.5 -5.584025137616995
-1.050252531694167 0.5 -5.949747468305832
-1.415974862383004 0.5 -6.290247020479808
-1.805056334420572 0.5 -6.603788686470523
-2.215514277810816 0.5 -6.888774729818268
-2.645257092959601 0.5 -7.143752926970789
-3.092094908986795 0.5 -7.367423967481629
-3.553750742806311 0.5 -7.558648074998332
-4.027872102109993 0.5 -7.716450815301481
-4.512042973129164 0.5 -7.840028061798117
-5.003796132087002 0.5 -7.928750093166529
-5.500625717605374 0.5 -7.982164802271774
1 25 0 1
259
-6 -2.109423746787797e-15 -8
1 26 0 21
260
261
262
263
264
265
266
267
268
269
270
271
272
273
274
275
276
277
278
279
280
0.483438744966648 1 -1.46370469079501
0.4338393722260623 1 -1.925046448776353
0.3514546288125366 1 -2.381674382094348
0.2367043284942332 1 -2.831261619469293
0.09017321249845089 1 -3.271517167394139
-0.08739203019563035 1 -3.700197584512261
-0.295086567812838 1 -4.115118413680369
-0.5318520365973223 1 -4.514165313461384
-0.7964819339916573 1 -4.895304832323755
-1.08762776669732 1 -5.256594770644353
-1.40380592228744 1 -5.596194077712559
-1.743405229355647 1 -5.912372233302679
-2.104695167676245 1 -6.203518066008343
-2.485834686538615 1 -6.468147963402677
-2.884881586319629 1 -6.704913432187161
-3.299802415487738 1 -6.912607969804369
-3.72848283260586 1 -7.090173212498451
-4.168738380530708 1 -7.236704328494233
-4.618325617905652 1 -7.351454628812537
-5.074953551223645 1 -7.433839372226062
-5.53629530920499 1 -7.483438744966648
1 27 0 1
281
-6 1 -7.000000000000002
1 28 0 5
282
283
284
285
286
-6 0.6294095225512603 -7.982962913144534
-6 0.7499999999999998 -7.93301270189222
-6 0.8535533905932735 -7.853553390593274
-6 0.933012701892219 -7.750000000000001
-6 0.9829629131445339 -7.629409522551261
1 29 0 21
287
288
289
290
291
292
293
294
295
296
297
298
299
300
301
302
303
304
305
306
307
0.7328017736192116 0.5 -1.481539486594818
0.6812947326962959 0.5 -1.960625158344675
0.5957413453053269 0.5 -2.434815704482593
0.4765775718978569 0.5 -2.90169475867965
0.3244106437483918 0.5 -3.358883212293914
0.1400159686429996 0.5 -3.804051337762733
-0.07566682042102446 0.5 -4.234930660360384
-0.3215386533895268 0.5 -4.649325517825284
-0.5963466237605672 0.5 -5.045124248951592
-0.8986903731087557 0.5 -5.420309954130674
-1.227029226990804 0.5 -5.772970773009195
-1.579690045869325 0.5 -6.101309626891243
-1.954875751048408 0.5 -6.403653376239433
-2.350674482174716 0.5 -6.678461346610472
-2.765069339639615 0.5 -6.924333179578975
-3.195948662237266 0.5 -7.140015968642999
-3.641116787706085 0.5 -7.324410643748392
-4.09830524132035 0.5 -7.476577571897857
-4.565184295517408 0.5 -7.595741345305327
-5.039374841655324 0.5 -7.681294732696296
-5.518460513405182 0.5 -7.732801773619212
1 30 0 11
308
309
310
311
312
313
314
315
316
317
318
-6 0.6249999999999998 -7.71650635094611
-6 0.7165063509461095 -7.625
-6 0.75 -7.5
-6 0.7165063509461099 -7.375
-6 0.6250000000000006 -7.283493649053891
-6 0.5000000000000008 -7.25
-6 0.375000000000001 -7.28349364905389
-6 0.283493649053891 -7.374999999999999
-6 0.25 -7.499999999999998
-6 0.2834936490538896 -7.624999999999998
-6 0.3749999999999993 -7.716506350946109
2 1 0 95
319
320
321
322
323
324
325
326
327
328
329
330
331
332
333
334
335
336
337
338
339
340
341
342
343
344
345
346
347
348
349
350
351
352
353
354
355
356
357
358
359
360
361
362
363
364
365
366
367
368
369
370
371
372
373
374
375
376
377
378
379
380
381
382
383
384
385
386
387
388
389
390
391
392
393
394
395
396
397
398
399
400
401
402
403
404
405
406
407
408
409
410
411
412
413
0.0432120850399871 -0.1231745917615978 -1
0.4130506006204975 -0.4257973962510581 -1
-0.1755530767730833 0.4153914196201225 -1
-0.09873231692412511 0.6462428157406617 -1
-0.629932372615937 -0.6870600289658948 -1
-0.4952185865778461 0.6855420712998092 -1
-0.2322922538608953 -0.5199886796445622 -1
0.424441967370367 0.007469211077294781 -1
-0.3743968409773454 0.4576968970471493 -1
-0.2359733854040724 0.1159845569317856 -1
0.6300712833720485 -0.02032562891217079 -1
0.1389180689127364 0.09742070324581095 -1
0.008292692683421895 0.3413435299454946 -1
-0.2665770462824181 -0.164818367425781 -1
0.1885775918368137 -0.5175218570476865 -1
0.5043810251973033 -0.668222568723816 -1
-0.3712224290245409 0.2342978188787871 -1
0.2213288051310778 -0.7437839876935446 -1
0.7309272054797603 -0.5903193592583956 -1
-0.309230421934053 0.703790565187387 -1
-0.1692190569588058 -0.7124613169447822 -1
0.7714923080588918 -0.2619202717300904 -1
-0.4195398000828297 -0.4358762992359491 -1
-0.06694928960053964 0.11900868977817 -1
-0.7283238170776463 -0.6605277332043227 -1
-0.6594443951717408 0.6454264992667803 -1
-0.2533864668779073 0.5283728181097709 -1
0.4673028379568083 0.1476090099564797 -1
-0.4510868555079519 -0.2792636499879223 -1
-0.6213210392651874 -0.5314484556582273 -1
-0.6227811368596946 0.5097616622484431 -1
-0.379247524088594 -0.01229426876989215 -1
-0.73077302765152 0.7560112910755244 -1
-0.6834076016079913 -0.8081870519388116 -1
0.7803227249043529 0.7489414554184448 -1
0.8554427402584969 0.6081705974510709 -1
0.5552149883385296 0.843154631997335 -1
-0.113280320216302 -0.05319219162682307 -1
0.1935143165721369 0.2993457249613392 -1
-0.4919215061225101 0.3618402099301689 -1
0.05524039356981768 -0.6058621414351804 -1
-0.6020927140395711 -0.8599319192682313 -1
-0.5358544184409114 0.8397465376919766 -1
-0.2521795078412226 0.2471768529243471 -1
-0.2969624386598904 0.3603512920357024 -1
0.7840612921268802 0.244807177667724 -1
0.2228342635360287 0.7535935610863791 -1
0.2944224838012334 0.1718884108441662 -1
-0.1067590486316657 -0.2752907264657465 -1
0.6769937180147626 -0.7646197683757603 -1
-0.3710871985538498 0.1177480361686997 -1
0.5681452306011093 -0.2521400648416336 -1
0.2126066517928026 -0.03017133720988001 -1
0.1057542610827185 0.6076984217778971 -1
-0.04383543826278744 0.4684104033328724 -1
0.1229009037960967 0.4121026646094338 -1
-0.4227861686416207 -0.554826581861504 -1
-0.4476826895475595 0.5622082970160738 -1
0.19346162121321 -0.3364347755053477 -1
-0.8685964658449828 -0.6431394513434234 -1
-0.8134491077846324 0.5937730629910405 -1
0.6411722657082638 -0.4063106677631725 -1
0.5855665068882142 -0.8596732295987941 -1
0.4392452195409662 -0.8223259412314434 -1
0.6768587455912959 0.8081097826269361 -1
0.8543533412353761 0.7024066072748345 -1
-0.82845939218804 0.7038710411745607 -1
-0.7802253518869894 -0.7381361750689068 -1
0.6366783964495624 0.1615174112858453 -1
0.04375994139922682 0.0372005738647618 -1
0.3456267304530998 -0.145513817770113 -1
0.3101463639182426 0.04451609146888311 -1
0.3265601406680848 -0.5829176515943143 -1
-0.7285776916026272 0.5068135199055115 -1
-0.7777187409589377 -0.5626493576059003 -1
-0.3320067163838496 0.59758145751823 -1
-0.4536105392401054 0.2377665795400953 -1
0.07335568713662567 0.2189001488545978 -1
-0.5254754806938317 -0.3980849553218948 -1
0.799972360733475 -0.7586792020282782 -1
0.8526558121212149 -0.6562226283220137 -1
-0.2988081681437141 -0.3379535819332523 -1
0.7746581326720882 -0.4146975041210565 -1
-0.4022538737149339 -0.1483306779149969 -1
-0.309650103941102 0.8246981977651155 -1
0.3974189412159097 0.8327581853497101 -1
0.8494483122238669 0.4445021039259093 -1
-0.03567818435075056 -0.4323254961402462 -1
0.06047429564934716 0.4958012510943573 -1
-0.2475101711720729 -0.02467933232430447 -1
0.5778579640352371 -0.51770145040045 -1
-0.455411975459269 -0.7673581103517713 -1
-0.1228008186275446 0.2839377383899102 -1
-0.1622233295033746 -0.1639803087921334 -1
-0.3780385463510631 0.3138117142026948 -1
2 2 0 105
414
415
416
417
418
419
420
421
422
423
424
425
426
427
428
429
430
431
432
433
434
435
436
437
438
439
440
441
442
443
444
445
446
447
448
449
450
451
452
453
454
455
456
457
458
459
460
461
462
463
464
465
466
467
468
469
470
471
472
473
474
475
476
477
478
479
480
481
482
483
484
485
486
487
488
489
490
491
492
493
494
495
496
497
498
499
500
501
502
503
504
505
506
507
508
509
510
511
512
513
514
515
516
517
518
-0.9957457486379493 -0.6294095225512604 -1.357911327856525
-1.034029116718608 -0.6294095225512604 -1.713998821626909
-1.097617934118105 -0.6294095225512604 -2.066447941065455
-1.186188166798834 -0.6294095225512604 -2.413462686248068
-1.299288481157165 -0.6294095225512604 -2.753274749576196
-1.436342543916042 -0.6294095225512604 -3.08415252666701
-1.596651958987247 -0.6294095225512604 -3.404409940212428
-1.779399826337781 -0.6294095225512604 -3.712415031842589
-1.983654904725187 -0.6294095225512604 -4.00659827821163
-2.208376357089453 -0.6294095225512604 -4.285460588928885
-2.452419054420098 -0.6294095225512604 -4.547580945579901
-2.714539411071114 -0.6294095225512604 -4.791623642910547
-2.99340172178837 -0.6294095225512604 -5.016345095274813
-3.287584968157411 -0.6294095225512604 -5.220600173662218
-3.595590059787571 -0.6294095225512604 -5.403348041012753
-3.91584747333299 -0.6294095225512604 -5.563657456083957
-4.246725250423804 -0.6294095225512604 -5.700711518842835
-4.586537313751932 -0.6294095225512604 -5.813811833201166
-4.933552058934546 -0.6294095225512604 -5.902382065881895
-5.286001178373089 -0.6294095225512604 -5.965970883281392
-5.642088672143475 -0.6294095225512604 -6.004254251362051
-0.9459228047990988 -0.7500000000000002 -1.361474735127894
-0.9845873265945846 -0.7500000000000002 -1.721107477862999
-1.048809241738308 -0.7500000000000002 -2.077065622183535
-1.138261290071678 -0.7500000000000002 -2.427535286978952
-1.252487644460629 -0.7500000000000002 -2.770730559172287
-1.390906233586219 -0.7500000000000002 -3.104902594323837
-1.552811708046644 -0.7500000000000002 -3.428348528341553
-1.737379034656107 -0.7500000000000002 -3.73942015488612
-1.943667700624824 -0.7500000000000002 -4.036532324252666
-2.170626506196611 -0.7500000000000002 -4.318171020930299
-2.417098921321885 -0.7500000000000002 -4.582901078678114
-2.681828979069701 -0.7500000000000002 -4.829373493803389
-2.963467675747334 -0.7500000000000002 -5.056332299375176
-3.260579845113879 -0.7500000000000002 -5.262620965343892
-3.571651471658447 -0.7500000000000002 -5.447188291953355
-3.895097405676163 -0.7500000000000002 -5.609093766413781
-4.229269440827712 -0.7500000000000002 -5.747512355539371
-4.572464713021048 -0.7500000000000002 -5.861738709928322
-4.922934377816465 -0.7500000000000002 -5.951190758261692
-5.278892522137 -0.7500000000000002 -6.015412673405415
-5.638525264872106 -0.7500000000000002 -6.054077195200901
-0.8666659467184914 -0.8535533905932738 -1.367143297493534
-0.9059367965137977 -0.8535533905932738 -1.732415716899815
-0.9711658247303179 -0.8535533905932738 -2.093955913697476
-1.062020639192093 -0.8535533905932738 -2.449921561916064
-1.178038264590412 -0.8535533905932738 -2.798498742206883
-1.318627501699864 -0.8535533905932738 -3.137911185160209
-1.483071939994076 -0.8535533905932738 -3.466429322767046
-1.670533608309538 -0.8535533905932738 -3.782379101901241
-1.880057244954572 -0.8535533905932738 -4.084150514910496
-2.11057516550395 -0.8535533905932738 -4.370205803846313
-2.360912703473988 -0.8535533905932738 -4.639087296526011
-2.629794196153687 -0.8535533905932738 -4.889424834496049
-2.915849485089504 -0.8535533905932738 -5.119942755045428
-3.217620898098759 -0.8535533905932738 -5.329466391690461
-3.533570677232953 -0.8535533905932738 -5.516928060005924
-3.862088814839791 -0.8535533905932738 -5.681372498300136
-4.201501257793117 -0.8535533905932738 -5.821961735409588
-4.550078438083936 -0.8535533905932738 -5.937979360807907
-4.906044086302525 -0.8535533905932738 -6.028834175269682
-5.267584283100184 -0.8535533905932738 -6.094063203486202
-5.632856702506466 -0.8535533905932738 -6.133334053281509
-0.7633763982961694 -0.9330127018922194 -1.37453071179597
-0.8034374301251033 -0.9330127018922194 -1.747152900934747
-0.8699789536514126 -0.9330127018922194 -2.115967770153127
-0.9626618885238889 -0.9330127018922194 -2.479095923417506
-1.081013943751251 -0.9330127018922194 -2.834686942895266
-1.224432024388778 -0.9330127018922194 -3.180928818259904
-1.392185304771908 -0.9330127018922194 -3.516057180280298
-1.583418952636299 -0.9330127018922194 -3.838364291641887
-1.797158485147108 -0.9330127018922194 -4.146207749184572
-2.032314734640143 -0.9330127018922194 -4.438018853212746
-2.287689398770625 -0.9330127018922194 -4.712310601229374
-2.561981146787253 -0.9330127018922194 -4.967685265359856
-2.853792250815428 -0.9330127018922194 -5.202841514852892
-3.161635708358112 -0.9330127018922194 -5.4165810473637
-3.483942819719701 -0.9330127018922194 -5.607814695228091
-3.819071181740096 -0.9330127018922194 -5.775567975611221
-4.165313057104733 -0.9330127018922194 -5.918986056248749
-4.520904076582495 -0.9330127018922194 -6.037338111476111
-4.884032229846873 -0.9330127018922194 -6.130021046348587
-5.252847099065252 -0.9330127018922194 -6.196562569874897
-5.62546928820403 -0.9330127018922194 -6.236623601703831
-0.6430931715630628 -0.9829629131445341 -1.383133537958768
-0.6840743898596813 -0.9829629131445341 -1.764314715230163
-0.7521443465464106 -0.9829629131445341 -2.141601119909351
-0.8469561727270056 -0.9829629131445341 -2.513070186959868
-0.9680267290680638 -0.9829629131445341 -2.876828995164354
-1.114739067766327 -0.9829629131445341 -3.231023913017176
-1.286345576373265 -0.9829629131445341 -3.573850044405695
-1.481971787456748 -0.9829629131445341 -3.903560425947135
-1.700620834686632 -0.9829629131445341 -4.218474929113542
-1.941178532637082 -0.9829629131445341 -4.516988821781641
-2.202419054420098 -0.9829629131445341 -4.797580945579902
-2.483011178218359 -0.9829629131445341 -5.058821467362918
-2.781525070886458 -0.9829629131445341 -5.299379165313368
-3.096439574052865 -0.9829629131445341 -5.518028212543252
-3.426149955594304 -0.9829629131445341 -5.713654423626735
-3.768976086982824 -0.9829629131445341 -5.885260932233673
-4.123171004835646 -0.9829629131445341 -6.031973270931936
-4.486929813040132 -0.9829629131445341 -6.153043827272994
-4.858398880090649 -0.9829629131445341 -6.247855653453589
-5.235685284769836 -0.9829629131445341 -6.315925610140319
-5.616866462041232 -0.9829629131445341 -6.356906828436937
2 3 0 105
519
520
521
522
523
524
525
526
527
528
529
530
531
532
533
534
535
536
537
538
539
540
541
542
543
544
545
546
547
548
549
550
551
552
553
554
555
556
557
558
559
560
561
562
563
564
565
566
567
568
569
570
571
572
573
574
575
576
577
578
579
580
581
582
583
584
585
586
587
588
589
590
591
592
593
594
595
596
597
598
599
600
601
602
603
604
605
606
607
608
609
610
611
612
613
614
615
616
617
618
619
620
621
622
623
-0.8836596250292752 -0.4829629131445342 -1.365927885633171
-0.9228004703905253 -0.4829629131445342 -1.729991086639331
-0.9878135607564147 -0.4829629131445342 -2.090334420396904
-1.078367604320772 -0.4829629131445342 -2.445121659875143
-1.194001158434438 -0.4829629131445342 -2.792544890626178
-1.33412498101123 -0.4829629131445342 -3.130833723502632
-1.498025033170551 -0.4829629131445342 -3.458264316154902
-1.68486611781585 -0.4829629131445342 -3.773168157336639
-1.893696135607583 -0.4829629131445342 -4.073940569255601
-2.123450936643206 -0.4829629131445342 -4.359048884643852
-2.372959743121153 -0.4829629131445342 -4.627040256878846
-2.640951115356148 -0.4829629131445342 -4.876549063356794
-2.926059430744399 -0.4829629131445342 -5.106303864392417
-3.22683184266336 -0.4829629131445342 -5.315133882184149
-3.541735683845098 -0.4829629131445342 -5.501974966829448
-3.869166276497368 -0.4829629131445342 -5.665875018988769
-4.207455109373821 -0.4829629131445342 -5.805998841565562
-4.554878340124857 -0.4829629131445342 -5.921632395679228
-4.909665579603096 -0.4829629131445342 -6.012186439243585
-5.270008913360668 -0.4829629131445342 -6.077199529609475
-5.634072114366829 -0.4829629131445342 -6.116340374970725
-0.7633763982961694 -0.4330127018922193 -1.37453071179597
-0.8034374301251033 -0.4330127018922193 -1.747152900934747
-0.8699789536514126 -0.4330127018922193 -2.115967770153127
-0.9626618885238889 -0.4330127018922193 -2.479095923417506
-1.081013943751251 -0.4330127018922193 -2.834686942895266
-1.224432024388778 -0.4330127018922193 -3.180928818259904
-1.392185304771908 -0.4330127018922193 -3.516057180280298
-1.583418952636299 -0.4330127018922193 -3.838364291641887
-1.797158485147108 -0.4330127018922193 -4.146207749184572
-2.032314734640143 -0.4330127018922193 -4.438018853212746
-2.287689398770625 -0.4330127018922193 -4.712310601229374
-2.561981146787253 -0.4330127018922193 -4.967685265359856
-2.853792250815428 -0.4330127018922193 -5.202841514852892
-3.161635708358112 -0.4330127018922193 -5.4165810473637
-3.483942819719701 -0.4330127018922193 -5.607814695228091
-3.819071181740096 -0.4330127018922193 -5.775567975611221
-4.165313057104733 -0.4330127018922193 -5.918986056248749
-4.520904076582495 -0.4330127018922193 -6.037338111476111
-4.884032229846873 -0.4330127018922193 -6.130021046348587
-5.252847099065252 -0.4330127018922193 -6.196562569874897
-5.62546928820403 -0.4330127018922193 -6.236623601703831
-0.6600868498738466 -0.3535533905932738 -1.381918126098405
-0.7009380637364098 -0.3535533905932738 -1.761890084969679
-0.7687920825725074 -0.3535533905932738 -2.137979626608779
-0.8633031378556852 -0.3535533905932738 -2.508270284918948
-0.9839896229120901 -0.3535533905932738 -2.87087514358365
-1.130236547077692 -0.3535533905932738 -3.223946451359598
-1.30129866954974 -0.3535533905932738 -3.565685037793551
-1.49630429696306 -0.3535533905932738 -3.894349481382533
-1.714259725339644 -0.3535533905932738 -4.208264983458647
-1.954054303776337 -0.3535533905932738 -4.50583190257918
-2.214466094067262 -0.3535533905932738 -4.785533905932738
-2.494168097420819 -0.3535533905932738 -5.045945696223663
-2.791735016541353 -0.3535533905932738 -5.285740274660356
-3.105650518617466 -0.3535533905932738 -5.503695703036939
-3.434314962206448 -0.3535533905932738 -5.69870133045026
-3.776053548640402 -0.3535533905932738 -5.869763452922307
-4.12912485641635 -0.3535533905932738 -6.01601037708791
-4.491729715081052 -0.3535533905932738 -6.136696862144315
-4.862020373391221 -0.3535533905932738 -6.231207917427493
-5.23810991503032 -0.3535533905932738 -6.29906193626359
-5.618081873901595 -0.3535533905932738 -6.339913150126153
-0.5808299917932382 -0.2499999999999998 -1.387586688464045
-0.6222875336556211 -0.2499999999999998 -1.773198324006495
-0.6911486655645156 -0.2499999999999998 -2.15486991812272
-0.7870624869760992 -0.2499999999999998 -2.530656559856059
-0.9095402430418726 -0.2499999999999998 -2.898643326618245
-1.057957815191337 -0.2499999999999998 -3.25695504219597
-1.231558901497171 -0.2499999999999998 -3.603765832219044
-1.429458870616489 -0.2499999999999998 -3.937308428397654
-1.65064926966939 -0.2499999999999998 -4.255883174116478
-1.894002963083675 -0.2499999999999998 -4.557866685495195
-2.158279876219364 -0.2499999999999998 -4.841720123780634
-2.442133314504805 -0.2499999999999998 -5.105997036916324
-2.744116825883522 -0.2499999999999998 -5.34935073033061
-3.062691571602345 -0.2499999999999998 -5.570541129383511
-3.396234167780955 -0.2499999999999998 -5.768441098502828
-3.743044957804029 -0.2499999999999998 -5.942042184808662
-4.101356673381755 -0.2499999999999998 -6.090459756958127
-4.469343440143941 -0.2499999999999998 -6.212937513023901
-4.845130081877281 -0.2499999999999998 -6.308851334435484
-5.226801675993504 -0.2499999999999998 -6.377712466344379
-5.612413311535954 -0.2499999999999998 -6.419170008206762
-0.5310070479543878 -0.1294095225512599 -1.391150095735415
-0.5728457435315972 -0.1294095225512599 -1.780306980242585
-0.6423399731847192 -0.1294095225512599 -2.165487599240801
-0.739135610248943 -0.1294095225512599 -2.544729160586944
-0.8627394063453355 -0.1294095225512599 -2.916099136214337
-1.012521504861514 -0.1294095225512599 -3.277705109852798
-1.187718650556568 -0.1294095225512599 -3.627704420348169
-1.387438078934816 -0.1294095225512599 -3.964313551441186
-1.610662065569028 -0.1294095225512599 -4.285817220157513
-1.856253112190833 -0.1294095225512599 -4.590577117496608
-2.122959743121152 -0.1294095225512599 -4.877040256878848
-2.409422882503391 -0.1294095225512599 -5.143746887809166
-2.714182779842486 -0.1294095225512599 -5.389337934430972
-3.035686448558814 -0.1294095225512599 -5.612561921065184
-3.37229557965183 -0.1294095225512599 -5.812281349443431
-3.722294890147202 -0.1294095225512599 -5.987478495138486
-4.083900863785662 -0.1294095225512599 -6.137260593654664
-4.455270839413057 -0.1294095225512599 -6.260864389751057
-4.8345124007592 -0.1294095225512599 -6.357660026815281
-5.219693019757414 -0.1294095225512599 -6.427154256468403
-5.608849904264585 -0.1294095225512599 -6.468992952045612
2 4 0 21
624
625
626
627
628
629
630
631
632
633
634
635
636
637
638
639
640
641
642
643
644
-0.01528731233848024 -1 -1.428035099195394
-0.06107134871440589 -1 -1.853889029639711
-0.1371188041730447 -1 -2.27539173731786
-0.2430421583130178 -1 -2.690395341048577
-0.3783016500014318 -1 -3.096785077594589
-0.5422080278728911 -1 -3.492490078011318
-0.7339260625964679 -1 -3.87549392032034
-0.9524788030129141 -1 -4.243844904733584
-1.196752554453839 -1 -4.59566599906808
-1.465502553874451 -1 -4.929164403671709
-1.757359312880716 -1 -5.242640687119284
-2.070835596328291 -1 -5.534497446125548
-2.404334000931919 -1 -5.803247445546161
-2.756155095266415 -1 -6.047521196987085
-3.124506079679659 -1 -6.266073937403531
-3.507509921988682 -1 -6.457791972127108
-3.90321492240541 -1 -6.621698349998568
-4.309604658951423 -1 -6.756957841686982
-4.724608262682141 -1 -6.862881195826955
-5.146110970360288 -1 -6.938928651285594
-5.571964900804606 -1 -6.98471268766152
2 5 0 105
645
646
647
648
649
650
651
652
653
654
655
656
657
658
659
660
661
662
663
664
665
666
667
668
669
670
671
672
673
674
675
676
677
678
679
680
681
682
683
684
685
686
687
688
689
690
691
692
693
694
695
696
697
698
699
700
701
702
703
704
705
706
707
708
709
710
711
712
713
714
715
716
717
718
719
720
721
722
723
724
725
726
727
728
729
730
731
732
733
734
735
736
737
738
739
740
741
742
743
744
745
746
747
748
749
-0.5310070479543887 0.1294095225512602 -1.391150095735415
-0.5728457435315981 0.1294095225512602 -1.780306980242585
-0.6423399731847201 0.1294095225512602 -2.1654875992408
-0.7391356102489439 0.1294095225512602 -2.544729160586943
-0.8627394063453364 0.1294095225512602 -2.916099136214337
-1.012521504861515 0.1294095225512602 -3.277705109852797
-1.187718650556569 0.1294095225512602 -3.627704420348169
-1.387438078934816 0.1294095225512602 -3.964313551441185
-1.610662065569029 0.1294095225512602 -4.285817220157513
-1.856253112190834 0.1294095225512602 -4.590577117496608
-2.122959743121152 0.1294095225512602 -4.877040256878846
-2.409422882503392 0.1294095225512602 -5.143746887809165
-2.714182779842487 0.1294095225512602 -5.389337934430971
-3.035686448558814 0.1294095225512602 -5.612561921065184
-3.37229557965183 0.1294095225512602 -5.81228134944343
-3.722294890147202 0.1294095225512602 -5.987478495138485
-4.083900863785662 0.1294095225512602 -6.137260593654664
-4.455270839413057 0.1294095225512602 -6.260864389751056
-4.8345124007592 0.1294095225512602 -6.35766002681528
-5.219693019757414 0.1294095225512602 -6.427154256468402
-5.608849904264585 0.1294095225512602 -6.468992952045611
-0.5808299917932382 0.2499999999999998 -1.387586688464045
-0.6222875336556211 0.2499999999999998 -1.773198324006495
-0.6911486655645156 0.2499999999999998 -2.15486991812272
-0.7870624869760992 0.2499999999999998 -2.530656559856059
-0.9095402430418726 0.2499999999999998 -2.898643326618245
-1.057957815191337 0.2499999999999998 -3.25695504219597
-1.231558901497171 0.2499999999999998 -3.603765832219044
-1.429458870616489 0.2499999999999998 -3.937308428397654
-1.65064926966939 0.2499999999999998 -4.255883174116478
-1.894002963083675 0.2499999999999998 -4.557866685495195
-2.158279876219364 0.2499999999999998 -4.841720123780634
-2.442133314504805 0.2499999999999998 -5.105997036916324
-2.744116825883522 0.2499999999999998 -5.34935073033061
-3.062691571602345 0.2499999999999998 -5.570541129383511
-3.396234167780955 0.2499999999999998 -5.768441098502828
-3.743044957804029 0.2499999999999998 -5.942042184808662
-4.101356673381755 0.2499999999999998 -6.090459756958127
-4.469343440143941 0.2499999999999998 -6.212937513023901
-4.845130081877281 0.2499999999999998 -6.308851334435484
-5.226801675993504 0.2499999999999998 -6.377712466344379
-5.612413311535954 0.2499999999999998 -6.419170008206762
-0.6600868498738466 0.3535533905932735 -1.381918126098405
-0.7009380637364098 0.3535533905932735 -1.761890084969679
-0.7687920825725074 0.3535533905932735 -2.137979626608779
-0.8633031378556852 0.3535533905932735 -2.508270284918948
-0.9839896229120901 0.3535533905932735 -2.87087514358365
-1.130236547077692 0.3535533905932735 -3.223946451359598
-1.30129866954974 0.3535533905932735 -3.565685037793551
-1.49630429696306 0.3535533905932735 -3.894349481382533
-1.714259725339644 0.3535533905932735 -4.208264983458647
-1.954054303776337 0.3535533905932735 -4.50583190257918
-2.214466094067262 0.3535533905932735 -4.785533905932738
-2.494168097420819 0.3535533905932735 -5.045945696223663
-2.791735016541353 0.3535533905932735 -5.285740274660356
-3.105650518617466 0.3535533905932735 -5.503695703036939
-3.434314962206448 0.3535533905932735 -5.69870133045026
-3.776053548640402 0.3535533905932735 -5.869763452922307
-4.12912485641635 0.3535533905932735 -6.01601037708791
-4.491729715081052 0.3535533905932735 -6.136696862144315
-4.862020373391221 0.3535533905932735 -6.231207917427493
-5.23810991503032 0.3535533905932735 -6.29906193626359
-5.618081873901595 0.3535533905932735 -6.339913150126153
-0.7633763982961685 0.433012701892219 -1.37453071179597
-0.8034374301251024 0.433012701892219 -1.747152900934747
-0.8699789536514118 0.433012701892219 -2.115967770153127
-0.962661888523888 0.433012701892219 -2.479095923417506
-1.08101394375125 0.433012701892219 -2.834686942895266
-1.224432024388777 0.433012701892219 -3.180928818259904
-1.392185304771907 0.433012701892219 -3.516057180280299
-1.583418952636298 0.433012701892219 -3.838364291641888
-1.797158485147107 0.433012701892219 -4.146207749184573
-2.032314734640143 0.433012701892219 -4.438018853212746
-2.287689398770625 0.433012701892219 -4.712310601229374
-2.561981146787253 0.433012701892219 -4.967685265359856
-2.853792250815428 0.433012701892219 -5.202841514852893
-3.161635708358112 0.433012701892219 -5.416581047363701
-3.4839428197197 0.433012701892219 -5.607814695228092
-3.819071181740096 0.433012701892219 -5.775567975611222
-4.165313057104733 0.433012701892219 -5.91898605624875
-4.520904076582494 0.433012701892219 -6.037338111476112
-4.884032229846873 0.433012701892219 -6.130021046348588
-5.252847099065252 0.433012701892219 -6.196562569874898
-5.62546928820403 0.433012701892219 -6.236623601703831
-0.8836596250292743 0.4829629131445339 -1.365927885633171
-0.9228004703905244 0.4829629131445339 -1.729991086639331
-0.9878135607564138 0.4829629131445339 -2.090334420396904
-1.078367604320771 0.4829629131445339 -2.445121659875144
-1.194001158434437 0.4829629131445339 -2.792544890626179
-1.334124981011229 0.4829629131445339 -3.130833723502632
-1.49802503317055 0.4829629131445339 -3.458264316154902
-1.684866117815849 0.4829629131445339 -3.77316815733664
-1.893696135607582 0.4829629131445339 -4.073940569255601
-2.123450936643205 0.4829629131445339 -4.359048884643853
-2.372959743121152 0.4829629131445339 -4.627040256878847
-2.640951115356147 0.4829629131445339 -4.876549063356794
-2.926059430744398 0.4829629131445339 -5.106303864392418
-3.226831842663359 0.4829629131445339 -5.31513388218415
-3.541735683845097 0.4829629131445339 -5.501974966829449
-3.869166276497368 0.4829629131445339 -5.66587501898877
-4.207455109373821 0.4829629131445339 -5.805998841565563
-4.554878340124857 0.4829629131445339 -5.921632395679229
-4.909665579603096 0.4829629131445339 -6.012186439243586
-5.270008913360668 0.4829629131445339 -6.077199529609476
-5.634072114366829 0.4829629131445339 -6.116340374970726
2 6 0 105
750
751
752
753
754
755
756
757
758
759
760
761
762
763
764
765
766
767
768
769
770
771
772
773
774
775
776
777
778
779
780
781
782
783
784
785
786
787
788
789
790
791
792
793
794
795
796
797
798
799
800
801
802
803
804
805
806
807
808
809
810
811
812
813
814
815
816
817
818
819
820
821
822
823
824
825
826
827
828
829
830
831
832
833
834
835
836
837
838
839
840
841
842
843
844
845
846
847
848
849
850
851
852
853
854
0.612518546886105 -0.9829629131445342 -1.47293666043202
0.5619316924308739 -0.9829629131445342 -1.943463344049259
0.4779067382003248 -0.9829629131445342 -2.40918235472637
0.3608718561009736 -0.9829629131445342 -2.867720495137288
0.2114234290652046 -0.9829629131445342 -3.316741160024826
0.03032301202054821 -0.9829629131445342 -3.753956243005461
-0.1815065488196677 -0.9829629131445342 -4.177137796234987
-0.422985818569078 -0.9829629131445342 -4.584129383520036
-0.6928842742210426 -0.9829629131445342 -4.972857069022622
-0.9898265751118176 -0.9829629131445342 -5.341339985561779
-1.312299571341331 -0.9829629131445342 -5.687700428658668
-1.65866001443822 -0.9829629131445342 -6.010173424888182
-2.027142930977378 -0.9829629131445342 -6.307115725778957
-2.415870616479963 -0.9829629131445342 -6.577014181430921
-2.822862203765012 -0.9829629131445342 -6.818493451180331
-3.246043756994538 -0.9829629131445342 -7.030323012020547
-3.683258839975173 -0.9829629131445342 -7.211423429065205
-4.132279504862712 -0.9829629131445342 -7.360871856100974
-4.590817645273631 -0.9829629131445342 -7.477906738200325
-5.056536655950739 -0.9829629131445342 -7.561931692430874
-5.52706333956798 -0.9829629131445342 -7.612518546886105
0.7328017736192116 -0.9330127018922193 -1.481539486594818
0.6812947326962959 -0.9330127018922193 -1.960625158344675
0.5957413453053269 -0.9330127018922193 -2.434815704482593
0.4765775718978569 -0.9330127018922193 -2.90169475867965
0.3244106437483918 -0.9330127018922193 -3.358883212293914
0.1400159686429996 -0.9330127018922193 -3.804051337762733
-0.07566682042102446 -0.9330127018922193 -4.234930660360384
-0.3215386533895268 -0.9330127018922193 -4.649325517825284
-0.5963466237605672 -0.9330127018922193 -5.045124248951592
-0.8986903731087557 -0.9330127018922193 -5.420309954130674
-1.227029226990804 -0.9330127018922193 -5.772970773009195
-1.579690045869325 -0.9330127018922193 -6.101309626891243
-1.954875751048408 -0.9330127018922193 -6.403653376239433
-2.350674482174716 -0.9330127018922193 -6.678461346610472
-2.765069339639615 -0.9330127018922193 -6.924333179578975
-3.195948662237266 -0.9330127018922193 -7.140015968642999
-3.641116787706085 -0.9330127018922193 -7.324410643748392
-4.09830524132035 -0.9330127018922193 -7.476577571897857
-4.565184295517408 -0.9330127018922193 -7.595741345305327
-5.039374841655324 -0.9330127018922193 -7.681294732696296
-5.518460513405182 -0.9330127018922193 -7.732801773619212
0.8360913220415336 -0.8535533905932738 -1.488926900897253
0.7837940990849894 -0.8535533905932738 -1.975362342379607
0.6969282163842321 -0.8535533905932738 -2.456827560938244
0.5759363225660614 -0.8535533905932738 -2.930869120181093
0.4214349645875526 -0.8535533905932738 -3.395071412982297
0.2342114459540854 -0.8535533905932738 -3.847068970862427
0.01521981480114398 -0.8535533905932738 -4.284558517873636
-0.2344239977162879 -0.8535533905932738 -4.70531070756593
-0.513447863953103 -0.8535533905932738 -5.107181483225667
-0.8204299422449486 -0.8535533905932738 -5.488123003497108
-1.15380592228744 -0.8535533905932738 -5.846194077712559
-1.511876996502892 -0.8535533905932738 -6.179570057755051
-1.892818516774333 -0.8535533905932738 -6.486552136046897
-2.294689292434069 -0.8535533905932738 -6.765576002283711
-2.715441482126363 -0.8535533905932738 -7.015219814801143
-3.152931029137572 -0.8535533905932738 -7.234211445954084
-3.604928587017702 -0.8535533905932738 -7.421434964587553
-4.069130879818908 -0.8535533905932738 -7.575936322566061
-4.543172439061756 -0.8535533905932738 -7.696928216384232
-5.024637657620392 -0.8535533905932738 -7.783794099084989
-5.511073099102746 -0.8535533905932738 -7.836091322041534
0.9153481801221419 -0.7499999999999998 -1.494595463262894
0.8624446291657781 -0.7499999999999998 -1.986670581416423
0.774571633392223 -0.7499999999999998 -2.473717852452185
0.6521769734456466 -0.7499999999999998 -2.953255395118203
0.4958843444577701 -0.7499999999999998 -3.422839596016892
0.3064901778404412 -0.7499999999999998 -3.8800775616988
0.08495958285371241 -0.7499999999999998 -4.322639312299129
-0.1675785713697175 -0.7499999999999998 -4.748269654581051
-0.4498374082828498 -0.7499999999999998 -5.154799673883498
-0.7603786015522882 -0.7499999999999998 -5.540157786413122
-1.097619704439543 -0.7499999999999998 -5.902380295560456
-1.459842213586877 -0.7499999999999998 -6.239621398447711
-1.845200326116502 -0.7499999999999998 -6.55016259171715
-2.251730345418948 -0.7499999999999998 -6.832421428630282
-2.677360687700869 -0.7499999999999998 -7.084959582853712
-3.1199224383012 -0.7499999999999998 -7.30649017784044
-3.577160403983107 -0.7499999999999998 -7.49588434445777
-4.046744604881797 -0.7499999999999998 -7.652176973445647
-4.526282147547816 -0.7499999999999998 -7.774571633392223
-5.013329418583576 -0.7499999999999998 -7.862444629165778
-5.505404536737106 -0.7499999999999998 -7.915348180122142
0.9651711239609924 -0.6294095225512599 -1.498158870534263
0.9118864192898011 -0.6294095225512599 -1.993779237652513
0.8233803257720202 -0.6294095225512599 -2.484335533570265
0.7001038501728027 -0.6294095225512599 -2.967327995849088
0.5426851811543063 -0.6294095225512599 -3.440295405612984
0.351926488170264 -0.6294095225512599 -3.900827629355627
0.1287998337943153 -0.6294095225512599 -4.346577900428255
-0.1255577796880436 -0.6294095225512599 -4.775274777624582
-0.4098502041824874 -0.6294095225512599 -5.184733719924535
-0.722628750659446 -0.6294095225512599 -5.572868218414535
-1.062299571341331 -0.6294095225512599 -5.937700428658669
-1.427131781585464 -0.6294095225512599 -6.277371249340553
-1.815266280075465 -0.6294095225512599 -6.590149795817513
-2.224725222375417 -0.6294095225512599 -6.874442220311956
-2.653422099571744 -0.6294095225512599 -7.128799833794314
-3.099172370644372 -0.6294095225512599 -7.351926488170263
-3.559704594387015 -0.6294095225512599 -7.542685181154306
-4.032672004150912 -0.6294095225512599 -7.700103850172803
-4.515664466429735 -0.6294095225512599 -7.82338032577202
-5.006220762347486 -0.6294095225512599 -7.911886419289801
-5.501841129465737 -0.6294095225512599 -7.965171123960992
2 7 0 105
855
856
857
858
859
860
861
862
863
864
865
866
867
868
869
870
871
872
873
874
875
876
877
878
879
880
881
882
883
884
885
886
887
888
889
890
891
892
893
894
895
896
897
898
899
900
901
902
903
904
905
906
907
908
909
910
911
912
913
914
915
916
917
918
919
920
921
922
923
924
925
926
927
928
929
930
931
932
933
934
935
936
937
938
939
940
941
942
943
944
945
946
947
948
949
950
951
952
953
954
955
956
957
958
959
-0.6430931715630628 0.9829629131445341 -1.383133537958768
-0.6840743898596813 0.9829629131445341 -1.764314715230163
-0.7521443465464106 0.9829629131445341 -2.141601119909351
-0.8469561727270056 0.9829629131445341 -2.513070186959868
-0.9680267290680638 0.9829629131445341 -2.876828995164354
-1.114739067766327 0.9829629131445341 -3.231023913017176
-1.286345576373265 0.9829629131445341 -3.573850044405695
-1.481971787456748 0.9829629131445341 -3.903560425947135
-1.700620834686632 0.9829629131445341 -4.218474929113542
-1.941178532637082 0.9829629131445341 -4.516988821781641
-2.202419054420098 0.9829629131445341 -4.797580945579902
-2.483011178218359 0.9829629131445341 -5.058821467362918
-2.781525070886458 0.9829629131445341 -5.299379165313368
-3.096439574052865 0.9829629131445341 -5.518028212543252
-3.426149955594304 0.9829629131445341 -5.713654423626735
-3.768976086982824 0.9829629131445341 -5.885260932233673
-4.123171004835646 0.9829629131445341 -6.031973270931936
-4.486929813040132 0.9829629131445341 -6.153043827272994
-4.858398880090649 0.9829629131445341 -6.247855653453589
-5.235685284769836 0.9829629131445341 -6.315925610140319
-5.616866462041232 0.9829629131445341 -6.356906828436937
-0.7633763982961694 0.9330127018922194 -1.37453071179597
-0.8034374301251033 0.9330127018922194 -1.747152900934747
-0.8699789536514126 0.9330127018922194 -2.115967770153127
-0.9626618885238889 0.9330127018922194 -2.479095923417506
-1.081013943751251 0.9330127018922194 -2.834686942895266
-1.224432024388778 0.9330127018922194 -3.180928818259904
-1.392185304771908 0.9330127018922194 -3.516057180280298
-1.583418952636299 0.9330127018922194 -3.838364291641887
-1.797158485147108 0.9330127018922194 -4.146207749184572
-2.032314734640143 0.9330127018922194 -4.438018853212746
-2.287689398770625 0.9330127018922194 -4.712310601229374
-2.561981146787253 0.9330127018922194 -4.967685265359856
-2.853792250815428 0.9330127018922194 -5.202841514852892
-3.161635708358112 0.9330127018922194 -5.4165810473637
-3.483942819719701 0.9330127018922194 -5.607814695228091
-3.819071181740096 0.9330127018922194 -5.775567975611221
-4.165313057104733 0.9330127018922194 -5.918986056248749
-4.520904076582495 0.9330127018922194 -6.037338111476111
-4.884032229846873 0.9330127018922194 -6.130021046348587
-5.252847099065252 0.9330127018922194 -6.196562569874897
-5.62546928820403 0.9330127018922194 -6.236623601703831
-0.8666659467184905 0.8535533905932742 -1.367143297493535
-0.9059367965137968 0.8535533905932742 -1.732415716899815
-0.971165824730317 0.8535533905932742 -2.093955913697476
-1.062020639192092 0.8535533905932742 -2.449921561916064
-1.178038264590411 0.8535533905932742 -2.798498742206883
-1.318627501699863 0.8535533905932742 -3.13791118516021
-1.483071939994075 0.8535533905932742 -3.466429322767046
-1.670533608309537 0.8535533905932742 -3.782379101901241
-1.880057244954572 0.8535533905932742 -4.084150514910497
-2.11057516550395 0.8535533905932742 -4.370205803846313
-2.360912703473988 0.8535533905932742 -4.639087296526012
-2.629794196153687 0.8535533905932742 -4.889424834496049
-2.915849485089503 0.8535533905932742 -5.119942755045428
-3.217620898098758 0.8535533905932742 -5.329466391690462
-3.533570677232953 0.8535533905932742 -5.516928060005925
-3.86208881483979 0.8535533905932742 -5.681372498300137
-4.201501257793116 0.8535533905932742 -5.821961735409589
-4.550078438083936 0.8535533905932742 -5.937979360807908
-4.906044086302525 0.8535533905932742 -6.028834175269683
-5.267584283100184 0.8535533905932742 -6.094063203486203
-5.632856702506466 0.8535533905932742 -6.133334053281509
-0.9459228047990988 0.7500000000000007 -1.361474735127894
-0.9845873265945846 0.7500000000000007 -1.721107477862999
-1.048809241738308 0.7500000000000007 -2.077065622183535
-1.138261290071678 0.7500000000000007 -2.427535286978952
-1.252487644460629 0.7500000000000007 -2.770730559172287
-1.390906233586219 0.7500000000000007 -3.104902594323837
-1.552811708046644 0.7500000000000007 -3.428348528341553
-1.737379034656107 0.7500000000000007 -3.73942015488612
-1.943667700624824 0.7500000000000007 -4.036532324252666
-2.170626506196611 0.7500000000000007 -4.318171020930299
-2.417098921321885 0.7500000000000007 -4.582901078678114
-2.681828979069701 0.7500000000000007 -4.829373493803389
-2.963467675747334 0.7500000000000007 -5.056332299375176
-3.260579845113879 0.7500000000000007 -5.262620965343892
-3.571651471658447 0.7500000000000007 -5.447188291953355
-3.895097405676163 0.7500000000000007 -5.609093766413781
-4.229269440827712 0.7500000000000007 -5.747512355539371
-4.572464713021048 0.7500000000000007 -5.861738709928322
-4.922934377816465 0.7500000000000007 -5.951190758261692
-5.278892522137 0.7500000000000007 -6.015412673405415
-5.638525264872106 0.7500000000000007 -6.054077195200901
-0.9957457486379493 0.6294095225512611 -1.357911327856525
-1.034029116718608 0.6294095225512611 -1.713998821626909
-1.097617934118105 0.6294095225512611 -2.066447941065455
-1.186188166798834 0.6294095225512611 -2.413462686248068
-1.299288481157165 0.6294095225512611 -2.753274749576196
-1.436342543916042 0.6294095225512611 -3.08415252666701
-1.596651958987247 0.6294095225512611 -3.404409940212428
-1.779399826337781 0.6294095225512611 -3.712415031842589
-1.983654904725187 0.6294095225512611 -4.00659827821163
-2.208376357089453 0.6294095225512611 -4.285460588928885
-2.452419054420098 0.6294095225512611 -4.547580945579901
-2.714539411071114 0.6294095225512611 -4.791623642910547
-2.99340172178837 0.6294095225512611 -5.016345095274813
-3.287584968157411 0.6294095225512611 -5.220600173662218
-3.595590059787571 0.6294095225512611 -5.403348041012753
-3.91584747333299 0.6294095225512611 -5.563657456083957
-4.246725250423804 0.6294095225512611 -5.700711518842835
-4.586537313751932 0.6294095225512611 -5.813811833201166
-4.933552058934546 0.6294095225512611 -5.902382065881895
-5.286001178373089 0.6294095225512611 -5.965970883281392
-5.642088672143475 0.6294095225512611 -6.004254251362051
2 8 0 21
960
961
962
963
964
965
966
967
968
969
970
971
972
973
974
975
976
977
978
979
980
0.9821648022717744 -2.109423746787797e-15 -1.499374282394626
0.9287500931665287 -2.109423746787797e-15 -1.996203867912996
0.8400280617981171 -2.109423746787797e-15 -2.487957026870837
0.7164508153014815 -2.109423746787797e-15 -2.972127897890008
0.5586480749983318 -2.109423746787797e-15 -3.446249257193688
0.3674239674816295 -2.109423746787797e-15 -3.907905091013204
0.1437529269707891 -2.109423746787797e-15 -4.354742907040398
-0.1112252701817313 -2.109423746787797e-15 -4.784485722189183
-0.3962113135294771 -2.109423746787797e-15 -5.194943665579428
-0.7097529795201911 -2.109423746787797e-15 -5.584025137616995
-1.050252531694167 -2.109423746787797e-15 -5.949747468305832
-1.415974862383004 -2.109423746787797e-15 -6.290247020479808
-1.805056334420572 -2.109423746787797e-15 -6.603788686470523
-2.215514277810816 -2.109423746787797e-15 -6.888774729818268
-2.645257092959601 -2.109423746787797e-15 -7.143752926970789
-3.092094908986795 -2.109423746787797e-15 -7.367423967481629
-3.553750742806311 -2.109423746787797e-15 -7.558648074998332
-4.027872102109993 -2.109423746787797e-15 -7.716450815301481
-4.512042973129164 -2.109423746787797e-15 -7.840028061798117
-5.003796132087002 -2.109423746787797e-15 -7.928750093166529
-5.500625717605374 -2.109423746787797e-15 -7.982164802271774
2 9 0 21
981
982
983
984
985
986
987
988
989
990
991
992
993
994
995
996
997
998
999
1000
1001
-0.01528731233847758 1 -1.428035099195394
-0.06107134871440234 1 -1.853889029639711
-0.1371188041730411 1 -2.27539173731786
-0.2430421583130142 1 -2.690395341048578
-0.3783016500014282 1 -3.09678507759459
-0.5422080278728876 1 -3.492490078011319
-0.7339260625964643 1 -3.875493920320342
-0.9524788030129114 1 -4.243844904733587
-1.196752554453836 1 -4.595665999068083
-1.465502553874448 1 -4.929164403671711
-1.757359312880713 1 -5.242640687119286
-2.070835596328288 1 -5.534497446125551
-2.404334000931917 1 -5.803247445546164
-2.756155095266413 1 -6.047521196987088
-3.124506079679657 1 -6.266073937403535
-3.507509921988681 1 -6.457791972127112
-3.903214922405409 1 -6.621698349998572
-4.309604658951422 1 -6.756957841686986
-4.72460826268214 1 -6.862881195826959
-5.146110970360287 1 -6.938928651285598
-5.571964900804605 1 -6.984712687661522
2 10 0 105
1002
1003
1004
1005
1006
1007
1008
1009
1010
1011
1012
1013
1014
1015
1016
1017
1018
1019
1020
1021
1022
1023
1024
1025
1026
1027
1028
1029
1030
1031
1032
1033
1034
1035
1036
1037
1038
1039
1040
1041
1042
1043
1044
1045
1046
1047
1048
1049
1050
1051
1052
1053
1054
1055
1056
1057
1058
1059
1060
1061
1062
1063
1064
1065
1066
1067
1068
1069
1070
1071
1072
1073
1074
1075
1076
1077
1078
1079
1080
1081
1082
1083
1084
1085
1086
1087
1088
1089
1090
1091
1092
1093
1094
1095
1096
1097
1098
1099
1100
1101
1102
1103
1104
1105
1106
0.9651711239609915 0.6294095225512603 -1.498158870534263
0.9118864192898002 0.6294095225512603 -1.993779237652512
0.8233803257720194 0.6294095225512603 -2.484335533570265
0.7001038501728019 0.6294095225512603 -2.967327995849088
0.5426851811543063 0.6294095225512603 -3.440295405612984
0.3519264881702631 0.6294095225512603 -3.900827629355627
0.1287998337943144 0.6294095225512603 -4.346577900428255
-0.1255577796880445 0.6294095225512603 -4.775274777624581
-0.4098502041824883 0.6294095225512603 -5.184733719924534
-0.722628750659446 0.6294095225512603 -5.572868218414535
-1.062299571341331 0.6294095225512603 -5.937700428658668
-1.427131781585464 0.6294095225512603 -6.277371249340553
-1.815266280075466 0.6294095225512603 -6.590149795817512
-2.224725222375417 0.6294095225512603 -6.874442220311956
-2.653422099571745 0.6294095225512603 -7.128799833794313
-3.099172370644373 0.6294095225512603 -7.351926488170262
-3.559704594387015 0.6294095225512603 -7.542685181154306
-4.032672004150912 0.6294095225512603 -7.700103850172802
-4.515664466429735 0.6294095225512603 -7.823380325772019
-5.006220762347486 0.6294095225512603 -7.9118864192898
-5.501841129465737 0.6294095225512603 -7.965171123960991
0.9153481801221419 0.7499999999999998 -1.494595463262894
0.8624446291657781 0.7499999999999998 -1.986670581416423
0.774571633392223 0.7499999999999998 -2.473717852452185
0.6521769734456466 0.7499999999999998 -2.953255395118203
0.4958843444577701 0.7499999999999998 -3.422839596016892
0.3064901778404412 0.7499999999999998 -3.8800775616988
0.08495958285371241 0.7499999999999998 -4.322639312299129
-0.1675785713697175 0.7499999999999998 -4.748269654581051
-0.4498374082828498 0.7499999999999998 -5.154799673883498
-0.7603786015522882 0.7499999999999998 -5.540157786413122
-1.097619704439543 0.7499999999999998 -5.902380295560456
-1.459842213586877 0.7499999999999998 -6.239621398447711
-1.845200326116502 0.7499999999999998 -6.55016259171715
-2.251730345418948 0.7499999999999998 -6.832421428630282
-2.677360687700869 0.7499999999999998 -7.084959582853712
-3.1199224383012 0.7499999999999998 -7.30649017784044
-3.577160403983107 0.7499999999999998 -7.49588434445777
-4.046744604881797 0.7499999999999998 -7.652176973445647
-4.526282147547816 0.7499999999999998 -7.774571633392223
-5.013329418583576 0.7499999999999998 -7.862444629165778
-5.505404536737106 0.7499999999999998 -7.915348180122142
0.8360913220415336 0.8535533905932735 -1.488926900897253
0.7837940990849894 0.8535533905932735 -1.975362342379607
0.6969282163842321 0.8535533905932735 -2.456827560938244
0.5759363225660614 0.8535533905932735 -2.930869120181093
0.4214349645875526 0.8535533905932735 -3.395071412982297
0.2342114459540854 0.8535533905932735 -3.847068970862427
0.01521981480114398 0.8535533905932735 -4.284558517873636
-0.2344239977162879 0.8535533905932735 -4.70531070756593
-0.513447863953103 0.8535533905932735 -5.107181483225667
-0.8204299422449486 0.8535533905932735 -5.488123003497108
-1.15380592228744 0.8535533905932735 -5.846194077712559
-1.511876996502892 0.8535533905932735 -6.179570057755051
-1.892818516774333 0.8535533905932735 -6.486552136046897
-2.294689292434069 0.8535533905932735 -6.765576002283711
-2.715441482126363 0.8535533905932735 -7.015219814801143
-3.152931029137572 0.8535533905932735 -7.234211445954084
-3.604928587017702 0.8535533905932735 -7.421434964587553
-4.069130879818908 0.8535533905932735 -7.575936322566061
-4.543172439061756 0.8535533905932735 -7.696928216384232
-5.024637657620392 0.8535533905932735 -7.783794099084989
-5.511073099102746 0.8535533905932735 -7.836091322041534
0.7328017736192125 0.933012701892219 -1.481539486594818
0.6812947326962968 0.933012701892219 -1.960625158344675
0.5957413453053277 0.933012701892219 -2.434815704482593
0.4765775718978578 0.933012701892219 -2.901694758679651
0.3244106437483927 0.933012701892219 -3.358883212293914
0.1400159686430005 0.933012701892219 -3.804051337762734
-0.07566682042102357 0.933012701892219 -4.234930660360384
-0.3215386533895259 0.933012701892219 -4.649325517825284
-0.5963466237605664 0.933012701892219 -5.045124248951592
-0.8986903731087557 0.933012701892219 -5.420309954130675
-1.227029226990803 0.933012701892219 -5.772970773009196
-1.579690045869325 0.933012701892219 -6.101309626891244
-1.954875751048408 0.933012701892219 -6.403653376239434
-2.350674482174715 0.933012701892219 -6.678461346610473
-2.765069339639615 0.933012701892219 -6.924333179578976
-3.195948662237266 0.933012701892219 -7.140015968643
-3.641116787706085 0.933012701892219 -7.324410643748393
-4.09830524132035 0.933012701892219 -7.476577571897858
-4.565184295517408 0.933012701892219 -7.595741345305328
-5.039374841655324 0.933012701892219 -7.681294732696297
-5.518460513405182 0.933012701892219 -7.732801773619213
0.6125185468861059 0.9829629131445339 -1.47293666043202
0.5619316924308748 0.9829629131445339 -1.943463344049259
0.4779067382003257 0.9829629131445339 -2.40918235472637
0.3608718561009745 0.9829629131445339 -2.867720495137288
0.2114234290652055 0.9829629131445339 -3.316741160024826
0.0303230120205491 0.9829629131445339 -3.753956243005462
-0.1815065488196668 0.9829629131445339 -4.177137796234987
-0.422985818569078 0.9829629131445339 -4.584129383520036
-0.6928842742210417 0.9829629131445339 -4.972857069022622
-0.9898265751118176 0.9829629131445339 -5.34133998556178
-1.312299571341331 0.9829629131445339 -5.687700428658668
-1.658660014438219 0.9829629131445339 -6.010173424888182
-2.027142930977378 0.9829629131445339 -6.307115725778958
-2.415870616479963 0.9829629131445339 -6.577014181430922
-2.822862203765011 0.9829629131445339 -6.818493451180332
-3.246043756994538 0.9829629131445339 -7.030323012020548
-3.683258839975173 0.9829629131445339 -7.211423429065206
-4.132279504862712 0.9829629131445339 -7.360871856100974
-4.590817645273631 0.9829629131445339 -7.477906738200326
-5.056536655950739 0.9829629131445339 -7.561931692430875
-5.52706333956798 0.9829629131445339 -7.612518546886106
2 11 0 231
1107
1108
1109
1110
1111
1112
1113
1114
1115
1116
1117
1118
1119
1120
1121
1122
1123
1124
1125
1126
1127
1128
1129
1130
1131
1132
1133
1134
1135
1136
1137
1138
1139
1140
1141
1142
1143
1144
1145
1146
1147
1148
1149
1150
1151
1152
1153
1154
1155
1156
1157
1158
1159
1160
1161
1162
1163
1164
1165
1166
1167
1168
1169
1170
1171
1172
1173
1174
1175
1176
1177
1178
1179
1180
1181
1182
1183
1184
1185
1186
1187
1188
1189
1190
1191
1192
1193
1194
1195
1196
1197
1198
1199
1200
1201
1202
1203
1204
1205
1206
1207
1208
1209
1210
1211
1212
1213
1214
1215
1216
1217
1218
1219
1220
1221
1222
1223
1224
1225
1226
1227
1228
1229
1230
1231
1232
1233
1234
1235
1236
1237
1238
1239
1240
1241
1242
1243
1244
1245
1246
1247
1248
1249
1250
1251
1252
1253
1254
1255
1256
1257
1258
1259
1260
1261
1262
1263
1264
1265
1266
1267
1268
1269
1270
1271
1272
1273
1274
1275
1276
1277
1278
1279
1280
1281
1282
1283
1284
1285
1286
1287
1288
1289
1290
1291
1292
1293
1294
1295
1296
1297
1298
1299
1300
1301
1302
1303
1304
1305
1306
1307
1308
1309
1310
1311
1312
1313
1314
1315
1316
1317
1318
1319
1320
1321
1322
1323
1324
1325
1326
1327
1328
1329
1330
1331
1332
1333
1334
1335
1336
1337
0.6993934625443954 0.6249999999999998 -1.479150077028952
0.6481420006959207 0.6249999999999998 -1.955858515096388
0.5630131311023803 0.6249999999999998 -2.427696117273267
0.4444406509699403 0.6249999999999998 -2.892258507293748
0.2930287784781109 0.6249999999999998 -3.347178381705516
0.1095490738224054 0.6249999999999998 -3.790137573105531
-0.1050634924795624 0.6249999999999998 -4.21887886298975
-0.349715303983519 0.6249999999999998 -4.631217484021217
-0.6231596711372536 0.6249999999999998 -5.025052253103627
-0.9240031841248042 0.6249999999999998 -5.398376278528738
-1.250712813363491 0.6249999999999998 -5.749287186636508
-1.601623721471261 0.6249999999999998 -6.075996815875195
-1.974947746896373 0.6249999999999998 -6.376840328862746
-2.368782515978781 0.6249999999999998 -6.65028469601648
-2.781121137010249 0.6249999999999998 -6.894936507520437
-3.209862426894469 0.6249999999999998 -7.109549073822405
-3.652821618294483 0.6249999999999998 -7.293028778478111
-4.107741492706252 0.6249999999999998 -7.44444065096994
-4.572303882726734 0.6249999999999998 -7.56301313110238
-5.04414148490361 0.6249999999999998 -7.648142000695921
-5.520849922971048 0.6249999999999998 -7.699393462544395
0.6081202592929298 0.7165063509461095 -1.472622088694914
0.5575670524611791 0.7165063509461095 -1.942835803560514
0.4735979870589322 0.7165063509461095 -2.408245043288471
0.356640950196045 0.7165063509461095 -2.866478189074471
0.2072919281234213 0.7165063509461095 -3.315200189844026
0.02631196922368506 0.7165063509461095 -3.752124461137497
-0.1853766941169317 0.7165063509461095 -4.175024537020377
-0.4266953449934245 0.7165063509461095 -4.581745415643334
-0.6964142788761123 0.7165063509461095 -4.970214540637674
-0.9931590699030384 0.7165063509461095 -5.338452362387513
-1.315417574639122 0.7165063509461095 -5.684582425360877
-1.661547637612486 0.7165063509461095 -6.006840930096961
-2.029785459362326 0.7165063509461095 -6.303585721123888
-2.418254584356665 0.7165063509461095 -6.573304655006575
-2.824975462979622 0.7165063509461095 -6.814623305883068
-3.247875538862502 0.7165063509461095 -7.026311969223684
-3.684799810155973 0.7165063509461095 -7.207291928123421
-4.133521810925529 0.7165063509461095 -7.356640950196045
-4.59175495671153 0.7165063509461095 -7.473597987058932
-5.057164196439484 0.7165063509461095 -7.557567052461179
-5.527377911305086 0.7165063509461095 -7.60812025929293
0.483438744966648 0.75 -1.46370469079501
0.4338393722260623 0.75 -1.925046448776353
0.3514546288125366 0.75 -2.381674382094348
0.2367043284942332 0.75 -2.831261619469293
0.09017321249845089 0.75 -3.271517167394139
-0.08739203019563035 0.75 -3.700197584512261
-0.295086567812838 0.75 -4.115118413680369
-0.5318520365973223 0.75 -4.514165313461384
-0.7964819339916573 0.75 -4.895304832323755
-1.08762776669732 0.75 -5.256594770644353
-1.40380592228744 0.75 -5.596194077712559
-1.743405229355647 0.75 -5.912372233302679
-2.104695167676245 0.75 -6.203518066008343
-2.485834686538615 0.75 -6.468147963402677
-2.884881586319629 0.75 -6.704913432187161
-3.299802415487738 0.75 -6.912607969804369
-3.72848283260586 0.75 -7.090173212498451
-4.168738380530708 0.75 -7.236704328494233
-4.618325617905652 0.75 -7.351454628812537
-5.074953551223645 0.75 -7.433839372226062
-5.53629530920499 0.75 -7.483438744966648
0.3587572306403661 0.7165063509461099 -1.454787292895106
0.3101116919909455 0.7165063509461099 -1.907257093992193
0.229311270566142 0.7165063509461099 -2.355103720900226
0.1167677067924204 0.7165063509461099 -2.796045049864114
-0.02694550312651955 0.7165063509461099 -3.227834144944252
-0.2010960296149449 0.7165063509461099 -3.648270707887026
-0.4047964415087453 0.7165063509461099 -4.055212290340362
-0.63700872820122 0.7165063509461099 -4.446585211279435
-0.8965495891072024 0.7165063509461099 -4.820395124009837
-1.182096463491603 0.7165063509461099 -5.174737178901192
-1.49219426993576 0.7165063509461099 -5.50780573006424
-1.825262821098807 0.7165063509461099 -5.817903536508396
-2.179604875990163 0.7165063509461099 -6.103450410892798
-2.553414788720565 0.7165063509461099 -6.362991271798779
-2.944787709659637 0.7165063509461099 -6.595203558491254
-3.351729292112974 0.7165063509461099 -6.798903970385054
-3.772165855055748 0.7165063509461099 -6.97305449687348
-4.203954950135886 0.7165063509461099 -7.11676770679242
-4.644896279099774 0.7165063509461099 -7.229311270566142
-5.092742906007806 0.7165063509461099 -7.310111691990945
-5.545212707104894 0.7165063509461099 -7.358757230640366
0.2674840273889014 0.6250000000000006 -1.448259304561069
0.2195367437562048 0.6250000000000006 -1.894234382456319
0.1398961265226939 0.6250000000000006 -2.33565264691543
0.02896800601852689 0.6250000000000006 -2.770264731644838
-0.1126823534812083 0.6250000000000006 -3.195855953082762
-0.2843331342136652 0.6250000000000006 -3.610257595918993
-0.4851096431461128 0.6250000000000006 -4.01135796437099
-0.7139887692111246 0.6250000000000006 -4.397113142901551
-0.9698041968460611 0.6250000000000006 -4.765557411543885
-1.251252349269836 0.6250000000000006 -5.114813262759967
-1.55689903121139 0.6250000000000006 -5.44310096878861
-1.885186737240032 0.6250000000000006 -5.748747650730163
-2.234442588456116 0.6250000000000006 -6.030195803153939
-2.602886857098448 0.6250000000000006 -6.286011230788875
-2.98864203562901 0.6250000000000006 -6.514890356853886
-3.389742404081007 0.6250000000000006 -6.715666865786334
-3.804144046917237 0.6250000000000006 -6.887317646518792
-4.229735268355163 0.6250000000000006 -7.028968006018527
-4.664347353084571 0.6250000000000006 -7.139896126522694
-5.10576561754368 0.6250000000000006 -7.219536743756205
-5.551740695438932 0.6250000000000006 -7.267484027388901
0.2340757163140843 0.5000000000000008 -1.445869894995202
0.1863840117558295 0.5000000000000008 -1.889467739208032
0.1071679123197473 0.5000000000000008 -2.328533059706104
-0.003168914909391418 0.5000000000000008 -2.760828480258935
-0.1440642187514891 0.5000000000000008 -3.184151122494364
-0.3148000290342594 0.5000000000000008 -3.59634383126179
-0.5145063152046525 0.5000000000000008 -3.995306167000355
-0.7421654198051177 0.5000000000000008 -4.379005109097484
-0.9966172442227474 0.5000000000000008 -4.745485415695919
-1.276565160285885 0.5000000000000008 -5.092879587158031
-1.580582617584078 0.5000000000000008 -5.419417382415921
-1.907120412841969 0.5000000000000008 -5.723434839714114
-2.254514584304081 0.5000000000000008 -6.003382755777253
-2.620994890902514 0.5000000000000008 -6.257834580194882
-3.004693832999644 0.5000000000000008 -6.485493684795347
-3.40365616873821 0.5000000000000008 -6.68519997096574
-3.815848877505635 0.5000000000000008 -6.855935781248511
-4.239171519741065 0.5000000000000008 -6.996831085090609
-4.671466940293897 0.5000000000000008 -7.107167912319747
-5.110532260791967 0.5000000000000008 -7.18638401175583
-5.554130105004798 0.5000000000000008 -7.234075716314084
0.2674840273889005 0.375000000000001 -1.448259304561068
0.2195367437562048 0.375000000000001 -1.894234382456319
0.139896126522693 0.375000000000001 -2.33565264691543
0.028968006018526 0.375000000000001 -2.770264731644837
-0.1126823534812091 0.375000000000001 -3.195855953082762
-0.2843331342136661 0.375000000000001 -3.610257595918992
-0.4851096431461137 0.375000000000001 -4.011357964370989
-0.7139887692111246 0.375000000000001 -4.397113142901551
-0.9698041968460611 0.375000000000001 -4.765557411543884
-1.251252349269837 0.375000000000001 -5.114813262759967
-1.55689903121139 0.375000000000001 -5.44310096878861
-1.885186737240032 0.375000000000001 -5.748747650730162
-2.234442588456116 0.375000000000001 -6.030195803153939
-2.602886857098449 0.375000000000001 -6.286011230788874
-2.98864203562901 0.375000000000001 -6.514890356853885
-3.389742404081007 0.375000000000001 -6.715666865786333
-3.804144046917237 0.375000000000001 -6.887317646518791
-4.229735268355163 0.375000000000001 -7.028968006018526
-4.664347353084571 0.375000000000001 -7.139896126522693
-5.10576561754368 0.375000000000001 -7.219536743756205
-5.551740695438932 0.375000000000001 -7.267484027388901
0.3587572306403652 0.283493649053891 -1.454787292895106
0.3101116919909446 0.283493649053891 -1.907257093992193
0.2293112705661411 0.283493649053891 -2.355103720900226
0.1167677067924195 0.283493649053891 -2.796045049864114
-0.02694550312651955 0.283493649053891 -3.227834144944251
-0.2010960296149458 0.283493649053891 -3.648270707887025
-0.4047964415087462 0.283493649053891 -4.055212290340362
-0.6370087282012209 0.283493649053891 -4.446585211279434
-0.8965495891072033 0.283493649053891 -4.820395124009837
-1.182096463491604 0.283493649053891 -5.174737178901191
-1.49219426993576 0.283493649053891 -5.50780573006424
-1.825262821098808 0.283493649053891 -5.817903536508396
-2.179604875990164 0.283493649053891 -6.103450410892797
-2.553414788720565 0.283493649053891 -6.362991271798779
-2.944787709659637 0.283493649053891 -6.595203558491253
-3.351729292112974 0.283493649053891 -6.798903970385053
-3.772165855055748 0.283493649053891 -6.97305449687348
-4.203954950135886 0.283493649053891 -7.11676770679242
-4.644896279099775 0.283493649053891 -7.229311270566141
-5.092742906007806 0.283493649053891 -7.310111691990945
-5.545212707104894 0.283493649053891 -7.358757230640365
0.4834387449666462 0.25 -1.46370469079501
0.4338393722260605 0.25 -1.925046448776353
0.3514546288125349 0.25 -2.381674382094348
0.2367043284942314 0.25 -2.831261619469292
0.09017321249844912 0.25 -3.271517167394138
-0.08739203019563213 0.25 -3.700197584512261
-0.2950865678128398 0.25 -4.115118413680369
-0.5318520365973241 0.25 -4.514165313461383
-0.7964819339916591 0.25 -4.895304832323754
-1.087627766697322 0.25 -5.256594770644352
-1.403805922287442 0.25 -5.596194077712557
-1.743405229355648 0.25 -5.912372233302677
-2.104695167676246 0.25 -6.203518066008341
-2.485834686538616 0.25 -6.468147963402676
-2.88488158631963 0.25 -6.704913432187159
-3.299802415487739 0.25 -6.912607969804368
-3.728482832605861 0.25 -7.090173212498449
-4.168738380530709 0.25 -7.236704328494231
-4.618325617905652 0.25 -7.351454628812535
-5.074953551223645 0.25 -7.433839372226061
-5.53629530920499 0.25 -7.483438744966646
0.608120259292928 0.2834936490538896 -1.472622088694914
0.5575670524611773 0.2834936490538896 -1.942835803560514
0.4735979870589304 0.2834936490538896 -2.40824504328847
0.3566409501960432 0.2834936490538896 -2.866478189074471
0.2072919281234196 0.2834936490538896 -3.315200189844026
0.02631196922368328 0.2834936490538896 -3.752124461137496
-0.1853766941169326 0.2834936490538896 -4.175024537020375
-0.4266953449934263 0.2834936490538896 -4.581745415643333
-0.6964142788761141 0.2834936490538896 -4.970214540637672
-0.9931590699030393 0.2834936490538896 -5.338452362387512
-1.315417574639124 0.2834936490538896 -5.684582425360876
-1.661547637612488 0.2834936490538896 -6.00684093009696
-2.029785459362328 0.2834936490538896 -6.303585721123886
-2.418254584356666 0.2834936490538896 -6.573304655006574
-2.824975462979623 0.2834936490538896 -6.814623305883067
-3.247875538862503 0.2834936490538896 -7.026311969223682
-3.684799810155973 0.2834936490538896 -7.20729192812342
-4.133521810925529 0.2834936490538896 -7.356640950196043
-4.59175495671153 0.2834936490538896 -7.47359798705893
-5.057164196439485 0.2834936490538896 -7.557567052461177
-5.527377911305086 0.2834936490538896 -7.608120259292928
0.6993934625443945 0.3749999999999993 -1.479150077028952
0.6481420006959198 0.3749999999999993 -1.955858515096388
0.5630131311023794 0.3749999999999993 -2.427696117273266
0.4444406509699395 0.3749999999999993 -2.892258507293748
0.29302877847811 0.3749999999999993 -3.347178381705516
0.1095490738224045 0.3749999999999993 -3.790137573105531
-0.1050634924795633 0.3749999999999993 -4.218878862989749
-0.3497153039835199 0.3749999999999993 -4.631217484021217
-0.6231596711372536 0.3749999999999993 -5.025052253103627
-0.9240031841248051 0.3749999999999993 -5.398376278528737
-1.250712813363492 0.3749999999999993 -5.749287186636507
-1.601623721471262 0.3749999999999993 -6.075996815875195
-1.974947746896373 0.3749999999999993 -6.376840328862746
-2.368782515978782 0.3749999999999993 -6.650284696016479
-2.78112113701025 0.3749999999999993 -6.894936507520436
-3.209862426894469 0.3749999999999993 -7.109549073822405
-3.652821618294483 0.3749999999999993 -7.29302877847811
-4.107741492706253 0.3749999999999993 -7.444440650969939
-4.572303882726734 0.3749999999999993 -7.563013131102379
-5.04414148490361 0.3749999999999993 -7.64814200069592
-5.520849922971048 0.3749999999999993 -7.699393462544394
2 12 0 95
1338
1339
1340
1341
1342
1343
1344
1345
1346
1347
1348
1349
1350
1351
1352
1353
1354
1355
1356
1357
1358
1359
1360
1361
1362
1363
1364
1365
1366
1367
1368
1369
1370
1371
1372
1373
1374
1375
1376
1377
1378
1379
1380
1381
1382
1383
1384
1385
1386
1387
1388
1389
1390
1391
1392
1393
1394
1395
1396
1397
1398
1399
1400
1401
1402
1403
1404
1405
1406
1407
1408
1409
1410
1411
1412
1413
1414
1415
1416
1417
1418
1419
1420
1421
1422
1423
1424
1425
1426
1427
1428
1429
1430
1431
1432
-6 -0.1231745917615978 -7.043212085039987
-6 -0.4257973962510581 -7.413050600620497
-6 0.4153914196201225 -6.824446923226917
-6 0.6462428157406617 -6.901267683075875
-6 -0.6870600289658948 -6.370067627384063
-6 0.6855420712998092 -6.504781413422154
-6 -0.5199886796445622 -6.767707746139105
-6 0.007469211077294781 -7.424441967370367
-6 0.4576968970471493 -6.625603159022655
-6 0.1159845569317856 -6.764026614595927
-6 -0.02032562891217079 -7.630071283372049
-6 0.09742070324581095 -7.138918068912736
-6 0.3413435299454946 -7.008292692683422
-6 -0.164818367425781 -6.733422953717582
-6 -0.5175218570476865 -7.188577591836814
-6 -0.668222568723816 -7.504381025197303
-6 0.2342978188787871 -6.628777570975459
-6 -0.7437839876935446 -7.221328805131078
-6 -0.5903193592583956 -7.730927205479761
-6 0.703790565187387 -6.690769578065947
-6 -0.7124613169447822 -6.830780943041194
-6 -0.2619202717300904 -7.771492308058892
-6 -0.4358762992359491 -6.58046019991717
-6 0.11900868977817 -6.933050710399461
-6 -0.6605277332043227 -6.271676182922354
-6 0.6454264992667803 -6.340555604828259
-6 0.5283728181097709 -6.746613533122092
-6 0.1476090099564797 -7.467302837956808
-6 -0.2792636499879223 -6.548913144492048
-6 -0.5314484556582273 -6.378678960734812
-6 0.5097616622484431 -6.377218863140305
-6 -0.01229426876989215 -6.620752475911406
-6 0.7560112910755244 -6.26922697234848
-6 -0.8081870519388116 -6.316592398392009
-6 0.7489414554184448 -7.780322724904353
-6 0.6081705974510709 -7.855442740258497
-6 0.843154631997335 -7.55521498833853
-6 -0.05319219162682307 -6.886719679783698
-6 0.2993457249613392 -7.193514316572137
-6 0.3618402099301689 -6.50807849387749
-6 -0.6058621414351804 -7.055240393569818
-6 -0.8599319192682313 -6.397907285960429
-6 0.8397465376919766 -6.464145581559088
-6 0.2471768529243471 -6.747820492158778
-6 0.3603512920357024 -6.70303756134011
-6 0.244807177667724 -7.78406129212688
-6 0.7535935610863791 -7.222834263536028
-6 0.1718884108441662 -7.294422483801234
-6 -0.2752907264657465 -6.893240951368334
-6 -0.7646197683757603 -7.676993718014763
-6 0.1177480361686997 -6.62891280144615
-6 -0.2521400648416336 -7.568145230601109
-6 -0.03017133720988001 -7.212606651792803
-6 0.6076984217778971 -7.105754261082718
-6 0.4684104033328724 -6.956164561737213
-6 0.4121026646094338 -7.122900903796097
-6 -0.554826581861504 -6.577213831358379
-6 0.5622082970160738 -6.55231731045244
-6 -0.3364347755053477 -7.19346162121321
-6 -0.6431394513434234 -6.131403534155017
-6 0.5937730629910405 -6.186550892215368
-6 -0.4063106677631725 -7.641172265708263
-6 -0.8596732295987941 -7.585566506888214
-6 -0.8223259412314434 -7.439245219540966
-6 0.8081097826269361 -7.676858745591296
-6 0.7024066072748345 -7.854353341235376
-6 0.7038710411745607 -6.17154060781196
-6 -0.7381361750689068 -6.219774648113011
-6 0.1615174112858453 -7.636678396449563
-6 0.0372005738647618 -7.043759941399227
-6 -0.145513817770113 -7.3456267304531
-6 0.04451609146888311 -7.310146363918243
-6 -0.5829176515943143 -7.326560140668085
-6 0.5068135199055115 -6.271422308397373
-6 -0.5626493576059003 -6.222281259041062
-6 0.59758145751823 -6.66799328361615
-6 0.2377665795400953 -6.546389460759895
-6 0.2189001488545978 -7.073355687136626
-6 -0.3980849553218948 -6.474524519306168
-6 -0.7586792020282782 -7.799972360733475
-6 -0.6562226283220137 -7.852655812121215
-6 -0.3379535819332523 -6.701191831856286
-6 -0.4146975041210565 -7.774658132672088
-6 -0.1483306779149969 -6.597746126285066
-6 0.8246981977651155 -6.690349896058898
-6 0.8327581853497101 -7.39741894121591
-6 0.4445021039259093 -7.849448312223867
-6 -0.4323254961402462 -6.964321815649249
-6 0.4958012510943573 -7.060474295649347
-6 -0.02467933232430447 -6.752489828827927
-6 -0.51770145040045 -7.577857964035237
-6 -0.7673581103517713 -6.544588024540731
-6 0.2839377383899102 -6.877199181372456
-6 -0.1639803087921334 -6.837776670496625
-6 0.3138117142026948 -6.621961453648937
3 1 0 1995
1433
1434
1435
1436
1437
1438
1439
1440
1441
1442
1443
1444
1445
1446
1447
1448
1449
1450
1451
1452
1453
1454
1455
1456
1457
1458
1459
1460
1461
1462
1463
1464
1465
1466
1467
1468
1469
1470
1471
1472
1473
1474
1475
1476
1477
1478
1479
1480
1481
1482
1483
1484
1485
1486
1487
1488
1489
1490
1491
1492
1493
1494
1495
1496
1497
1498
1499
1500
1501
1502
1503
1504
1505
1506
1507
1508
1509
1510
1511
1512
1513
1514
1515
1516
1517
1518
1519
1520
1521
1522
1523
1524
1525
1526
1527
1528
1529
1530
1531
1532
1533
1534
1535
1536
1537
1538
1539
1540
1541
1542
1543
1544
1545
1546
1547
1548
1549
1550
1551
1552
1553
1554
1555
1556
1557
1558
1559
1560
1561
1562
1563
1564
1565
1566
1567
1568
1569
1570
1571
1572
1573
1574
1575
1576
1577
1578
1579
1580
1581
1582
1583
1584
1585
1586
1587
1588
1589
1590
1591
1592
1593
1594
1595
1596
1597
1598
1599
1600
1601
1602
1603
1604
1605
1606
1607
1608
1609
1610
1611
1612
1613
1614
1615
1616
1617
1618
1619
1620
1621
1622
1623
1624
1625
1626
1627
1628
1629
1630
1631
1632
1633
1634
1635
1636
1637
1638
1639
1640
1641
1642
1643
1644
1645
1646
1647
1648
1649
1650
1651
1652
1653
1654
1655
1656
1657
1658
1659
1660
1661
1662
1663
1664
1665
1666
1667
1668
1669
1670
1671
1672
1673
1674
1675
1676
1677
1678
1679
1680
1681
1682
1683
1684
1685
1686
1687
1688
1689
1690
1691
1692
1693
1694
1695
1696
1697
1698
1699
1700
1701
1702
1703
1704
1705
1706
1707
1708
1709
1710
1711
1712
1713
1714
1715
1716
1717
1718
1719
1720
1721
1722
1723
1724
1725
1726
1727
1728
1729
1730
1731
1732
1733
1734
1735
1736
1737
1738
1739
1740
1741
1742
1743
1744
1745
1746
1747
1748
1749
1750
1751
1752
1753
1754
1755
1756
1757
1758
1759
1760
1761
1762
1763
1764
1765
1766
1767
1768
1769
1770
1771
1772
1773
1774
1775
1776
1777
1778
1779
1780
1781
1782
1783
1784
1785
1786
1787
1788
1789
1790
1791
1792
1793
1794
1795
1796
1797
1798
1799
1800
1801
1802
1803
1804
1805
1806
1807
1808
1809
1810
1811
1812
1813
1814
1815
1816
1817
1818
1819
1820
1821
1822
1823
1824
1825
1826
1827
1828
1829
1830
1831
1832
1833
1834
1835
1836
1837
1838
1839
1840
1841
1842
1843
1844
1845
1846
1847
1848
1849
1850
1851
1852
1853
1854
1855
1856
1857
1858
1859
1860
1861
1862
1863
1864
1865
1866
1867
1868
1869
1870
1871
1872
1873
1874
1875
1876
1877
1878
1879
1880
1881
1882
1883
1884
1885
1886
1887
1888
1889
1890
1891
1892
1893
1894
1895
1896
1897
1898
1899
1900
1901
1902
1903
1904
1905
1906
1907
1908
1909
1910
1911
1912
1913
1914
1915
1916
1917
1918
1919
1920
1921
1922
1923
1924
1925
1926
1927
1928
1929
1930
1931
1932
1933
1934
1935
1936
1937
1938
1939
1940
1941
1942
1943
1944
1945
1946
1947
1948
1949
1950
1951
1952
1953
1954
1955
1956
1957
1958
1959
1960
1961
1962
1963
1964
1965
1966
1967
1968
1969
1970
1971
1972
1973
1974
1975
1976
1977
1978
1979
1980
1981
1982
1983
1984
1985
1986
1987
1988
1989
1990
1991
1992
1993
1994
1995
1996
1997
1998
1999
2000
2001
2002
2003
2004
2005
2006
2007
2008
2009
2010
2011
2012
2013
2014
2015
2016
2017
2018
2019
2020
2021
2022
2023
2024
2025
2026
2027
2028
2029
2030
2031
2032
2033
2034
2035
2036
2037
2038
2039
2040
2041
2042
2043
2044
2045
2046
2047
2048
2049
2050
2051
2052
2053
2054
2055
2056
2057
2058
2059
2060
2061
2062
2063
2064
2065
2066
2067
2068
2069
2070
2071
2072
2073
2074
2075
2076
2077
2078
2079
2080
2081
2082
2083
2084
2085
2086
2087
2088
2089
2090
2091
2092
2093
2094
2095
2096
2097
2098
2099
2100
2101
2102
2103
2104
2105
2106
2107
2108
2109
2110
2111
2112
2113
2114
2115
2116
2117
2118
2119
2120
2121
2122
2123
2124
2125
2126
2127
2128
2129
2130
2131
2132
2133
2134
2135
2136
2137
2138
2139
2140
2141
2142
2143
2144
2145
2146
2147
2148
2149
2150
2151
2152
2153
2154
2155
2156
2157
2158
2159
2160
2161
2162
2163
2164
2165
2166
2167
2168
2169
2170
2171
2172
2173
2174
2175
2176
2177
2178
2179
2180
2181
2182
2183
2184
2185
2186
2187
2188
2189
2190
2191
2192
2193
2194
2195
2196
2197
2198
2199
2200
2201
2202
2203
2204
2205
2206
2207
2208
2209
2210
2211
2212
2213
2214
2215
2216
2217
2218
2219
2220
2221
2222
2223
2224
2225
2226
2227
2228
2229
2230
2231
2232
2233
2234
2235
2236
2237
2238
2239
2240
2241
2242
2243
2244
2245
2246
2247
2248
2249
2250
2251
2252
2253
2254
2255
2256
2257
2258
2259
2260
2261
2262
2263
2264
2265
2266
2267
2268
2269
2270
2271
2272
2273
2274
2275
2276
2277
2278
2279
2280
2281
2282
2283
2284
2285
2286
2287
2288
2289
2290
2291
2292
2293
2294
2295
2296
2297
2298
2299
2300
2301
2302
2303
2304
2305
2306
2307
2308
2309
2310
2311
2312
2313
2314
2315
2316
2317
2318
2319
2320
2321
2322
2323
2324
2325
2326
2327
2328
2329
2330
2331
2332
2333
2334
2335
2336
2337
2338
2339
2340
2341
2342
2343
2344
2345
2346
2347
2348
2349
2350
2351
2352
2353
2354
2355
2356
2357
2358
2359
2360
2361
2362
2363
2364
2365
2366
2367
2368
2369
2370
2371
2372
2373
2374
2375
2376
2377
2378
2379
2380
2381
2382
2383
2384
2385
2386
2387
2388
2389
2390
2391
2392
2393
2394
2395
2396
2397
2398
2399
2400
2401
2402
2403
2404
2405
2406
2407
2408
2409
2410
2411
2412
2413
2414
2415
2416
2417
2418
2419
2420
2421
2422
2423
2424
2425
2426
2427
2428
2429
2430
2431
2432
2433
2434
2435
2436
2437
2438
2439
2440
2441
2442
2443
2444
2445
2446
2447
2448
2449
2450
2451
2452
2453
2454
2455
2456
2457
2458
2459
2460
2461
2462
2463
2464
2465
2466
2467
2468
2469
2470
2471
2472
2473
2474
2475
2476
2477
2478
2479
2480
2481
2482
2483
2484
2485
2486
2487
2488
2489
2490
2491
2492
2493
2494
2495
2496
2497
2498
2499
2500
2501
2502
2503
2504
2505
2506
2507
2508
2509
2510
2511
2512
2513
2514
2515
2516
2517
2518
2519
2520
2521
2522
2523
2524
2525
2526
2527
2528
2529
2530
2531
2532
2533
2534
2535
2536
2537
2538
2539
2540
2541
2542
2543
2544
2545
2546
2547
2548
2549
2550
2551
2552
2553
2554
2555
2556
2557
2558
2559
2560
2561
2562
2563
2564
2565
2566
2567
2568
2569
2570
2571
2572
2573
2574
2575
2576
2577
2578
2579
2580
2581
2582
2583
2584
2585
2586
2587
2588
2589
2590
2591
2592
2593
2594
2595
2596
2597
2598
2599
2600
2601
2602
2603
2604
2605
2606
2607
2608
2609
2610
2611
2612
2613
2614
2615
2616
2617
2618
2619
2620
2621
2622
2623
2624
2625
2626
2627
2628
2629
2630
2631
2632
2633
2634
2635
2636
2637
2638
2639
2640
2641
2642
2643
2644
2645
2646
2647
2648
2649
2650
2651
2652
2653
2654
2655
2656
2657
2658
2659
2660
2661
2662
2663
2664
2665
2666
2667
2668
2669
2670
2671
2672
2673
2674
2675
2676
2677
2678
2679
2680
2681
2682
2683
2684
2685
2686
2687
2688
2689
2690
2691
2692
2693
2694
2695
2696
2697
2698
2699
2700
2701
2702
2703
2704
2705
2706
2707
2708
2709
2710
2711
2712
2713
2714
2715
2716
2717
2718
2719
2720
2721
2722
2723
2724
2725
2726
2727
2728
2729
2730
2731
2732
2733
2734
2735
2736
2737
2738
2739
2740
2741
2742
2743
2744
2745
2746
2747
2748
2749
2750
2751
2752
2753
2754
2755
2756
2757
2758
2759
2760
2761
2762
2763
2764
2765
2766
2767
2768
2769
2770
2771
2772
2773
2774
2775
2776
2777
2778
2779
2780
2781
2782
2783
2784
2785
2786
2787
2788
2789
2790
2791
2792
2793
2794
2795
2796
2797
2798
2799
2800
2801
2802
2803
2804
2805
2806
2807
2808
2809
2810
2811
2812
2813
2814
2815
2816
2817
2818
2819
2820
2821
2822
2823
2824
2825
2826
2827
2828
2829
2830
2831
2832
2833
2834
2835
2836
2837
2838
2839
2840
2841
2842
2843
2844
2845
2846
2847
2848
2849
2850
2851
2852
2853
2854
2855
2856
2857
2858
2859
2860
2861
2862
2863
2864
2865
2866
2867
2868
2869
2870
2871
2872
2873
2874
2875
2876
2877
2878
2879
2880
2881
2882
2883
2884
2885
2886
2887
2888
2889
2890
2891
2892
2893
2894
2895
2896
2897
2898
2899
2900
2901
2902
2903
2904
2905
2906
2907
2908
2909
2910
2911
2912
2913
2914
2915
2916
2917
2918
2919
2920
2921
2922
2923
2924
2925
2926
2927
2928
2929
2930
2931
2932
2933
2934
2935
2936
2937
2938
2939
2940
2941
2942
2943
2944
2945
2946
2947
2948
2949
2950
2951
2952
2953
2954
2955
2956
2957
2958
2959
2960
2961
2962
2963
2964
2965
2966
2967
2968
2969
2970
2971
2972
2973
2974
2975
2976
2977
2978
2979
2980
2981
2982
2983
2984
2985
2986
2987
2988
2989
2990
2991
2992
2993
2994
2995
2996
2997
2998
2999
3000
3001
3002
3003
3004
3005
3006
3007
3008
3009
3010
3011
3012
3013
3014
3015
3016
3017
3018
3019
3020
3021
3022
3023
3024
3025
3026
3027
3028
3029
3030
3031
3032
3033
3034
3035
3036
3037
3038
3039
3040
3041
3042
3043
3044
3045
3046
3047
3048
3049
3050
3051
3052
3053
3054
3055
3056
3057
3058
3059
3060
3061
3062
3063
3064
3065
3066
3067
3068
3069
3070
3071
3072
3073
3074
3075
3076
3077
3078
3079
3080
3081
3082
3083
3084
3085
3086
3087
3088
3089
3090
3091
3092
3093
3094
3095
3096
3097
3098
3099
3100
3101
3102
3103
3104
3105
3106
3107
3108
3109
3110
3111
3112
3113
3114
3115
3116
3117
3118
3119
3120
3121
3122
3123
3124
3125
3126
3127
3128
3129
3130
3131
3132
3133
3134
3135
3136
3137
3138
3139
3140
3141
3142
3143
3144
3145
3146
3147
3148
3149
3150
3151
3152
3153
3154
3155
3156
3157
3158
3159
3160
3161
3162
3163
3164
3165
3166
3167
3168
3169
3170
3171
3172
3173
3174
3175
3176
3177
3178
3179
3180
3181
3182
3183
3184
3185
3186
3187
3188
3189
3190
3191
3192
3193
3194
3195
3196
3197
3198
3199
3200
3201
3202
3203
3204
3205
3206
3207
3208
3209
3210
3211
3212
3213
3214
3215
3216
3217
3218
3219
3220
3221
3222
3223
3224
3225
3226
3227
3228
3229
3230
3231
3232
3233
3234
3235
3236
3237
3238
3239
3240
3241
3242
3243
3244
3245
3246
3247
3248
3249
3250
3251
3252
3253
3254
3255
3256
3257
3258
3259
3260
3261
3262
3263
3264
3265
3266
3267
3268
3269
3270
3271
3272
3273
3274
3275
3276
3277
3278
3279
3280
3281
3282
3283
3284
3285
3286
3287
3288
3289
3290
3291
3292
3293
3294
3295
3296
3297
3298
3299
3300
3301
3302
3303
3304
3305
3306
3307
3308
3309
3310
3311
3312
3313
3314
3315
3316
3317
3318
3319
3320
3321
3322
3323
3324
3325
3326
3327
3328
3329
3330
3331
3332
3333
3334
3335
3336
3337
3338
3339
3340
3341
3342
3343
3344
3345
3346
3347
3348
3349
3350
3351
3352
3353
3354
3355
3356
3357
3358
3359
3360
3361
3362
3363
3364
3365
3366
3367
3368
3369
3370
3371
3372
3373
3374
3375
3376
3377
3378
3379
3380
3381
3382
3383
3384
3385
3386
3387
3388
3389
3390
3391
3392
3393
3394
3395
3396
3397
3398
3399
3400
3401
3402
3403
3404
3405
3406
3407
3408
3409
3410
3411
3412
3413
3414
3415
3416
3417
3418
3419
3420
3421
3422
3423
3424
3425
3426
3427
0.02781467326137399 -0.1231745917615978 -1.431117814046482
-0.01829910039344274 -0.1231745917615978 -1.860038750533628
-0.09489425070414015 -0.1231745917615978 -2.284577126686573
-0.2015804663419161 -0.1231745917615978 -2.702569592253343
-0.3378140988065477 -0.1231745917615978 -3.111886153441855
-0.5029009327345371 -0.1231745917615978 -3.510441026880043
-0.6959997234614761 -0.1231745917615978 -3.896203268289816
-0.9161264838120218 -0.1231745917615978 -4.267207121713565
-1.162159498272997 -0.1231745917615978 -4.621562036555935
-1.432845038998519 -0.1231745917615978 -4.957462301396301
-1.72680375451973 -0.1231745917615978 -5.273196245480269
-2.042537698603697 -0.1231745917615978 -5.56715496100148
-2.378437963444065 -0.1231745917615978 -5.837840501727003
-2.732792878286435 -0.1231745917615978 -6.083873516187977
-3.103796731710183 -0.1231745917615978 -6.304000276538523
-3.489558973119956 -0.1231745917615978 -6.497099067265463
-3.888113846558144 -0.1231745917615978 -6.662185901193452
-4.297430407746657 -0.1231745917615978 -6.798419533658084
-4.715422873313428 -0.1231745917615978 -6.90510574929586
-5.139961249466371 -0.1231745917615978 -6.981700899606557
-5.568882185953518 -0.1231745917615978 -7.027814673261374
0.3967108826914716 -0.4257973962510581 -1.457501791663613
0.3477749923615621 -0.4257973962510581 -1.9126722590657
0.2664922957107816 -0.4257973962510581 -2.363191957838787
0.1532769907295997 -0.4257973962510581 -2.806765142866279
0.008705996660931525 -0.4257973962510581 -3.241131466873347
-0.1664839858480835 -0.4257973962510581 -3.664077498638519
-0.3714002288037195 -0.4257973962510581 -4.073448002131825
-0.6049985260028778 -0.4257973962510581 -4.467156919103576
-0.8660885140685517 -0.4257973962510581 -4.843197999159043
-1.153339738268738 -0.4257973962510581 -5.19965502315059
-1.465288432208784 -0.4257973962510581 -5.534711567791215
-1.800344976849409 -0.4257973962510581 -5.846660261731262
-2.156802000840956 -0.4257973962510581 -6.133911485931448
-2.532843080896423 -0.4257973962510581 -6.395001473997121
-2.926551997868174 -0.4257973962510581 -6.62859977119628
-3.33592250136148 -0.4257973962510581 -6.833516014151916
-3.758868533126652 -0.4257973962510581 -7.008705996660932
-4.193234857133722 -0.4257973962510581 -7.1532769907296
-4.636808042161213 -0.4257973962510581 -7.266492295710782
-5.087327740934299 -0.4257973962510581 -7.347774992361562
-5.542498208336387 -0.4257973962510581 -7.396710882691472
-0.1903930999921268 0.4153914196201225 -1.41551128609029
-0.2348375482925711 0.4153914196201225 -1.828905221910372
-0.3086599429534553 0.4153914196201225 -2.238075246721674
-0.411484101973195 0.4153914196201225 -2.640936323867917
-0.5427860570068317 0.4153914196201225 -3.035435565643987
-0.7018967233886135 0.4153914196201225 -3.419562694341107
-0.8880053096340879 0.4153914196201225 -3.791360286161253
-1.100163449047653 0.4153914196201225 -4.148933745800141
-1.33729003238185 0.4153914196201225 -4.490460960870621
-1.598176716922287 0.4153914196201225 -4.814201586969736
-1.881494083925124 0.4153914196201225 -5.118505916074875
-2.185798413030263 0.4153914196201225 -5.401823283077712
-2.509539039129379 0.4153914196201225 -5.66270996761815
-2.851066254199859 0.4153914196201225 -5.899836550952347
-3.208639713838746 0.4153914196201225 -6.111994690365911
-3.580437305658893 0.4153914196201225 -6.298103276611386
-3.964564434356012 0.4153914196201225 -6.457213942993168
-4.359063676132083 0.4153914196201225 -6.588515898026805
-4.761924753278326 0.4153914196201225 -6.691340057046545
-5.171094778089627 0.4153914196201225 -6.765162451707429
-5.584488713909709 0.4153914196201225 -6.809606900007873
-0.1137680706348174 0.6462428157406617 -1.420991616350659
-0.1587987130124864 0.6462428157406617 -1.839837955924307
-0.2335947782255232 0.6462428157406617 -2.254404673782647
-0.3377751226703936 0.6462428157406617 -2.662579232958666
-0.470808867192078 0.6462428157406617 -3.062281669460782
-0.6320181023225562 0.6462428157406617 -3.451475191292576
-0.8205813427520665 0.6462428157406617 -3.828176557477931
-1.035537713429941 0.6462428157406617 -4.190466184202441
-1.275791845963614 0.6462428157406617 -4.536497926572533
-1.540119460364867 0.6462428157406617 -4.864508486146659
-1.827173603700023 0.6462428157406617 -5.172826396299977
-2.13549151385334 0.6462428157406617 -5.459880539635132
-2.463502073427467 0.6462428157406617 -5.724208154036386
-2.809533815797558 0.6462428157406617 -5.964462286570059
-3.171823442522069 0.6462428157406617 -6.179418657247933
-3.548524808707423 0.6462428157406617 -6.367981897677443
-3.937718330539217 0.6462428157406617 -6.529191132807922
-4.337420767041334 0.6462428157406617 -6.662224877329606
-4.745595326217353 0.6462428157406617 -6.766405221774477
-5.160162044075691 0.6462428157406617 -6.841201286987514
-5.579008383649341 0.6462428157406617 -6.886231929365183
-0.6436146894657 -0.6870600289658948 -1.383096238262219
-0.6845919180645881 -0.6870600289658948 -1.764240305907767
-0.7526552478484829 -0.6870600289658948 -2.14148998013396
-0.8474578436903171 -0.6870600289658948 -2.512922883074302
-0.9685166132923797 -0.6870600289658948 -2.876646277795448
-1.11521466891393 -0.6870600289658948 -3.23080671325076
-1.286804470889726 -0.6870600289658948 -3.573599469041992
-1.482411636920798 -0.6870600289658948 -3.903277751860761
-1.701039397726227 -0.6870600289658948 -4.218161596746846
-1.941573676350912 -0.6870600289658948 -4.516646427804543
-2.202788765246375 -0.6870600289658948 -4.797211234753624
-2.483353572195457 -0.6870600289658948 -5.058426323649087
-2.781838403253154 -0.6870600289658948 -5.298960602273773
-3.096722248139239 -0.6870600289658948 -5.517588363079201
-3.426400530958007 -0.6870600289658948 -5.713195529110274
-3.76919328674924 -0.6870600289658948 -5.884785331086069
-4.123353722204552 -0.6870600289658948 -6.03148338670762
-4.487077116925699 -0.6870600289658948 -6.152542156309683
-4.85851001986604 -0.6870600289658948 -6.247344752151517
-5.235759694092232 -0.6870600289658948 -6.315408081935412
-5.616903761737781 -0.6870600289658948 -6.3563853105343
-0.5092441387148527 0.6855420712998092 -1.392706609723852
-0.5512493241271255 0.6855420712998092 -1.78341207658096
-0.6210200940182524 0.6855420712998092 -2.170125455069924
-0.7182009125377622 0.6855420712998092 -2.550876142456603
-0.8422965685103136 0.6855420712998092 -2.923723920513938
-0.9926746989183401 0.6855420712998092 -3.286768842429307
-1.168569011279034 0.6855420712998092 -3.638160914497969
-1.36908318849519 0.6855420712998092 -3.976109523266933
-1.593195456281674 0.6855420712998092 -4.298892560090662
-1.839763789892975 0.6855420712998092 -4.604865196601995
-2.107531733619527 0.6855420712998092 -4.892468266380472
-2.395134803398005 0.6855420712998092 -5.160236210107024
-2.701107439909337 0.6855420712998092 -5.406804543718326
-3.023890476733067 0.6855420712998092 -5.630916811504809
-3.36183908550203 0.6855420712998092 -5.831430988720965
-3.713231157570693 0.6855420712998092 -6.00732530108166
-4.076276079486061 0.6855420712998092 -6.157703431489686
-4.449123857543398 0.6855420712998092 -6.281799087462238
-4.829874544930076 0.6855420712998092 -6.378979905981748
-5.21658792341904 0.6855420712998092 -6.448750675872875
-5.607293390276148 0.6855420712998092 -6.490755861285147
-0.2469877121596102 -0.5199886796445622 -1.411463559541449
-0.2909992023687664 -0.5199886796445622 -1.820830395099361
-0.3641024520225935 -0.5199886796445622 -2.226014467115006
-0.4659249437176198 -0.5199886796445622 -2.624951050433889
-0.5959478133759699 -0.5199886796445622 -3.015607255671866
-0.7535084942577734 -0.5199886796445622 -3.395992388353457
-0.9378040932493974 -0.5199886796445622 -3.764168093034589
-1.147895482222708 -0.5199886796445622 -4.118258230717627
-1.382712083616755 -0.5199886796445622 -4.456458439225663
-1.641057325855613 -0.5199886796445622 -4.777045327818559
-1.921614740802861 -0.5199886796445622 -5.078385259197139
-2.222954672181439 -0.5199886796445622 -5.358942674144386
-2.543541560774337 -0.5199886796445622 -5.617287916383245
-2.881741769282371 -0.5199886796445622 -5.852104517777291
-3.23583190696541 -0.5199886796445622 -6.062195906750603
-3.604007611646542 -0.5199886796445622 -6.246491505742226
-3.984392744328133 -0.5199886796445622 -6.40405218662403
-4.375048949566111 -0.5199886796445622 -6.53407505628238
-4.773985532884995 -0.5199886796445622 -6.635897547977406
-5.179169604900638 -0.5199886796445622 -6.709000797631234
-5.588536440458551 -0.5199886796445622 -6.75301228784039
0.4080732255444293 0.007469211077294781 -1.458314442463071
0.3590504114229125 0.007469211077294781 -1.91429341958242
0.2776233340295438 0.007469211077294781 -2.365613367010377
0.1642069270859645 0.007469211077294781 -2.809974461746638
0.01937913460459306 0.007469211077294781 -3.245112341509103
-0.1561220341815854 0.007469211077294781 -3.668809643405025
-0.3614022655449043 0.007469211077294781 -4.078907303104057
-0.5954154984807749 0.007469211077294781 -4.473315556935162
-0.8569692551947874 0.007469211077294781 -4.85002459084328
-1.144730717696211 0.007469211077294781 -5.207114781941049
-1.457233519532969 0.007469211077294781 -5.54276648046703
-1.792885218058951 0.007469211077294781 -5.855269282303788
-2.14997540915672 0.007469211077294781 -6.143030744805213
-2.526684443064837 0.007469211077294781 -6.404584501519224
-2.921092696895942 0.007469211077294781 -6.638597734455095
-3.331190356594974 0.007469211077294781 -6.843877965818414
-3.754887658490897 0.007469211077294781 -7.019379134604593
-4.190025538253362 0.007469211077294781 -7.164206927085965
-4.634386632989624 0.007469211077294781 -7.277623334029544
-5.085706580417579 0.007469211077294781 -7.359050411422912
-5.541685557536929 0.007469211077294781 -7.408073225544429
-0.3887302330747309 0.4576968970471493 -1.401325934367697
-0.431657369686266 0.4576968970471493 -1.800606803765991
-0.5029595039635586 0.4576968970471493 -2.195807964407791
-0.6022732965742428 0.4576968970471493 -2.584915561766676
-0.7290926671959328 0.4576968970471493 -2.965946792717948
-0.8827713733855402 0.4576968970471493 -3.336960009448849
-1.062526303682636 0.4576968970471493 -3.696064613650758
-1.267441468165939 0.4576968970471493 -4.0414306905748
-1.496472666128002 0.4576968970471493 -4.371298333857958
-1.748452807082658 0.4576968970471493 -4.683986613602489
-2.022097857990617 0.4576968970471493 -4.977902142009382
-2.31601338639751 0.4576968970471493 -5.251547192917342
-2.628701666142042 0.4576968970471493 -5.503527333871998
-2.958569309425199 0.4576968970471493 -5.73255853183406
-3.303935386349241 0.4576968970471493 -5.937473696317364
-3.66303999055115 0.4576968970471493 -6.117228626614459
-4.034053207282051 0.4576968970471493 -6.270907332804067
-4.415084438233324 0.4576968970471493 -6.397726703425757
-4.80419203559221 0.4576968970471493 -6.497040496036441
-5.199393196234007 0.4576968970471493 -6.568342630313734
-5.598674065632302 0.4576968970471493 -6.611269766925269
-0.2506594646015117 0.1159845569317856 -1.41120095062391
-0.2946428653005881 0.1159845569317856 -1.820306515459131
-0.3676994581732371 0.1159845569317856 -2.225231986322647
-0.4694569635682493 0.1159845569317856 -2.62391395583216
-0.5993968485630381 0.1159845569317856 -3.014320832057134
-0.7568569692885569 0.1159845569317856 -3.394463191045586
-0.9410349450626772 0.1159845569317856 -3.762403914472538
-1.150992247138222 0.1159845569317856 -4.116268060750963
-1.385658981230336 0.1159845569317856 -4.454252419304346
-1.643839339452511 0.1159845569317856 -4.774634699314445
-1.924217693879481 0.1159845569317856 -5.075782306120519
-2.225365300685554 0.1159845569317856 -5.356160660547489
-2.545747580695654 0.1159845569317856 -5.614341018769664
-2.883731939249037 0.1159845569317856 -5.849007752861777
-3.237596085527461 0.1159845569317856 -6.058965054937322
-3.605536808954414 0.1159845569317856 -6.243143030711443
-3.985679167942866 0.1159845569317856 -6.400603151436962
-4.37608604416784 0.1159845569317856 -6.530543036431751
-4.774768013677353 0.1159845569317856 -6.632300541826763
-5.179693484540868 0.1159845569317856 -6.705357134699412
-5.58879904937609 0.1159845569317856 -6.749340535398488
0.613178621616167 -0.02032562891217079 -1.472983869908448
0.5625867174806869 -0.02032562891217079 -1.943557522433445
0.478553375712381 -0.02032562891217079 -2.409323022106855
0.3615068109587334 -0.02032562891217079 -2.867906934705347
0.2120434656842578 -0.02032562891217079 -3.316972421727154
0.03092497083640922 -0.02032562891217079 -3.754231148385433
-0.1809257352511429 -0.02032562891217079 -4.177454944437801
-0.4224291099407003 -0.02032562891217079 -4.584487158431147
-0.6923545073923734 -0.02032562891217079 -4.973253647503093
-0.9893264496531824 -0.02032562891217079 -5.341773346738577
-1.311831635777428 -0.02032562891217079 -5.688168364222571
-1.658226653261422 -0.02032562891217079 -6.010673550346817
-2.026746352496907 -0.02032562891217079 -6.307645492607627
-2.415512841568852 -0.02032562891217079 -6.577570890059299
-2.822545055562198 -0.02032562891217079 -6.819074264748857
-3.245768851614566 -0.02032562891217079 -7.030924970836408
-3.683027578272846 -0.02032562891217079 -7.212043465684258
-4.132093065294654 -0.02032562891217079 -7.361506810958733
-4.590676977893145 -0.02032562891217079 -7.478553375712381
-5.056442477566554 -0.02032562891217079 -7.562586717480687
-5.527016130091551 -0.02032562891217079 -7.613178621616167
0.1232768092561027 0.09742070324581095 -1.437945400763243
0.07643273456011546 0.09742070324581095 -1.873659132150264
-0.001375448508197152 0.09742070324581095 -2.304920896860436
-0.1097512472831506 0.09742070324581095 -2.729533083794837
-0.2481424035361437 0.09742070324581095 -3.14533196657867
-0.4158437076570003 0.09742070324581095 -3.5501987294149
-0.6120005922405012 0.09742070324581095 -3.942070264083877
-0.8356134867659879 0.09742070324581095 -4.318949683069921
-1.08554291117962 0.09742070324581095 -4.678916495242369
-1.360515282423534 0.09742070324581095 -5.020136392238166
-1.659129404323179 0.09742070324581095 -5.340870595676821
-1.979863607761833 0.09742070324581095 -5.639484717576465
-2.321083504757631 0.09742070324581095 -5.91445708882038
-2.681050316930079 0.09742070324581095 -6.164386513234011
-3.057929735916122 0.09742070324581095 -6.387999407759498
-3.4498012705851 0.09742070324581095 -6.584156292342999
-3.854668033421329 0.09742070324581095 -6.751857596463856
-4.270466916205163 0.09742070324581095 -6.890248752716849
-4.695079103139564 0.09742070324581095 -6.998624551491803
-5.126340867849735 0.09742070324581095 -7.076432734560115
-5.562054599236757 0.09742070324581095 -7.123276809256103
-0.007015748485587281 0.3413435299454946 -1.428626693117952
-0.05286306368542437 0.3413435299454946 -1.855069202857802
-0.129015625506975 0.3413435299454946 -2.277154475939285
-0.2350853779509281 0.3413435299454946 -2.692731662561378
-0.3705318138721907 0.3413435299454946 -3.099683076639869
-0.534664729280407 0.3413435299454946 -3.495934987050223
-0.7266477404612885 0.3413435299454946 -3.879468184886051
-0.9455025459963009 0.3413435299454946 -4.248328272884859
-1.190113911962447 0.3413435299454946 -4.600635624588499
-1.459235354908703 0.3413435299454946 -4.934594962488758
-1.751495493649971 0.3413435299454946 -5.248504506350028
-2.065405037511241 0.3413435299454946 -5.540764645091296
-2.399364375411502 0.3413435299454946 -5.809886088037553
-2.751671727115141 0.3413435299454946 -6.054497454003698
-3.120531815113947 0.3413435299454946 -6.273352259538711
-3.504065012949777 0.3413435299454946 -6.465335270719593
-3.90031692336013 0.3413435299454946 -6.629468186127809
-4.307268337438622 0.3413435299454946 -6.764914622049072
-4.722845524060715 0.3413435299454946 -6.870984374493025
-5.144930797142197 0.3413435299454946 -6.947136936314576
-5.571373306882048 0.3413435299454946 -6.992984251514413
-0.2811851508594323 -0.164818367425781 -1.409017710453942
-0.3249350250380267 -0.164818367425781 -1.815951160410659
-0.3976037294877566 -0.164818367425781 -2.218726710286661
-0.498820961147902 -0.164818367425781 -2.615291908204196
-0.6280709402069897 -0.164818367425781 -3.003625948815554
-0.7846950383984792 -0.164818367425781 -3.381749970863903
-0.9678951352194423 -0.164818367425781 -3.747737141006667
-1.176737684969698 -0.164818367425781 -4.099722472516561
-1.410158473886715 -0.164818367425781 -4.435912328826467
-1.666968043135002 -0.164818367425781 -4.754593563490239
-1.945857750015692 -0.164818367425781 -5.054142249984307
-2.24540643650976 -0.164818367425781 -5.333031956864997
-2.564087671173533 -0.164818367425781 -5.589841526113285
-2.900277527483439 -0.164818367425781 -5.823262315030301
-3.252262858993332 -0.164818367425781 -6.032104864780558
-3.618250029136096 -0.164818367425781 -6.215304961601521
-3.996374051184445 -0.164818367425781 -6.37192905979301
-4.384708091795804 -0.164818367425781 -6.501179038852098
-4.78127328971334 -0.164818367425781 -6.602396270512243
-5.18404883958934 -0.164818367425781 -6.675064974961973
-5.590982289546058 -0.164818367425781 -6.718814849140568
0.17280980540726 -0.5175218570476865 -1.441488070566711
0.1255867951439456 -0.5175218570476865 -1.880726419123933
0.04714919868268819 -0.5175218570476865 -2.315476787729855
-0.06210328396445064 -0.5175218570476865 -2.743523788159763
-0.2016139271888102 -0.5175218570476865 -3.162686191016616
-0.3706718167312184 -0.5175218570476865 -3.570828040776073
-0.5684154723381054 -0.5175218570476865 -3.965869540126242
-0.7938372376673968 -0.5175218570476865 -4.345797648138048
-1.045788415074267 -0.5175218570476865 -4.708676338260377
-1.322985119111027 -0.5175218570476865 -5.0526564638676
-1.624014818913075 -0.5175218570476865 -5.375985181086925
-1.947343536132399 -0.5175218570476865 -5.677014880888973
-2.291323661739623 -0.5175218570476865 -5.954211584925733
-2.654202351861951 -0.5175218570476865 -6.206162762332602
-3.034130459873757 -0.5175218570476865 -6.431584527661895
-3.429171959223927 -0.5175218570476865 -6.629328183268781
-3.837313808983384 -0.5175218570476865 -6.79838607281119
-4.256476211840237 -0.5175218570476865 -6.937896716035549
-4.684523212270145 -0.5175218570476865 -7.047149198682688
-5.119273580876066 -0.5175218570476865 -7.125586795143946
-5.55851192943329 -0.5175218570476865 -7.17280980540726
0.487808607813859 -0.668222568723816 -1.464017229554161
0.4381758049037741 -0.668222568723816 -1.925669933668779
0.3557355338538226 -0.668222568723816 -2.382605635983952
0.2409078913882734 -0.668222568723816 -2.832495896899716
0.0942780128522811 -0.668222568723816 -3.273048178770518
-0.08340690950370888 -0.668222568723816 -3.702017528151561
-0.2912414340444007 -0.668222568723816 -4.117218015566972
-0.5281664836726687 -0.668222568723816 -4.516533874505347
-0.7929747426436871 -0.668222568723816 -4.897930282880923
-1.084316808769223 -0.668222568723816 -5.259463732020492
-1.400708069661879 -0.668222568723816 -5.599291930338121
-1.740536267979508 -0.668222568723816 -5.915683191230776
-2.102069717119078 -0.668222568723816 -6.207025257356313
-2.483466125494652 -0.668222568723816 -6.471833516327331
-2.882781984433027 -0.668222568723816 -6.708758565955599
-3.297982471848439 -0.668222568723816 -6.91659309049629
-3.726951821229482 -0.668222568723816 -7.094278012852281
-4.167504103100285 -0.668222568723816 -7.240907891388273
-4.617394364016048 -0.668222568723816 -7.355735533853823
-5.074330066331219 -0.668222568723816 -7.438175804903774
-5.535982770445838 -0.668222568723816 -7.487808607813859
-0.385563909159762 0.2342978188787871 -1.401552394323548
-0.4285152686700169 0.2342978188787871 -1.801058569689667
-0.4998576372725738 0.2342978188787871 -2.196482734203699
-0.5992274706101695 0.2342978188787871 -2.585809896962608
-0.7261184027897167 0.2342978188787871 -2.967056135986744
-0.8798838267068332 0.2342978188787871 -3.338278707831497
-1.059740189007427 0.2342978188787871 -3.697585947362572
-1.26477098289598 0.2342978188787871 -4.043146907247905
-1.493931418444099 0.2342978188787871 -4.37320068804558
-1.7460537466005 0.2342978188787871 -4.686065411343748
-2.019853209772509 0.2342978188787871 -4.98014679022749
-2.313934588656251 0.2342978188787871 -5.253946253399499
-2.626799311954419 0.2342978188787871 -5.506068581555901
-2.956853092752094 0.2342978188787871 -5.735229017104019
-3.302414052637427 0.2342978188787871 -5.940259810992572
-3.661721292168503 0.2342978188787871 -6.120116173293166
-4.032943864013255 0.2342978188787871 -6.273881597210283
-4.414190103037392 0.2342978188787871 -6.400772529389831
-4.803517265796302 0.2342978188787871 -6.500142362727426
-5.198941430310332 0.2342978188787871 -6.571484731329983
-5.598447605676451 0.2342978188787871 -6.614436090840238
0.2054775723636757 -0.7437839876935446 -1.443824515371907
0.1580046483102233 -0.7437839876935446 -1.88538740274716
0.07915194410993109 -0.7437839876935446 -2.322438558866962
-0.03067872493125456 -0.7437839876935446 -2.752750871220815
-0.1709276868993408 -0.7437839876935446 -3.174131566901371
-0.3408802652320757 -0.7437839876935446 -3.584433386472537
-0.5396704205468934 -0.7437839876935446 -3.981565525911371
-0.7662851637790897 -0.7437839876935446 -4.363504290866122
-1.019569718141899 -0.7437839876935446 -4.728303408938778
-1.298233403604301 -0.7437839876935446 -5.07410394744308
-1.600856213900613 -0.7437839876935446 -5.399143786099386
-1.925896052556919 -0.7437839876935446 -5.701766596395698
-2.271696591061221 -0.7437839876935446 -5.980430281858101
-2.636495709133877 -0.7437839876935446 -6.23371483622091
-3.018434474088628 -0.7437839876935446 -6.460329579453106
-3.415566613527463 -0.7437839876935446 -6.659119734767923
-3.825868433098628 -0.7437839876935446 -6.829072313100659
-4.247249128779185 -0.7437839876935446 -6.969321275068745
-4.677561441133038 -0.7437839876935446 -7.079151944109931
-5.114612597252839 -0.7437839876935446 -7.158004648310223
-5.556175484628093 -0.7437839876935446 -7.205477572363676
0.7137775743934718 -0.5903193592583956 -1.480178849012418
0.6624160717235732 -0.5903193592583956 -1.957910816677107
0.5771044239145633 -0.5903193592583956 -2.430761490392813
0.4582773595684948 -0.5903193592583956 -2.896321331513352
0.3065403941676763 -0.5903193592583956 -3.352217953804236
0.1226667445065672 -0.5903193592583956 -3.796128212579125
-0.0924066114437716 -0.5903193592583956 -4.225790042912639
-0.3375837091606417 -0.5903193592583956 -4.639013986604699
-0.6116151823536953 -0.5903193592583956 -5.033694349157653
-0.9131046294491734 -0.5903193592583956 -5.407819929912762
-1.240515729332243 -0.5903193592583956 -5.759484270667756
-1.592180070087237 -0.5903193592583956 -6.086895370550827
-1.966305650842347 -0.5903193592583956 -6.388384817646305
-2.3609860133953 -0.5903193592583956 -6.662416290839358
-2.77420995708736 -0.5903193592583956 -6.907593388556228
-3.203871787420874 -0.5903193592583956 -7.122666744506566
-3.647782046195763 -0.5903193592583956 -7.306540394167676
-4.103678668486649 -0.5903193592583956 -7.458277359568495
-4.569238509607187 -0.5903193592583956 -7.577104423914563
-5.042089183322892 -0.5903193592583956 -7.662416071723573
-5.519821150987582 -0.5903193592583956 -7.713777574393472
-0.3237298505984212 0.703790565187387 -1.405974853474265
-0.3671542508266175 0.703790565187387 -1.809880952152986
-0.4392823418288421 0.703790565187387 -2.209660083140859
-0.5397465753865864 0.703790565187387 -2.603275063623943
-0.6680350087941012 0.703790565187387 -2.988720121886323
-0.8234939136010819 0.703790565187387 -3.364031118263004
-1.005331106863002 0.703790565187387 -3.72729555394543
-1.212619987923812 0.703790565187387 -4.07666231663702
-1.444304260160489 0.703790565187387 -4.410351113397123
-1.699203313628498 0.703790565187387 -4.726661542605766
-1.976018241179461 0.703790565187387 -5.023981758820538
-2.273338457394234 0.703790565187387 -5.300796686371501
-2.589648886602877 0.703790565187387 -5.555695739839511
-2.92333768336298 0.703790565187387 -5.787380012076188
-3.272704446054569 0.703790565187387 -5.994668893136997
-3.635968881736995 0.703790565187387 -6.176506086398917
-4.011279878113676 0.703790565187387 -6.331964991205899
-4.396724936376057 0.703790565187387 -6.460253424613414
-4.790339916859142 0.703790565187387 -6.560717658171158
-5.190119047847013 0.703790565187387 -6.632845749173383
-5.594025146525735 0.703790565187387 -6.676270149401579
-0.1840752185343923 -0.7124613169447822 -1.415963149890208
-0.2285679996671002 -0.7124613169447822 -1.82980664691586
-0.3024706753429349 -0.7124613169447822 -2.23942163947753
-0.4054066544666615 -0.7124613169447822 -2.642720823465278
-0.5368513988837016 -0.7124613169447822 -3.037649078681948
-0.696135096306338 -0.7124613169447822 -3.422193941264609
-0.8824460735235942 -0.7124613169447822 -3.79439585873911
-1.094834932501869 -0.7124613169447822 -4.152358175450312
-1.33221938829969 -0.7124613169447822 -4.494256797484558
-1.593389784143696 -0.7124613169447822 -4.818349487834137
-1.877015255562279 -0.7124613169447822 -5.122984744437721
-2.181650512165862 -0.7124613169447822 -5.406610215856303
-2.505743202515442 -0.7124613169447822 -5.66778061170031
-2.847641824549688 -0.7124613169447822 -5.905165067498131
-3.205604141260889 -0.7124613169447822 -6.117553926476405
-3.577806058735391 -0.7124613169447822 -6.303864903693662
-3.962350921318051 -0.7124613169447822 -6.463148601116298
-4.357279176534722 -0.7124613169447822 -6.594593345533339
-4.76057836052247 -0.7124613169447822 -6.697529324657065
-5.170193353084138 -0.7124613169447822 -6.7714320003329
-5.584036850109792 -0.7124613169447822 -6.815924781465608
0.7542393217404078 -0.2619202717300904 -1.483072730296806
0.7025682800484967 -0.2619202717300904 -1.963683832690196
0.6167424867675591 -0.2619202717300904 -2.439384223168292
0.4971992904671216 -0.2619202717300904 -2.907749841581506
0.3445478558737802 -0.2619202717300904 -3.366394004097405
0.1595660597073829 -0.2619202717300904 -3.812979565194458
-0.05680347320042856 -0.2619202717300904 -4.245230827219883
-0.3034581733062884 -0.2619202717300904 -4.66094513682325
-0.5791411447967736 -0.2619202717300904 -5.058004109173067
-0.8824475704413581 -0.2619202717300904 -5.434384422760298
-1.211831870219012 -0.2619202717300904 -5.788168129780987
-1.565615577239702 -0.2619202717300904 -6.117552429558641
-1.941995890826933 -0.2619202717300904 -6.420858855203226
-2.339054863176749 -0.2619202717300904 -6.696541826693711
-2.754769172780116 -0.2619202717300904 -6.943196526799571
-3.187020434805542 -0.2619202717300904 -7.159566059707382
-3.633605995902594 -0.2619202717300904 -7.34454785587378
-4.092250158418495 -0.2619202717300904 -7.497199290467122
-4.560615776831708 -0.2619202717300904 -7.616742486767559
-5.036316167309803 -0.2619202717300904 -7.702568280048497
-5.516927269703194 -0.2619202717300904 -7.754239321740408
-0.4337581730942608 -0.4358762992359491 -1.398105472537916
-0.4763408385588281 -0.4358762992359491 -1.794182290841717
-0.5470708049741466 -0.4358762992359491 -2.186212138234255
-0.6455876486441214 -0.4358762992359491 -2.5721973204745
-0.7713893503154923 -0.4358762992359491 -2.950170945549474
-0.9238348533528695 -0.4358762992359491 -3.318206946505101
-1.102147330416413 -0.4358762992359491 -3.67442989624191
-1.30541814199588 -0.4358762992359491 -4.017024564261646
-1.532611466629304 -0.4358762992359491 -4.344245166665806
-1.782569579211719 -0.4358762992359491 -4.65442426227021
-2.054018750496932 -0.4358762992359491 -4.945981249503067
-2.345575737729789 -0.4358762992359491 -5.217430420788281
-2.655754833334194 -0.4358762992359491 -5.467388533370696
-2.982975435738353 -0.4358762992359491 -5.694581858004119
-3.32557010375809 -0.4358762992359491 -5.897852669583587
-3.681793053494899 -0.4358762992359491 -6.07616514664713
-4.049829054450525 -0.4358762992359491 -6.228610649684508
-4.427802679525501 -0.4358762992359491 -6.354412351355879
-4.813787861765745 -0.4358762992359491 -6.452929195025853
-5.205817709158282 -0.4358762992359491 -6.523659161441172
-5.601894527462084 -0.4358762992359491 -6.566241826905739
-0.08206602282219144 0.11900868977817 -1.423258991559523
-0.1273391910797139 0.11900868977817 -1.844361152317699
-0.202538092685205 0.11900868977817 -2.261160642188555
-0.3072795312732151 0.11900868977817 -2.671533546510701
-0.4410297684815845 0.11900868977817 -3.073388699029595
-0.6031072437597951 0.11900868977817 -3.464678338001443
-0.7926860474453132 0.11900868977817 -3.843408541117655
-1.008800129409904 0.11900868977817 -4.207649386075879
-1.250348221829658 0.11900868977817 -4.555544785021678
-1.516099450993377 0.11900868977817 -4.885321942746785
-1.804699609552878 0.11900868977817 -5.195300390447121
-2.114678057253214 0.11900868977817 -5.483900549006622
-2.444455214978322 0.11900868977817 -5.749651778170342
-2.792350613924121 0.11900868977817 -5.991199870590095
-3.156591458882344 0.11900868977817 -6.207313952554687
-3.535321661998557 0.11900868977817 -6.396892756240204
-3.926611300970404 0.11900868977817 -6.558970231518416
-4.3284664534893 0.11900868977817 -6.692720468726785
-4.738839357811445 0.11900868977817 -6.797461907314795
-5.1556388476823 0.11900868977817 -6.872660808920286
-5.576741008440477 0.11900868977817 -6.917933977177809
-0.741755443803588 -0.6605277332043227 -1.376077072980528
-0.7819818794904245 -0.6605277332043227 -1.750237743401724
-0.848798139442617 -0.6605277332043227 -2.120575374252421
-0.9418637433151078 -0.6605277332043227 -2.485202809854783
-1.060704450123107 -0.6605277332043227 -2.842261992377066
-1.204714674865448 -0.6605277332043227 -3.189933430070425
-1.373160574446941 -0.6605277332043227 -3.526445468981795
-1.565183787174574 -0.6605277332043227 -3.850083320896346
-1.779805806771943 -0.6605277332043227 -4.159197801505153
-2.015932968622949 -0.6605277332043227 -4.452213734270411
-2.272362022835989 -0.6605277332043227 -4.727637977164011
-2.547786265729588 -0.6605277332043227 -4.98406703137705
-2.840802198494847 -0.6605277332043227 -5.220194193228057
-3.149916679103654 -0.6605277332043227 -5.434816212825426
-3.473554531018204 -0.6605277332043227 -5.626839425553058
-3.810066569929575 -0.6605277332043227 -5.795285325134552
-4.157738007622933 -0.6605277332043227 -5.939295549876893
-4.514797190145218 -0.6605277332043227 -6.058136256684892
-4.879424625747579 -0.6605277332043227 -6.151201860557383
-5.249762256598275 -0.6605277332043227 -6.218018120509575
-5.623922927019472 -0.6605277332043227 -6.258244556196412
-0.6730515187704116 0.6454264992667803 -1.38099087467853
-0.713803550783596 0.6454264992667803 -1.76004030719062
-0.781492828197357 0.6454264992667803 -2.135216748514091
-0.8757744219697638 0.6454264992667803 -2.504608385502094
-0.9961678947102266 0.6454264992667803 -2.866332883044674
-1.142059748878314 0.6454264992667803 -3.218546976017028
-1.31270655302659 0.6454264992667803 -3.559455862136063
-1.507238730156861 0.6454264992667803 -3.887322347861423
-1.724664988885237 0.6454264992667803 -4.200475700735574
-1.963877374835794 0.6454264992667803 -4.497320163053439
-2.223656916522114 0.6454264992667803 -4.776343083477885
-2.502679836946561 0.6454264992667803 -5.036122625164205
-2.799524299264426 0.6454264992667803 -5.275335011114763
-3.112677652138576 0.6454264992667803 -5.492761269843138
-3.440544137863936 0.6454264992667803 -5.68729344697341
-3.781453023982972 0.6454264992667803 -5.857940251121685
-4.133667116955325 0.6454264992667803 -6.003832105289773
-4.495391614497907 0.6454264992667803 -6.124225578030236
-4.864783251485909 0.6454264992667803 -6.218507171802643
-5.239959692809379 0.6454264992667803 -6.286196449216404
-5.61900912532147 0.6454264992667803 -6.326948481229588
-0.2680281795394688 0.5283728181097709 -1.409958715614585
-0.3118787067126094 0.5283728181097709 -1.817828375585342
-0.3847145961622953 0.5283728181097709 -2.221530569617152
-0.4861646928913705 0.5283728181097709 -2.619008123866049
-0.6157120304613466 0.5283728181097709 -3.008235583825588
-0.7726964653348718 0.5283728181097709 -3.38722953557873
-0.9563180408158853 0.5283728181097709 -3.754058712820528
-1.165641063445563 0.5283728181097709 -4.106853838148528
-1.399598871081717 0.5283728181097709 -4.443817148471934
-1.656999268364558 0.5283728181097709 -4.763231556000241
-1.936530601870984 0.5283728181097709 -5.063469398129016
-2.236768443999759 0.5283728181097709 -5.343000731635441
-2.556182851528066 0.5283728181097709 -5.600401128918283
-2.893146161851472 0.5283728181097709 -5.834358936554436
-3.245941287179471 0.5283728181097709 -6.043681959184115
-3.61277046442127 0.5283728181097709 -6.227303534665127
-3.991764416174412 0.5283728181097709 -6.384287969538653
-4.380991876133951 0.5283728181097709 -6.513835307108629
-4.778469430382849 0.5283728181097709 -6.615285403837705
-5.182171624414656 0.5283728181097709 -6.688121293287391
-5.590041284385415 0.5283728181097709 -6.731971820460531
0.4508248915449116 0.1476090099564797 -1.461372101961916
0.401475020147056 0.1476090099564797 -1.920393157448181
0.319504699395881 0.1476090099564797 -2.374724100377076
0.205331631256656 0.1476090099564797 -2.822049764405406
0.05953761551380943 0.1476090099564797 -3.260090680485496
-0.1171344149474089 0.1476090099564797 -3.686614692516964
-0.3237841799566237 0.1476090099564797 -4.099448331902549
-0.5593586396797106 0.1476090099564797 -4.496487893045875
-0.8226573606684191 0.1476090099564797 -4.875710153352967
-1.112338632994055 0.1476090099564797 -5.235182683110819
-1.426926307293737 0.1476090099564797 -5.573073692706262
-1.76481731688918 0.1476090099564797 -5.887661367005944
-2.124289846647032 0.1476090099564797 -6.177342639331581
-2.503512106954124 0.1476090099564797 -6.440641360320289
-2.900551668097451 0.1476090099564797 -6.676215820043375
-3.313385307483036 0.1476090099564797 -6.88286558505259
-3.739909319514503 0.1476090099564797 -7.059537615513809
-4.177950235594595 0.1476090099564797 -7.205331631256656
-4.625275899622924 0.1476090099564797 -7.319504699395881
-5.079606842551818 0.1476090099564797 -7.401475020147056
-5.538627898038084 0.1476090099564797 -7.450824891544912
-0.4652248502377754 -0.2792636499879223 -1.395854931371547
-0.5075667904468206 -0.2792636499879223 -1.789692676750892
-0.5778969113134229 -0.2792636499879223 -2.17950632926327
-0.6758568266627538 -0.2792636499879223 -2.563309487888763
-0.8009473552206128 -0.2792636499879223 -2.939146379706567
-0.9525310643267826 -0.2792636499879223 -3.305101826065502
-1.129835518145756 -0.2792636499879223 -3.659311001895419
-1.331957213822686 -0.2792636499879223 -3.999968938428291
-1.557866185526841 -0.2792636499879223 -4.325339720905335
-1.806411252921385 -0.2792636499879223 -4.633765334400702
-2.076325887314503 -0.2792636499879223 -4.923674112685496
-2.366234665599297 -0.2792636499879223 -5.193588747078614
-2.674660279094665 -0.2792636499879223 -5.442133814473159
-3.000031061571708 -0.2792636499879223 -5.668042786177313
-3.34068899810458 -0.2792636499879223 -5.870164481854244
-3.694898173934497 -0.2792636499879223 -6.047468935673217
-4.060853620293432 -0.2792636499879223 -6.199052644779387
-4.436690512111238 -0.2792636499879223 -6.324143173337246
-4.82049367073673 -0.2792636499879223 -6.422103088686577
-5.210307323249107 -0.2792636499879223 -6.492433209553179
-5.604145068628453 -0.2792636499879223 -6.534775149762225
-0.6350252968053809 -0.5314484556582273 -1.383710563749717
-0.6760682356708312 -0.5314484556582273 -1.765465826420896
-0.7442407104529645 -0.5314484556582273 -2.143320450701099
-0.8391953298468202 -0.5314484556582273 -2.515348976037022
-0.9604482268775136 -0.5314484556582273 -2.879655630340122
-1.107381524575425 -0.5314484556582273 -3.234383990406625
-1.279246484535613 -0.5314484556582273 -3.577726441824647
-1.475167322317093 -0.5314484556582273 -3.907933390162893
-1.694145670239604 -0.5314484556582273 -4.223322176502835
-1.93506566483646 -0.5314484556582273 -4.522285651882862
-2.196699633039002 -0.5314484556582273 -4.803300366960998
-2.477714348117138 -0.5314484556582273 -5.064934335163539
-2.776677823497165 -0.5314484556582273 -5.305854329760396
-3.092066609837107 -0.5314484556582273 -5.524832677682906
-3.422273558175352 -0.5314484556582273 -5.720753515464386
-3.765616009593375 -0.5314484556582273 -5.892618475424574
-4.120344369659877 -0.5314484556582273 -6.039551773122486
-4.484651023962978 -0.5314484556582273 -6.16080467015318
-4.856679549298901 -0.5314484556582273 -6.255759289547036
-5.234534173579103 -0.5314484556582273 -6.323931764329169
-5.616289436250282 -0.5314484556582273 -6.364974703194619
-0.6364816742385591 0.5097616622484431 -1.383606401579934
-0.6775134715771136 0.5097616622484431 -1.765258032867871
-0.7456674402414496 0.5097616622484431 -2.143010084633147
-0.8405962832295417 0.5097616622484431 -2.514937619008484
-0.96181626491716 0.5097616622484431 -2.879145378532123
-1.108709676063729 0.5097616622484431 -3.233777443945419
-1.28052798151703 0.5097616622484431 -3.577026691531967
-1.47639563457675 0.5097616622484431 -3.907144001805833
-1.695314538579781 0.5097616622484431 -4.22244717262352
-1.936169132972025 0.5097616622484431 -4.521329491300492
-2.197732077949272 0.5097616622484431 -4.802267922050728
-2.478670508699508 0.5097616622484431 -5.063830867027974
-2.77755282737648 0.5097616622484431 -5.304685461420219
-3.092855998194166 0.5097616622484431 -5.523604365423249
-3.422973308468032 0.5097616622484431 -5.719472018482969
-3.766222556054581 0.5097616622484431 -5.89129032393627
-4.120854621467877 0.5097616622484431 -6.03818373508284
-4.485062380991517 0.5097616622484431 -6.159403716770458
-4.856989915366853 0.5097616622484431 -6.25433255975855
-5.234741967132129 0.5097616622484431 -6.322486528422886
-5.616393598420066 0.5097616622484431 -6.363518325761441
-0.3935685572013501 -0.01229426876989215 -1.400979890596582
-0.4364586798375498 -0.01229426876989215 -1.799916479583499
-0.5076993337635347 -0.01229426876989215 -2.194776877547718
-0.606927492936717 -0.01229426876989215 -2.583548966411317
-0.733637513403079 -0.01229426876989215 -2.96425165272398
-0.8871837099428577 -0.01229426876989215 -3.334944962861122
-1.066783646334427 -0.01229426876989215 -3.693739928684792
-1.271522122469921 -0.01229426876989215 -4.038808213292317
-1.500355838005212 -0.01229426876989215 -4.368391427802063
-1.752118708779311 -0.01229426876989215 -4.680810091700121
-2.025527808911968 -0.01229426876989215 -4.974472191088031
-2.319189908299879 -0.01229426876989215 -5.247881291220688
-2.631608572197937 -0.01229426876989215 -5.499644161994788
-2.961191786707683 -0.01229426876989215 -5.728477877530079
-3.306260071315207 -0.01229426876989215 -5.933216353665572
-3.665055037138878 -0.01229426876989215 -6.112816290057141
-4.035748347276019 -0.01229426876989215 -6.266362486596921
-4.416451033588683 -0.01229426876989215 -6.393072507063283
-4.805223122452282 -0.01229426876989215 -6.492300666236465
-5.2000835204165 -0.01229426876989215 -6.56354132016245
-5.599020109403417 -0.01229426876989215 -6.60643144279865
-0.7441984140696247 0.7560112910755244 -1.375902348298705
-0.784406160632126 0.7560112910755244 -1.749889184395006
-0.8511913778789815 0.7560112910755244 -2.120054757097609
-0.944213743651642 0.7560112910755244 -2.484512787497562
-1.062999237296765 0.7560112910755244 -2.841406081013202
-1.206942555166805 0.7560112910755244 -3.188915991228034
-1.375310195108657 0.7560112910755244 -3.525271687296002
-1.567244194222493 0.7560112910755244 -3.848759177689566
-1.781766500844038 0.7560112910755244 -4.157730044307646
-2.017783958471659 0.7560112910755244 -4.450609842436418
-2.274093876241329 0.7560112910755244 -4.725906123758671
-2.549390157563582 0.7560112910755244 -4.982216041528341
-2.842269955692353 0.7560112910755244 -5.218233499155962
-3.151240822310434 0.7560112910755244 -5.432755805777507
-3.474728312703997 0.7560112910755244 -5.624689804891343
-3.811084008771966 0.7560112910755244 -5.793057444833195
-4.158593918986798 0.7560112910755244 -5.937000762703235
-4.515487212502438 0.7560112910755244 -6.055786256348358
-4.879945242902391 0.7560112910755244 -6.148808622121019
-5.250110815604993 0.7560112910755244 -6.215593839367874
-5.624097651701295 0.7560112910755244 -6.255801585930375
-0.6969536697030909 -0.8081870519388116 -1.379281359104534
-0.7375228463304158 -0.8081870519388116 -1.756629987342136
-0.8049084002651581 -0.8081870519388116 -2.130123002599352
-0.8987669501706188 -0.8081870519388116 -2.49785717008269
-1.018620214390784 -0.8081870519388116 -2.857958600766866
-1.163857448164012 -0.8081870519388116 -3.208592300303747
-1.333738555838349 -0.8081870519388116 -3.547971519732927
-1.52739786222932 -0.8081870519388116 -3.874366860344872
-1.74384852390224 -0.8081870519388116 -4.186115086300329
-1.981987557900154 -0.8081870519388116 -4.481627600098914
-2.24060146229216 -0.8081870519388116 -4.75939853770784
-2.518372399901085 -0.8081870519388116 -5.018012442099846
-2.813884913699671 -0.8081870519388116 -5.25615147609776
-3.125633139655128 -0.8081870519388116 -5.472602137770679
-3.452028480267072 -0.8081870519388116 -5.66626144416165
-3.791407699696253 -0.8081870519388116 -5.836142551835987
-4.142041399233134 -0.8081870519388116 -5.981379785609216
-4.502142829917311 -0.8081870519388116 -6.101233049829381
-4.869876997400648 -0.8081870519388116 -6.195091599734842
-5.243370012657863 -0.8081870519388116 -6.262477153669584
-5.620718640895467 -0.8081870519388116 -6.303046330296909
0.7630472396958039 0.7489414554184448 -1.48370268502187
0.711308815982882 0.7489414554184448 -1.964940532035443
0.6253711009133216 0.7489414554184448 -2.441261263281922
0.5056720133844292 0.7489414554184448 -2.910237657497353
0.3528215125087693 0.7489414554184448 -3.369479918475823
0.1675984894023328 0.7489414554184448 -3.816647852923128
-0.04905320186604545 0.7489414554184448 -4.249462795545385
-0.2960295539386717 0.7489414554184448 -4.665719220605054
-0.5720720319374282 0.7489414554184448 -5.063295980774538
-0.8757739866690297 0.7489414554184448 -5.44016711601676
-1.205587822586882 0.7489414554184448 -5.794412177413117
-1.55983288398324 0.7489414554184448 -6.124226013330969
-1.936704019225462 0.7489414554184448 -6.427927968062572
-2.334280779394945 0.7489414554184448 -6.703970446061327
-2.750537204454613 0.7489414554184448 -6.950946798133954
-3.183352147076872 0.7489414554184448 -7.167598489402332
-3.630520081524176 0.7489414554184448 -7.352821512508769
-4.089762342502647 0.7489414554184448 -7.505672013384429
-4.558738736718078 0.7489414554184448 -7.625371100913322
-5.035059467964556 0.7489414554184448 -7.711308815982882
-5.51629731497813 0.7489414554184448 -7.763047239695804
0.8379758578603491 0.6081705974510709 -1.489061685559148
0.7856642178948379 0.6081705974510709 -1.975631224871655
0.698774388488328 0.6081705974510709 -2.457229171096899
0.5777491402945438 0.6081705974510709 -2.931401411493043
0.4232051902368115 0.6081705974510709 -3.39573167301303
0.2359300588599842 0.6081705974510709 -3.847853835078171
0.01687805730625591 0.6081705974510709 -4.285463986786255
-0.2328345756356658 0.6081705974510709 -4.706332167113396
-0.5119353616275646 0.6081705974510709 -5.108313728284267
-0.8190020670396496 0.6081705974510709 -5.489360264405555
-1.152469950327129 0.6081705974510709 -5.84753004967287
-1.510639735594444 0.6081705974510709 -6.180997932960349
-1.891686271715733 0.6081705974510709 -6.488064638372435
-2.293667832886603 0.6081705974510709 -6.767165424364333
-2.714536013213744 0.6081705974510709 -7.016878057306255
-3.152146164921828 0.6081705974510709 -7.235930058859983
-3.604268326986969 0.6081705974510709 -7.423205190236811
-4.068598588506957 0.6081705974510709 -7.577749140294544
-4.542770828903102 0.6081705974510709 -7.698774388488328
-5.024368775128344 0.6081705974510709 -7.785664217894838
-5.510938314440851 0.6081705974510709 -7.837975857860349
0.5385130518430943 0.843154631997335 -1.467643682963436
0.4884923515967445 0.843154631997335 -1.932904360912012
0.4054077816221655 0.843154631997335 -2.393411172078192
0.2896827218432581 0.843154631997335 -2.846817479309877
0.1419068806381016 0.843154631997335 -3.290812827995437
-0.03716671017977724 0.843154631997335 -3.723134719610811
-0.2466255326389097 0.843154631997335 -4.141580140893369
-0.4854022325923015 0.843154631997335 -4.544016789892527
-0.7522800587095064 0.843154631997335 -4.92839394169172
-1.045899062762501 0.843154631997335 -5.292752898432502
-1.36476302961013 0.843154631997335 -5.635236970389869
-1.707247101567497 0.843154631997335 -5.954100937237498
-2.07160605830828 0.843154631997335 -6.247719941290494
-2.455983210107471 0.843154631997335 -6.514597767407698
-2.858419859106629 0.843154631997335 -6.753374467361089
-3.276865280389189 0.843154631997335 -6.962833289820222
-3.709187172004562 0.843154631997335 -7.141906880638102
-4.153182520690124 0.843154631997335 -7.289682721843258
-4.606588827921808 0.843154631997335 -7.405407781622166
-5.067095639087986 0.843154631997335 -7.488492351596745
-5.532356317036564 0.843154631997335 -7.538513051843094
-0.1282790072819555 -0.05319219162682307 -1.419953773678616
-0.1731986386076381 -0.05319219162682307 -1.837767559188582
-0.2478103140486114 -0.05319219162682307 -2.251312273250428
-0.3517338296093575 -0.05319219162682307 -2.658480586794223
-0.4844396148759786 -0.05319219162682307 -3.057197663425477
-0.6452514315856428 -0.05319219162682307 -3.445431732315805
-0.8333498195817652 -0.05319219162682307 -3.821204441641355
-1.047776272595124 -0.05319219162682307 -4.182600939810213
-1.287438122572105 -0.05319219162682307 -4.527779633107198
-1.551114107660634 -0.05319219162682307 -4.854981570033305
-1.837460595480645 -0.05319219162682307 -5.162539404519354
-2.145018429966694 -0.05319219162682307 -5.448885892339366
-2.472220366892802 -0.05319219162682307 -5.712561877427895
-2.817399060189787 -0.05319219162682307 -5.952223727404875
-3.178795558358644 -0.05319219162682307 -6.166650180418234
-3.554568267684195 -0.05319219162682307 -6.354748568414356
-3.942802336574522 -0.05319219162682307 -6.515560385124021
-4.341519413205777 -0.05319219162682307 -6.648266170390642
-4.748687726749573 -0.05319219162682307 -6.752189685951389
-5.162232440811417 -0.05319219162682307 -6.826801361392362
-5.580046226321384 -0.05319219162682307 -6.871720992718044
0.1777339519337575 0.2993457249613392 -1.441840252477008
0.1304732711396319 0.2993457249613392 -1.88142898830624
0.0519731037859712 0.2993457249613392 -2.316526164052663
-0.05736653126823921 0.2993457249613392 -2.744914624241868
-0.1969884643056492 0.2993457249613392 -3.164411399476152
-0.3661812139597105 0.2993457249613392 -3.572878830346184
-0.5640826127606351 0.2993457249613392 -3.968235460453362
-0.7896842005431912 0.2993457249613392 -4.348466643034507
-1.041836363328549 0.2993457249613392 -4.71163480713997
-1.319254191493602 0.2993457249613392 -5.05588933105106
-1.620524027375876 0.2993457249613392 -5.379475972624123
-1.944110668948939 0.2993457249613392 -5.680745808506397
-2.28836519286003 0.2993457249613392 -5.958163636671451
-2.651533356965492 0.2993457249613392 -6.210315799456808
-3.031764539546637 0.2993457249613392 -6.435917387239364
-3.427121169653816 0.2993457249613392 -6.633818786040289
-3.835588600523848 0.2993457249613392 -6.803011535694351
-4.255085375758132 0.2993457249613392 -6.942633468731761
-4.683473835947337 0.2993457249613392 -7.051973103785971
-5.118571011693759 0.2993457249613392 -7.130473271139632
-5.558159747522992 0.2993457249613392 -7.177733951933758
-0.5059554588426369 0.3618402099301689 -1.392941820750478
-0.5479858031968261 0.3618402099301689 -1.783881300052735
-0.617798362184466 0.3618402099301689 -2.170826299931592
-0.7150373870074249 0.3618402099301689 -2.551805037363396
-0.8392073698843836 0.3618402099301689 -2.924876132030334
-0.9896755690449082 0.3618402099301689 -3.288138499149528
-1.165675233036473 0.3618402099301689 -3.639741036965324
-1.366309507914109 0.3618402099301689 -3.977892059539523
-1.590556007402532 0.3618402099301689 -4.300868426772237
-1.837272022742242 0.3618402099301689 -4.607024325128853
-2.105200345671441 0.3618402099301689 -4.894799654328558
-2.392975674871146 0.3618402099301689 -5.162727977257758
-2.699131573227763 0.3618402099301689 -5.409443992597468
-3.022107940460476 0.3618402099301689 -5.63369049208589
-3.360258963034675 0.3618402099301689 -5.834324766963526
-3.711861500850471 0.3618402099301689 -6.010324430955092
-4.075123867969666 0.3618402099301689 -6.160792630115616
-4.448194962636604 0.3618402099301689 -6.284962612992575
-4.829173700068408 0.3618402099301689 -6.382201637815534
-5.216118699947264 0.3618402099301689 -6.452014196803174
-5.607058179249522 0.3618402099301689 -6.494044541157363
0.0398123350396391 -0.6058621414351804 -1.431975903752269
-0.0063932227010568 -0.6058621414351804 -1.861750557316752
-0.08314082672128187 -0.6058621414351804 -2.287133927572048
-0.1900393888230756 -0.6058621414351804 -2.70595835836993
-0.3265441784373104 -0.6058621414351804 -3.116089616414198
-0.4919595984458072 -0.6058621414351804 -3.515437766824354
-0.6854427297848105 -0.6058621414351804 -3.901967822964693
-0.9060076267673187 -0.6058621414351804 -4.273710116269741
-1.152530341236305 -0.6058621414351804 -4.628770333223771
-1.423754649946898 -0.6058621414351804 -4.965339168348267
-1.718298455992082 -0.6058621414351804 -5.281701544007917
-2.034660831651732 -0.6058621414351804 -5.576245350053101
-2.371229666776229 -0.6058621414351804 -5.847469658763695
-2.726289883730259 -0.6058621414351804 -6.093992373232681
-3.098032177035305 -0.6058621414351804 -6.314557270215189
-3.484562233175646 -0.6058621414351804 -6.508040401554193
-3.883910383585802 -0.6058621414351804 -6.67345582156269
-4.294041641630071 -0.6058621414351804 -6.809960611176924
-4.712866072427952 -0.6058621414351804 -6.916859173278718
-5.138249442683247 -0.6058621414351804 -6.993606777298943
-5.568024096247731 -0.6058621414351804 -7.039812335039639
-0.6158459631486757 -0.8599319192682313 -1.385082296765602
-0.6570356270710569 -0.8599319192682313 -1.768202302415646
-0.7254518127208796 -0.8599319192682313 -2.147407725220301
-0.8207458868984672 -0.8599319192682313 -2.520766221266614
-0.9424322528451663 -0.8599319192682313 -2.886375241240157
-1.089890824733122 -0.8599319192682313 -3.242371725380229
-1.262370187480523 -0.8599319192682313 -3.586941597205347
-1.458991425790616 -0.8599319192682313 -3.918329007631172
-1.678752602902592 -0.8599319192682313 -4.234845282374964
-1.920533866231656 -0.8599319192682313 -4.534877527052648
-2.183103153881108 -0.8599319192682313 -4.816896846118891
-2.465122472947352 -0.8599319192682313 -5.079466133768343
-2.765154717625036 -0.8599319192682313 -5.321247397097408
-3.081670992368827 -0.8599319192682313 -5.541008574209383
-3.413058402794652 -0.8599319192682313 -5.737629812519476
-3.757628274619771 -0.8599319192682313 -5.910109175266878
-4.113624758759843 -0.8599319192682313 -6.057567747154834
-4.479233778733386 -0.8599319192682313 -6.179254113101533
-4.852592274779699 -0.8599319192682313 -6.27454818727912
-5.231797697584353 -0.8599319192682313 -6.342964372928943
-5.614917703234398 -0.8599319192682313 -6.384154036851324
-0.5497764351356142 0.8397465376919766 -1.38980768267012
-0.5914715418138554 0.8397465376919766 -1.777628994741267
-0.660727269769378 0.8397465376919766 -2.161487687703726
-0.7571907076873536 0.8397465376919766 -2.539427705646442
-0.8803702999995489 0.8397465376919766 -2.909523152869585
-1.029638351738831 0.8397465376919766 -3.269888107807569
-1.204234227128835 0.8397465376919766 -3.618686233253069
-1.403268225609528 0.8397465376919766 -3.954140133910497
-1.625726115547327 0.8397465376919766 -4.274540413595018
-1.870474302527017 0.8397465376919766 -4.578254385923671
-2.136265605889057 0.8397465376919766 -4.863734394110942
-2.421745614076329 0.8397465376919766 -5.129525697472982
-2.725459586404983 0.8397465376919766 -5.374273884452673
-3.045859866089502 0.8397465376919766 -5.596731774390472
-3.38131376674693 0.8397465376919766 -5.795765772871165
-3.730111892192431 0.8397465376919766 -5.970361648261169
-4.090476847130414 0.8397465376919766 -6.119629700000451
-4.460572294353558 0.8397465376919766 -6.242809292312646
-4.838512312296275 0.8397465376919766 -6.339272730230622
-5.222371005258732 0.8397465376919766 -6.408528458186145
-5.61019231732988 0.8397465376919766 -6.450223564864386
-0.2668242956960789 0.2471768529243471 -1.410044819086417
-0.3106840327786262 0.2471768529243471 -1.818000143765451
-0.3835352199222424 0.2471768529243471 -2.221787127214263
-0.485006624176231 0.2471768529243471 -2.619348163521457
-0.614581170523838 0.2471768529243471 -3.008657372775153
-0.7715985767780209 0.2471768529243471 -3.387730924482648
-0.9552587182281176 0.2471768529243471 -3.754637146715873
-1.16462570489197 0.2471768529243471 -4.107506369468757
-1.398632650596745 0.2471768529243471 -4.444540452067014
-1.65608710958632 0.2471768529243471 -4.764021946080846
-1.935677152951529 0.2471768529243471 -5.06432284704847
-2.235978053919153 0.2471768529243471 -5.343912890413679
-2.555459547932986 0.2471768529243471 -5.601367349403255
-2.892493630531243 0.2471768529243471 -5.835374295108029
-3.245362853284127 0.2471768529243471 -6.044741281771882
-3.612269075517352 0.2471768529243471 -6.228401423221978
-3.991342627224847 0.2471768529243471 -6.385418829476162
-4.380651836478544 0.2471768529243471 -6.514993375823769
-4.778212872785737 0.2471768529243471 -6.616464780077758
-5.181999856234548 0.2471768529243471 -6.689315967221374
-5.589955180913583 0.2471768529243471 -6.733175704303921
-0.311493124739604 0.3603512920357024 -1.406850041380545
-0.3550111379332144 0.3603512920357024 -1.811626868208588
-0.4272947204207078 0.3603512920357024 -2.212267830557762
-0.5279755316346071 0.3603512920357024 -2.606731353919061
-0.6565405252390724 0.3603512920357024 -2.993007342596564
-0.812334563496429 0.3603512920357024 -3.369127422694348
-0.9945637556989064 0.3603512920357024 -3.733174972498671
-1.202299503653708 0.3603512920357024 -4.083294889142895
-1.43448323360655 0.3603512920357024 -4.417703041786464
-1.689931790490864 0.3603512920357024 -4.734695363136712
-1.967343467014818 0.3603512920357024 -5.032656532985182
-2.265304636863287 0.3603512920357024 -5.310068209509135
-2.582296958213536 0.3603512920357024 -5.56551676639345
-2.916705110857105 0.3603512920357024 -5.797700496346291
-3.266825027501327 0.3603512920357024 -6.005436244301093
-3.630872577305652 0.3603512920357024 -6.18766543650357
-4.006992657403435 0.3603512920357024 -6.343459474760928
-4.393268646080939 0.3603512920357024 -6.472024468365393
-4.787732169442238 0.3603512920357024 -6.572705279579292
-5.188373131791411 0.3603512920357024 -6.644988862066786
-5.593149958619454 0.3603512920357024 -6.688506875260396
0.7667762814775259 0.244807177667724 -1.48396939135386
0.715009329981652 0.244807177667724 -1.965472585625091
0.629024230158036 0.244807177667724 -2.442055952906091
0.5092591423658295 0.244807177667724 -2.911290933599879
0.3563243620398087 0.244807177667724 -3.370786413803119
0.1709992097647266 0.244807177667724 -3.818200909874482
-0.04577193996374884 0.244807177667724 -4.251254500098566
-0.292884471054994 0.244807177667724 -4.667740442644353
-0.569079154693827 0.244807177667724 -5.06553642061575
-0.8729485660819103 0.244807177667724 -5.442615356892007
-1.202944256351911 0.244807177667724 -5.797055743648088
-1.557384643107992 0.244807177667724 -6.127051433918089
-1.93446357938425 0.244807177667724 -6.430920845306173
-2.332259557355645 0.244807177667724 -6.707115528945005
-2.748745499901432 0.244807177667724 -6.95422806003625
-3.181799090125518 0.244807177667724 -7.170999209764726
-3.62921358619688 0.244807177667724 -7.356324362039809
-4.088709066400122 0.244807177667724 -7.509259142365829
-4.557944047093909 0.244807177667724 -7.629024230158036
-5.034527414374908 0.244807177667724 -7.715009329981652
-5.516030608646139 0.244807177667724 -7.766776281477526
0.206979195033151 0.7535935610863791 -1.443931913544857
0.1594947833193032 0.7535935610863791 -1.885601651816587
0.08062299807217865 0.7535935610863791 -2.32275856706872
-0.02923424816963571 0.7535935610863791 -2.75317500786646
-0.169517148060824 0.7535935610863791 -3.174657670687777
-0.3395108520992576 0.7535935610863791 -3.585058776495403
-0.5383491113352008 0.7535935610863791 -3.982287015326493
-0.7650186915773949 0.7535935610863791 -4.364318203128819
-1.018364536602239 0.7535935610863791 -4.729205596538727
-1.297095654055552 0.7535935610863791 -5.075089813039071
-1.599791694053679 0.7535935610863791 -5.400208305946321
-1.924910186960929 0.7535935610863791 -5.702904345944448
-2.270794403461273 0.7535935610863791 -5.981635463397761
-2.63568179687118 0.7535935610863791 -6.234981308422605
-3.017712984673506 0.7535935610863791 -6.461650888664798
-3.414941223504596 0.7535935610863791 -6.660489147900742
-3.825342329312222 0.7535935610863791 -6.830482851939176
-4.24682499213354 0.7535935610863791 -6.970765751830364
-4.677241432931281 0.7535935610863791 -7.080622998072179
-5.114398348183411 0.7535935610863791 -7.159494783319303
-5.556068086455143 0.7535935610863791 -7.206979195033151
0.2783850167178645 0.1718884108441662 -1.449038958705263
0.2303543387238989 0.1718884108441662 -1.895789717805902
0.1505752031447773 0.1718884108441662 -2.337975737837976
0.03945414616839571 0.1718884108441662 -2.773343740201504
-0.1024425847701167 0.1718884108441662 -3.199675189351717
-0.2743919164555395 0.1718884108441662 -3.614797597947656
-0.4755176345079173 0.1718884108441662 -4.016595597349685
-0.7047948483701933 0.1718884108441662 -4.403021717053192
-0.9610552139155653 0.1718884108441662 -4.77210681812896
-1.242992887061344 0.1718884108441662 -5.121970127503779
-1.549171178051076 0.1718884108441662 -5.450828821948924
-1.87802987249622 0.1718884108441662 -5.757007112938656
-2.22789318187104 0.1718884108441662 -6.038944786084435
-2.596978282946808 0.1718884108441662 -6.295205151629806
-2.983404402650314 0.1718884108441662 -6.524482365492082
-3.385202402052344 0.1718884108441662 -6.72560808354446
-3.800324810648283 0.1718884108441662 -6.897557415229883
-4.226656259798496 0.1718884108441662 -7.039454146168396
-4.662024262162024 0.1718884108441662 -7.150575203144777
-5.104210282194097 0.1718884108441662 -7.230354338723899
-5.550961041294737 0.1718884108441662 -7.278385016717865
-0.121774351149913 -0.2752907264657465 -1.420418995866884
-0.1667437441648358 -0.2752907264657465 -1.838695632899486
-0.2414380739575384 -0.2752907264657465 -2.25269846923307
-0.3454767153448675 -0.2752907264657465 -2.66031784131162
-0.4783295112581056 -0.2752907264657465 -3.059476614249744
-0.6393194743018622 -0.2752907264657465 -3.448140766435926
-0.827626236526668 -0.2752907264657465 -3.824329754440418
-1.042290229835998 -0.2752907264657465 -4.18612660541058
-1.282217575725336 -0.2752907264657465 -4.531687685525125
-1.546185659436297 -0.2752907264657465 -4.859252094729477
-1.83284936012119 -0.2752907264657465 -5.167150639878809
-2.140747905270523 -0.2752907264657465 -5.453814340563702
-2.468312314474875 -0.2752907264657465 -5.717782424274664
-2.81387339458942 -0.2752907264657465 -5.957709770164001
-3.175670245559581 -0.2752907264657465 -6.172373763473331
-3.551859233564074 -0.2752907264657465 -6.360680525698138
-3.940523385750255 -0.2752907264657465 -6.521670488741894
-4.33968215868838 -0.2752907264657465 -6.654523284655133
-4.747301530766931 -0.2752907264657465 -6.758561926042462
-5.161304367100513 -0.2752907264657465 -6.833256255835164
-5.579581004133116 -0.2752907264657465 -6.878225648850087
0.6599815032732037 -0.7646197683757603 -1.476331278069579
0.6090315493953025 -0.7646197683757603 -1.950235281131012
0.5244034856672455 -0.7646197683757603 -2.419297103013214
0.4065285573033037 -0.7646197683757603 -2.881126512190463
0.2560074279190685 -0.7646197683757603 -3.333370131854362
0.07360711868735326 -0.7646197683757603 -3.773723432182616
-0.1397429002258894 -0.7646197683757603 -4.19994247369476
-0.3829554460284772 -0.7646197683757603 -4.609855341853391
-0.6547911633363031 -0.7646197683757603 -5.001373214642809
-0.9538648396442859 -0.7646197683757603 -5.372501006727204
-1.278652464051783 -0.7646197683757603 -5.721347535948217
-1.627498993272795 -0.7646197683757603 -6.046135160355713
-1.998626785357191 -0.7646197683757603 -6.345208836663697
-2.390144658146608 -0.7646197683757603 -6.617044553971522
-2.800057526305239 -0.7646197683757603 -6.86025709977411
-3.226276567817383 -0.7646197683757603 -7.073607118687352
-3.666629868145637 -0.7646197683757603 -7.256007427919068
-4.118873487809537 -0.7646197683757603 -7.406528557303304
-4.580702896986786 -0.7646197683757603 -7.524403485667245
-5.049764718868987 -0.7646197683757603 -7.609031549395302
-5.523668721930421 -0.7646197683757603 -7.659981503273204
-0.3854290232408113 0.1177480361686997 -1.401562041554871
-0.4283814146505316 0.1177480361686997 -1.801077814992233
-0.4997254972419549 0.1177480361686997 -2.196511479507858
-0.5990977179237227 0.1177480361686997 -2.585847995788879
-0.7259916986373911 0.1177480361686997 -2.967103394192241
-0.8797608167439464 0.1177480361686997 -3.338334884599237
-1.059621500064552 0.1177480361686997 -3.697650756428624
-1.264657219784765 0.1177480361686997 -4.043220018360124
-1.493823160875281 0.1177480361686997 -4.373281728646498
-1.745951546229836 0.1177480361686997 -4.686153968469036
-2.019757587389661 0.1177480361686997 -4.980242412610339
-2.313846031530963 0.1177480361686997 -5.254048453770164
-2.626718271353502 0.1177480361686997 -5.506176839124719
-2.956779981639875 0.1177480361686997 -5.735342780215234
-3.302349243571375 0.1177480361686997 -5.940378499935447
-3.661665115400762 0.1177480361686997 -6.120239183256053
-4.032896605807759 0.1177480361686997 -6.274008301362609
-4.414152004211122 0.1177480361686997 -6.400902282076277
-4.803488520492142 0.1177480361686997 -6.500274502758045
-5.198922185007766 0.1177480361686997 -6.571618585349468
-5.598437958445129 0.1177480361686997 -6.614570976759189
0.551410349330328 -0.2521400648416336 -1.468566115885017
0.5012909826369611 -0.2521400648416336 -1.934744526248446
0.4180425273252926 -0.2521400648416336 -2.396159692768728
0.3020891984413367 -0.2521400648416336 -2.850460349523092
0.1540218675702061 -0.2521400648416336 -3.295331484499747
-0.02540494811004912 -0.2521400648416336 -3.728506136368438
-0.2352769306750293 -0.2521400648416336 -4.147776946395755
-0.4745246206085438 -0.2521400648416336 -4.551007406639268
-0.7419288665231685 -0.2521400648416336 -4.936142747102266
-1.036127037676259 -0.2521400648416336 -5.301220406370666
-1.355619967623875 -0.2521400648416336 -5.644380032376124
-1.698779593629334 -0.2521400648416336 -5.96387296232374
-2.063857252897734 -0.2521400648416336 -6.258071133476832
-2.448992593360731 -0.2521400648416336 -6.525475379391456
-2.852223053604243 -0.2521400648416336 -6.76472306932497
-3.271493863631562 -0.2521400648416336 -6.97459505188995
-3.704668515500252 -0.2521400648416336 -7.154021867570206
-4.149539650476909 -0.2521400648416336 -7.302089198441337
-4.603840307231273 -0.2521400648416336 -7.418042527325293
-5.065255473751552 -0.2521400648416336 -7.501290982636961
-5.531433884114983 -0.2521400648416336 -7.551410349330328
0.1967776420724583 -0.03017133720988001 -1.443202284077016
0.1493712739166257 -0.03017133720988001 -1.884146110905428
0.07062911931091609 -0.03017133720988001 -2.320584531817086
-0.03904756977411772 -0.03017133720988001 -2.75029355665966
-0.179099906071043 -0.03017133720988001 -3.171083486740673
-0.3488142149769589 -0.03017133720988001 -3.580810073030113
-0.5473256712756811 -0.03017133720988001 -3.977385442761986
-0.7736227060888083 -0.03017133720988001 -4.358788738755344
-1.026552161598854 -0.03017133720988001 -4.723076417239263
-1.304825167277155 -0.03017133720988001 -5.068392151706394
-1.607023707672656 -0.03017133720988001 -5.392976292327343
-1.931607848293605 -0.03017133720988001 -5.695174832722844
-2.276923582760737 -0.03017133720988001 -5.973447838401146
-2.641211261244655 -0.03017133720988001 -6.226377293911191
-3.022614557238013 -0.03017133720988001 -6.452674328724318
-3.419189926969886 -0.03017133720988001 -6.65118578502304
-3.828916513259327 -0.03017133720988001 -6.820900093928957
-4.24970644334034 -0.03017133720988001 -6.960952430225882
-4.679415468182914 -0.03017133720988001 -7.070629119310916
-5.115853889094571 -0.03017133720988001 -7.149371273916626
-5.556797715922984 -0.03017133720988001 -7.196777642072458
0.09019749900752316 0.6076984217778971 -1.435579521800874
0.04360648647554477 0.6076984217778971 -1.868939430202409
-0.033781359392969 0.6076984217778971 -2.297871422446369
-0.1415716878743547 0.6076984217778971 -2.720189759420288
-0.2792152241624235 0.6076984217778971 -3.133742403682971
-0.4460105683469733 0.6076984217778971 -3.536421985754
-0.641107769586954 0.6076984217778971 -3.926176542785562
-0.863512657265125 0.6076984217778971 -4.301019974894759
-1.11209190705364 0.6076984217778971 -4.659042165873364
-1.385578816075037 0.6076984217778971 -4.99841871670218
-1.682579757729752 0.6076984217778971 -5.317420242270248
-2.001581283297819 0.6076984217778971 -5.614421183924963
-2.340957834126635 0.6076984217778971 -5.88790809294636
-2.698980025105241 0.6076984217778971 -6.136487342734874
-3.073823457214437 0.6076984217778971 -6.358892230413045
-3.463578014245999 0.6076984217778971 -6.553989431653026
-3.866257596317028 0.6076984217778971 -6.720784775837576
-4.279810240579712 0.6076984217778971 -6.858428312125645
-4.702128577553632 0.6076984217778971 -6.966218640607031
-5.13106056979759 0.6076984217778971 -7.043606486475545
-5.564420478199127 0.6076984217778971 -7.090197499007523
-0.05901106292856362 0.4684104033328724 -1.424907914834546
-0.104460605421159 0.4684104033328724 -1.847650596332704
-0.1799524652899978 0.4684104033328724 -2.266073844690849
-0.2851019533214725 0.4684104033328724 -2.678045470946538
-0.4193732518269924 0.4684104033328724 -3.081466162124718
-0.5820821450471083 0.4684104033328724 -3.474280178855439
-0.7723995057581874 0.4684104033328724 -3.854485830950471
-0.9893555203146862 0.4684104033328724 -4.220145677557667
-1.231844630597193 0.4684104033328724 -4.569396399915457
-1.498631167683183 0.4684104033328724 -4.900458296398128
-1.788355648532616 0.4684104033328724 -5.211644351467384
-2.099541703601872 0.4684104033328724 -5.501368832316816
-2.430603600084544 0.4684104033328724 -5.768155369402807
-2.779854322442332 0.4684104033328724 -6.010644479685314
-3.145514169049529 0.4684104033328724 -6.227600494241812
-3.525719821144561 0.4684104033328724 -6.417917854952891
-3.918533837875281 0.4684104033328724 -6.580626748173008
-4.321954529053462 0.4684104033328724 -6.714898046678528
-4.733926155309152 0.4684104033328724 -6.820047534710002
-5.152349403667295 0.4684104033328724 -6.895539394578841
-5.575092085165453 0.4684104033328724 -6.940988937071436
0.1073004540404492 0.4121026646094338 -1.436802749286655
0.06057860108951907 0.4121026646094338 -1.871379651887093
-0.01702657120366347 0.4121026646094338 -2.3015162035196
-0.1251196046697896 0.4121026646094338 -2.725020526913175
-0.2631496819874544 0.4121026646094338 -3.139734541111681
-0.4304134335219718 0.4121026646094338 -3.543544958559718
-0.6260585215358052 0.4121026646094338 -3.9343940539316
-0.8490879835063012 0.4121026646094338 -4.310290149827939
-1.098365312418185 0.4121026646094338 -4.669317765907142
-1.372620248142796 0.4121026646094338 -5.009647379734161
-1.670455250392539 0.4121026646094338 -5.329544749607461
-1.990352620265838 0.4121026646094338 -5.627379751857204
-2.330682234092858 0.4121026646094338 -5.901634687581815
-2.68970985017206 0.4121026646094338 -6.150912016493699
-3.065605946068399 0.4121026646094338 -6.373941478464194
-3.456455041440282 0.4121026646094338 -6.569586566478027
-3.860265458888319 0.4121026646094338 -6.736850318012546
-4.274979473086825 0.4121026646094338 -6.87488039533021
-4.6984837964804 0.4121026646094338 -6.982973428796337
-5.128620348112905 0.4121026646094338 -7.060578601089519
-5.563197250713345 0.4121026646094338 -7.107300454040449
-0.4369962702780308 -0.554826581861504 -1.397873879256568
-0.4795541637665686 -0.554826581861504 -1.793720284425297
-0.5502429838371565 -0.554826581861504 -2.18552207296156
-0.6487025164660452 -0.554826581861504 -2.571282712759982
-0.7744310344438992 -0.554826581861504 -2.9490364560244
-0.9267878540626588 -0.554826581861504 -3.316858356268042
-1.104996599892855 -0.554826581861504 -3.672874077399589
-1.308149161014836 -0.554826581861504 -4.01526944491026
-1.535210318543856 -0.554826581861504 -4.342299690491258
-1.785023020868223 -0.554826581861504 -4.652298342973143
-2.056314279719084 -0.554826581861504 -4.943685720280915
-2.347701657026856 -0.554826581861504 -5.214976979131777
-2.657700309508742 -0.554826581861504 -5.464789681456144
-2.98473055508974 -0.554826581861504 -5.691850838985164
-3.32712592260041 -0.554826581861504 -5.895003400107144
-3.683141643731958 -0.554826581861504 -6.07321214593734
-4.0509635439756 -0.554826581861504 -6.225568965556101
-4.428717287240018 -0.554826581861504 -6.351297483533955
-4.81447792703844 -0.554826581861504 -6.449757016162843
-5.206279715574702 -0.554826581861504 -6.520445836233431
-5.602126120743432 -0.554826581861504 -6.563003729721969
-0.461829357702098 0.5622082970160738 -1.396097781790635
-0.5041972739875034 0.5622082970160738 -1.790177140079001
-0.5745705412139808 0.5622082970160738 -2.180229936786327
-0.6725905533427401 0.5622082970160738 -2.564268552268696
-0.7977578228601701 0.5622082970160738 -2.940336013771134
-0.9494345260517134 0.5622082970160738 -3.306515967712199
-1.12684775320532 0.5622082970160738 -3.660942444982563
-1.329093447182163 0.5622082970160738 -4.001809369495872
-1.555141010284596 0.5622082970160738 -4.327379761538497
-1.803838555945788 0.5622082970160738 -4.635994589019996
-2.073918778479626 0.5622082970160738 -4.926081221520374
-2.364005410980003 0.5622082970160738 -5.196161444054212
-2.672620238461504 0.5622082970160738 -5.444858989715404
-2.998190630504127 0.5622082970160738 -5.670906552817837
-3.339057555017436 0.5622082970160738 -5.87315224679468
-3.693484032287801 0.5622082970160738 -6.050565473948286
-4.059663986228865 0.5622082970160738 -6.20224217713983
-4.435731447731304 0.5622082970160738 -6.32740944665726
-4.819770063213673 0.5622082970160738 -6.425429458786019
-5.209822859920998 0.5622082970160738 -6.495802726012497
-5.603902218209364 0.5622082970160738 -6.538170642297902
0.1776813908365655 -0.3364347755053477 -1.441836493233144
0.1304211121434786 -0.3364347755053477 -1.881421488974756
0.05192161268114504 -0.3364347755053477 -2.316514962848435
-0.05741709209487134 -0.3364347755053477 -2.744899778243663
-0.1970378372077048 -0.3364347755053477 -3.164392984335776
-0.366229147344197 -0.3364347755053477 -3.57285693990297
-0.5641288623700129 -0.3364347755053477 -3.968210206255991
-0.7897285307000521 -0.3364347755053477 -4.34843815377258
-1.041878548136576 -0.3364347755053477 -4.711603227988236
-1.319294015988682 -0.3364347755053477 -5.055854822929637
-1.620561288621511 -0.3364347755053477 -5.379438711378489
-1.944145177070362 -0.3364347755053477 -5.680705984011317
-2.288396772011764 -0.3364347755053477 -5.958121451863424
-2.651561846227419 -0.3364347755053477 -6.210271469299947
-3.031789793744008 -0.3364347755053477 -6.435871137629986
-3.42714306009703 -0.3364347755053477 -6.633770852655802
-3.835607015664224 -0.3364347755053477 -6.802962162792295
-4.255100221756337 -0.3364347755053477 -6.942582907905129
-4.683485037151566 -0.3364347755053477 -7.051921612681145
-5.118578511025243 -0.3364347755053477 -7.130421112143479
-5.558163506766856 -0.3364347755053477 -7.177681390836566
-0.8816706939385499 -0.6431394513434234 -1.366070136792273
-0.9208267549497675 -0.6431394513434234 -1.730274864078235
-0.9858651185670935 -0.6431394513434234 -2.090758278050829
-1.076454364197662 -0.6431394513434234 -2.445683437862641
-1.192132869810652 -0.6431394513434234 -2.793241726255396
-1.332311164257344 -0.6431394513434234 -3.131662065858932
-1.49627493108098 -0.6431394513434234 -3.45921994419551
-1.683188648509684 -0.6431394513434234 -3.774246201400111
-1.892099847083895 -0.6431394513434234 -4.075135535876497
-2.121943963222409 -0.6431394513434234 -4.360354684546184
-2.371549763994372 -0.6431394513434234 -4.628450236005628
-2.639645315453816 -0.6431394513434234 -4.878056036777591
-2.924864464123503 -0.6431394513434234 -5.107900152916105
-3.225753798599889 -0.6431394513434234 -5.316811351490316
-3.540780055804489 -0.6431394513434234 -5.503725068919019
-3.868337934141068 -0.6431394513434234 -5.667688835742656
-4.206758273744603 -0.6431394513434234 -5.807867130189348
-4.554316562137359 -0.6431394513434234 -5.923545635802338
-4.909241721949171 -0.6431394513434234 -6.014134881432907
-5.269725135921764 -0.6431394513434234 -6.079173245050232
-5.633929863207727 -0.6431394513434234 -6.11832930606145
-0.8266638450260846 0.5937730629910405 -1.370004304271894
-0.8662407174785471 0.5937730629910405 -1.738123151421793
-0.931978050471832 0.5937730629910405 -2.102480692185009
-1.023540861625352 0.5937730629910405 -2.461220244052034
-1.140462567841542 0.5937730629910405 -2.812513752497015
-1.282147362906377 0.5937730629910405 -3.154571106324592
-1.447873253581268 0.5937730629910405 -3.485649259666222
-1.636795738715107 0.5937730629910405 -3.804061114142375
-1.847952112628561 0.5937730629910405 -4.10818411592917
-2.080266370841537 0.5937730629910405 -4.396468523920729
-2.332554693145375 0.5937730629910405 -4.667445306854624
-2.603531476079271 0.5937730629910405 -4.919733629158463
-2.89181588407083 0.5937730629910405 -5.152047887371439
-3.195938885857624 0.5937730629910405 -5.363204261284893
-3.514350740333777 0.5937730629910405 -5.552126746418732
-3.845428893675407 0.5937730629910405 -5.717852637093622
-4.187486247502985 0.5937730629910405 -5.859537432158458
-4.538779755947966 0.5937730629910405 -5.976459138374648
-4.897519307814991 0.5937730629910405 -6.068021949528168
-5.261876848578206 0.5937730629910405 -6.133759282521453
-5.629995695728105 0.5937730629910405 -6.173336154973915
0.6242513199216759 -0.4063106677631725 -1.473775804921023
0.5735747078230142 -0.4063106677631725 -1.945137356939298
0.4894006658114147 -0.4063106677631725 -2.411682705631475
0.3721581255105502 -0.4063106677631725 -2.87103444284238
0.222444528031402 -0.4063106677631725 -3.320851817412023
0.04102277954929612 -0.4063106677631725 -3.758842663106965
-0.1711826362910891 -0.4063106677631725 -4.182775078974029
-0.4130903693324637 -0.4063106677631725 -4.590488802595958
-0.6834677132174605 -0.4063106677631725 -4.979906218293523
-0.9809368869776742 -0.4063106677631725 -5.349042944178785
-1.303982055889659 -0.4063106677631725 -5.69601794411034
-1.650957055821214 -0.4063106677631725 -6.019063113022325
-2.020093781706477 -0.4063106677631725 -6.31653228678254
-2.409511197404041 -0.4063106677631725 -6.586909630667536
-2.81722492102597 -0.4063106677631725 -6.82881736370891
-3.241157336893034 -0.4063106677631725 -7.041022779549295
-3.679148182587976 -0.4063106677631725 -7.222444528031402
-4.12896555715762 -0.4063106677631725 -7.37215812551055
-4.588317294368525 -0.4063106677631725 -7.489400665811415
-5.054862643060701 -0.4063106677631725 -7.573574707823014
-5.526224195078977 -0.4063106677631725 -7.624251319921676
0.56878723820211 -0.8596732295987941 -1.469808935505627
0.5185349354508695 -0.8596732295987941 -1.93722383236576
0.4350656728504552 -0.8596732295987941 -2.399862851407078
0.3188047906302112 -0.8596732295987941 -2.855368490234899
0.1703447275965537 -0.8596732295987941 -3.30141959652499
-0.009557997799388041 -0.8596732295987941 -3.735743196083755
-0.2199866425063908 -0.8596732295987941 -4.156126075403721
-0.4598689103855884 -0.8596732295987941 -4.560426059692248
-0.727982416385804 -0.8596732295987941 -4.946582928903251
-1.022960915537572 -0.8596732295987941 -5.312628916146303
-1.343301265024339 -0.8596732295987941 -5.65669873497566
-1.687371083853697 -0.8596732295987941 -5.977039084462427
-2.053417071096749 -0.8596732295987941 -6.272017583614196
-2.439573940307751 -0.8596732295987941 -6.540131089614411
-2.843873924596278 -0.8596732295987941 -6.780013357493608
-3.264256803916245 -0.8596732295987941 -6.990442002200611
-3.69858040347501 -0.8596732295987941 -7.170344727596554
-4.144631509765102 -0.8596732295987941 -7.318804790630211
-4.600137148592922 -0.8596732295987941 -7.435065672850455
-5.062776167634239 -0.8596732295987941 -7.518534935450869
-5.530191064494373 -0.8596732295987941 -7.56878723820211
0.422838760725103 -0.8223259412314434 -1.459370494381614
0.3737029878309421 -0.8223259412314434 -1.916400142020997
0.2920882854942262 -0.8223259412314434 -2.368760024594346
0.1784105435302985 -0.8223259412314434 -2.81414501983023
0.03324903765493836 -0.8223259412314434 -3.2502855478843
-0.1426565223719063 -0.8223259412314434 -3.674959136597945
-0.3484097621375035 -0.8223259412314434 -4.086001746706978
-0.5829622102948671 -0.8223259412314434 -4.481318799289677
-0.8451186413324194 -0.8223259412314434 -4.858895849260856
-1.133543166169222 -0.8223259412314434 -5.216808850522265
-1.446766039539523 -0.8223259412314434 -5.553233960460476
-1.783191149477735 -0.8223259412314434 -5.866456833830778
-2.141104150739144 -0.8223259412314434 -6.154881358667581
-2.518681200710323 -0.8223259412314434 -6.417037789705132
-2.913998253293021 -0.8223259412314434 -6.651590237862496
-3.325040863402054 -0.8223259412314434 -6.857343477628093
-3.7497144521157 -0.8223259412314434 -7.033249037654938
-4.185854980169771 -0.8223259412314434 -7.178410543530299
-4.631239975405654 -0.8223259412314434 -7.292088285494226
-5.083599857979001 -0.8223259412314434 -7.373702987830942
-5.540629505618385 -0.8223259412314434 -7.422838760725103
0.6598468747440025 0.8081097826269361 -1.476321649247134
0.608897950796492 0.8081097826269361 -1.950216072552395
0.5242715977866617 0.8081097826269361 -2.419268412560938
0.4063990522113547 0.8081097826269361 -2.881088486064496
0.2558809655440184 0.8081097826269361 -3.333322963827127
0.07348434345247679 0.8081097826269361 -3.773667362611567
-0.1398613626861378 0.8081097826269361 -4.199877788297578
-0.383068992056554 0.8081097826269361 -4.609782370252034
-0.6548992143276759 0.8081097826269361 -5.001292328683831
-0.9539668449958709 0.8081097826269361 -5.37241261858691
-1.278747903967689 0.8081097826269361 -5.72125209603231
-1.627587381413089 0.8081097826269361 -6.046033155004128
-1.998707671316169 0.8081097826269361 -6.345100785672324
-2.390217629747966 0.8081097826269361 -6.616931007943445
-2.800122211702421 0.8081097826269361 -6.860138637313861
-3.226332637388433 0.8081097826269361 -7.073484343452477
-3.666677036172873 0.8081097826269361 -7.255880965544018
-4.118911513935504 0.8081097826269361 -7.406399052211355
-4.580731587439062 0.8081097826269361 -7.524271597786662
-5.049783927447604 0.8081097826269361 -7.608897950796492
-5.523678350752866 0.8081097826269361 -7.659846874744002
0.8368892345010819 0.7024066072748345 -1.488983968722661
0.7845859073829882 0.7024066072748345 -1.975476187225864
0.6977098856470931 0.7024066072748345 -2.45699760267811
0.576703869586396 0.7024066072748345 -2.931094492320839
0.4221844781216832 0.7024066072748345 -3.395350967077159
0.2349391066528455 0.7024066072748345 -3.847401282368817
0.01592191467240678 0.7024066072748345 -4.284941893408289
-0.2337510364125297 0.7024066072748345 -4.705743193535
-0.5128074704733967 0.7024066072748345 -5.10766087577979
-0.8198253798876758 0.7024066072748345 -5.488646859761714
-1.153240271763796 0.7024066072748345 -5.846759728236203
-1.511353140238285 0.7024066072748345 -6.180174620112323
-1.89233912422021 0.7024066072748345 -6.487192529526603
-2.294256806465 0.7024066072748345 -6.76624896358747
-2.715058106591709 0.7024066072748345 -7.015921914672407
-3.152598717631183 0.7024066072748345 -7.234939106652845
-3.60464903292284 0.7024066072748345 -7.422184478121683
-4.068905507679162 0.7024066072748345 -7.576703869586396
-4.54300239732189 0.7024066072748345 -7.697709885647093
-5.024523812774135 0.7024066072748345 -7.784585907382988
-5.51101603127734 0.7024066072748345 -7.836889234501082
-0.8416358849451644 0.7038710411745607 -1.368933482842967
-0.8810982188297709 0.7038710411745607 -1.735986965224486
-0.9466453028339581 0.7038710411745607 -2.099290026734526
-1.037943124042378 0.7038710411745607 -2.456991358248145
-1.154526449685483 0.7038710411745607 -2.807268195772429
-1.295801197859087 0.7038710411745607 -3.148335608833989
-1.461047464829567 0.7038710411745607 -3.478455596075509
-1.649423193498275 0.7038710411745607 -3.795945941712276
-1.859968464331493 0.7038710411745607 -4.099188787718225
-2.091610386890348 0.7038710411745607 -4.386638878059586
-2.343168567034563 0.7038710411745607 -4.656831432965436
-2.613361121940414 0.7038710411745607 -4.908389613109652
-2.900811212281776 0.7038710411745607 -5.140031535668507
-3.204054058287723 0.7038710411745607 -5.350576806501725
-3.52154440392449 0.7038710411745607 -5.538952535170432
-3.851664391166011 0.7038710411745607 -5.704198802140912
-4.19273180422757 0.7038710411745607 -5.845473550314517
-4.543008641751856 0.7038710411745607 -5.962056875957622
-4.900709973265474 0.7038710411745607 -6.053354697166042
-5.264013034775513 0.7038710411745607 -6.118901781170229
-5.631066517157033 0.7038710411745607 -6.158364115054836
-0.7935247394506861 -0.7381361750689068 -1.372374459880443
-0.833355131511242 -0.7381361750689068 -1.742851384869197
-0.89951356152066 -0.7381361750689068 -2.109542909477429
-0.9916629012844806 -0.7381361750689068 -2.470580457748953
-1.109333578889787 -0.7381361750689068 -2.824124265094985
-1.251925971536033 -0.7381361750689068 -3.168372753312783
-1.418713461075395 -0.7381361750689068 -3.501571711015202
-1.608846136692295 -0.7381361750689068 -3.822023232689822
-1.821355125854094 -0.7381361750689068 -4.128094370836252
-2.055157531463443 -0.7381361750689068 -4.418225457092278
-2.309061950053665 -0.7381361750689068 -4.690938049946334
-2.581774542907722 -0.7381361750689068 -4.944842468536556
-2.871905629163748 -0.7381361750689068 -5.178644874145906
-3.177976767310177 -0.7381361750689068 -5.391153863307705
-3.498428288984798 -0.7381361750689068 -5.581286538924604
-3.831627246687217 -0.7381361750689068 -5.748074028463966
-4.175875734905015 -0.7381361750689068 -5.890666421110213
-4.529419542251048 -0.7381361750689068 -6.008337098715519
-4.890457090522571 -0.7381361750689068 -6.10048643847934
-5.257148615130802 -0.7381361750689068 -6.166644868488758
-5.627625540119557 -0.7381361750689068 -6.206475260549314
0.619768900526803 0.1615174112858453 -1.473455215958703
0.5691265796737426 0.1615174112858453 -1.944497812662525
0.4850094955491908 0.1615174112858453 -2.410727465011286
0.3678462895324852 0.1615174112858453 -2.869768373566015
0.2182339984652772 0.1615174112858453 -3.319281371078306
0.03693501228864182 0.1615174112858453 -3.756975842350434
-0.1751268109213129 0.1615174112858453 -4.180621396685344
-0.4168708527224263 0.1615174112858453 -4.588059233446396
-0.687065240890373 0.1615174112858453 -4.977213142810562
-0.9843331267571411 0.1615174112858453 -5.346100085657778
-1.307159701316252 0.1615174112858453 -5.692840298683747
-1.653899914342221 0.1615174112858453 -6.015666873242858
-2.022786857189438 0.1615174112858453 -6.312934759109627
-2.411940766553603 0.1615174112858453 -6.583129147277573
-2.819378603314654 0.1615174112858453 -6.824873189078686
-3.243024157649566 0.1615174112858453 -7.036935012288641
-3.680718628921694 0.1615174112858453 -7.218233998465277
-4.130231626433986 0.1615174112858453 -7.367846289532485
-4.589272534988714 0.1615174112858453 -7.485009495549191
-5.055502187337474 0.1615174112858453 -7.569126579673743
-5.526544784041297 0.1615174112858453 -7.619768900526803
0.02836113374540083 0.0372005738647618 -1.431156897671661
-0.01775682042199644 0.0372005738647618 -1.86011671862279
-0.0943589145797068 0.0372005738647618 -2.284693581932208
-0.2010548020146761 0.0372005738647618 -2.702723941226213
-0.3373007849414185 0.0372005738647618 -3.112077609614975
-0.5024025850613141 0.0372005738647618 -3.51066861463664
-0.6955188814456701 0.0372005738647618 -3.89646582789485
-0.9156655977143275 0.0372005738647618 -4.267503315223472
-1.161720916663323 0.0372005738647618 -4.621890354636483
-1.432430996788217 0.0372005738647618 -4.95782107101381
-1.726416361572995 0.0372005738647618 -5.273583638427004
-2.042178928986189 0.0372005738647618 -5.567569003211783
-2.378109645363517 0.0372005738647618 -5.838279083336677
-2.732496684776527 0.0372005738647618 -6.084334402285672
-3.103534172105149 0.0372005738647618 -6.304481118554329
-3.48933138536336 0.0372005738647618 -6.497597414938685
-3.887922390385024 0.0372005738647618 -6.662699215058582
-4.297276058773787 0.0372005738647618 -6.798945197985324
-4.715306418067793 0.0372005738647618 -6.905641085420293
-5.139883281377209 0.0372005738647618 -6.982243179578004
-5.568843102328339 0.0372005738647618 -7.028361133745401
0.3294588008177941 -0.145513817770113 -1.452691827837739
0.2810373999752764 -0.145513817770113 -1.903076841887068
0.2006092722850621 -0.145513817770113 -2.348859983353872
0.08858426105008554 -0.145513817770113 -2.787769643531874
-0.05446677995083071 -0.145513817770113 -3.217569239399901
-0.2278148954029779 -0.145513817770113 -3.636068610736293
-0.4305767430449547 -0.145513817770113 -4.041135180673356
-0.661719094978352 -0.145513817770113 -4.430704822820255
-0.9200641027602838 -0.145513817770113 -4.802792379577962
-1.204295299449066 -0.145513817770113 -5.155501778047336
-1.512964308017993 -0.145513817770113 -5.487035691982006
-1.844498221952663 -0.145513817770113 -5.795704700550933
-2.197207620422038 -0.145513817770113 -6.079935897239716
-2.569295177179745 -0.145513817770113 -6.338280905021647
-2.958864819326644 -0.145513817770113 -6.569423256955044
-3.363931389263707 -0.145513817770113 -6.772185104597021
-3.782430760600098 -0.145513817770113 -6.945533220049169
-4.212230356468127 -0.145513817770113 -7.088584261050086
-4.651140016646129 -0.145513817770113 -7.200609272285062
-5.096923158112931 -0.145513817770113 -7.281037399975276
-5.547308172162261 -0.145513817770113 -7.329458800817794
0.2940688341904538 0.04451609146888311 -1.450160687469533
0.2459181724132797 0.04451609146888311 -1.898027459261783
0.1659397433220189 0.04451609146888311 -2.341318088967944
0.054541098658623 0.04451609146888311 -2.777773669150337
-0.08771009961855647 0.04451609146888311 -3.205170122216922
-0.2600889720099895 0.04451609146888311 -3.621329533810903
-0.4617171152947446 0.04451609146888311 -4.024131250963069
-0.6915670786719463 0.04451609146888311 -4.411522688453225
-0.9484675994145491 0.04451609146888311 -4.781529788313986
-1.231109571355717 0.04451609146888311 -5.132267079177672
-1.538052715793774 0.04451609146888311 -5.461947284206225
-1.867732920822328 0.04451609146888311 -5.768890428644283
-2.218470211686015 0.04451609146888311 -6.051532400585451
-2.588477311546774 0.04451609146888311 -6.308432921328054
-2.97586874903693 0.04451609146888311 -6.538282884705255
-3.378670466189097 0.04451609146888311 -6.73991102799001
-3.794829877783077 0.04451609146888311 -6.912289900381444
-4.222226330849663 0.04451609146888311 -7.054541098658623
-4.658681911032057 0.04451609146888311 -7.165939743322019
-5.101972540738216 0.04451609146888311 -7.24591817241328
-5.549839312530467 0.04451609146888311 -7.294068834190454
0.3104407905183244 -0.5829176515943143 -1.451331632896082
0.2621648805825201 -0.5829176515943143 -1.900363383245391
0.1819784138318772 -0.5829176515943143 -2.344807088175432
0.0702900021205739 -0.5829176515943143 -2.782397964441494
-0.07233121600658432 -0.5829176515943143 -3.210906149242928
-0.245158475513727 -0.5829176515943143 -3.628148063092849
-0.4473110883019604 -0.5829176515943143 -4.03199753683868
-0.6777589309940391 -0.5829176515943143 -4.420396646132794
-0.9353276942069755 -0.5829176515943143 -4.791366198143269
-1.218704866563478 -0.5829176515943143 -5.143015817066887
-1.526446422949079 -0.5829176515943143 -5.473553577050921
-1.856984182933112 -0.5829176515943143 -5.781295133436521
-2.208633801856731 -0.5829176515943143 -6.064672305793025
-2.579603353867205 -0.5829176515943143 -6.32224106900596
-2.968002463161319 -0.5829176515943143 -6.552688911698039
-3.371851936907151 -0.5829176515943143 -6.754841524486272
-3.789093850757071 -0.5829176515943143 -6.927668783993416
-4.217602035558506 -0.5829176515943143 -7.070290002120574
-4.655192911824568 -0.5829176515943143 -7.181978413831877
-5.099636616754609 -0.5829176515943143 -7.26216488058252
-5.548668367103918 -0.5829176515943143 -7.310440790518324
-0.7420086714853769 0.5068135199055115 -1.37605896177928
-0.7822331699387979 0.5068135199055115 -1.75020161328976
-0.8490462121390516 0.5068135199055115 -2.120521409340508
-0.9421073341380071 0.5068135199055115 -2.485131285135743
-1.060942317789473 0.5068135199055115 -2.842173272324473
-1.204945607256176 0.5068135199055115 -3.189827966781329
-1.373383394783503 0.5068135199055115 -3.526323799872944
-1.56539736001561 0.5068135199055115 -3.849946065965629
-1.780009043799211 0.5068135199055115 -4.159045660172236
-2.016124834187143 0.5068135199055115 -4.452047481812652
-2.272541539234173 0.5068135199055115 -4.727458460765826
-2.547952518187347 0.5068135199055115 -4.983875165812856
-2.840954339827765 0.5068135199055115 -5.219990956200789
-3.150053934034371 0.5068135199055115 -5.43460263998439
-3.473676200127055 0.5068135199055115 -5.626616605216496
-3.810172033218671 0.5068135199055115 -5.795054392743824
-4.157826727675527 0.5068135199055115 -5.939057682210527
-4.514868714864257 0.5068135199055115 -6.057892665861993
-4.879478590659492 0.5068135199055115 -6.150953787860948
-5.249798386710239 0.5068135199055115 -6.217766830061202
-5.623941038220719 0.5068135199055115 -6.257991328514623
-0.7910245150799957 -0.5626493576059003 -1.372553279456648
-0.8308740342682031 -0.5626493576059003 -1.743208112798037
-0.8970642345081048 -0.5626493576059003 -2.110075727955147
-0.9892578257114302 -0.5626493576059003 -2.471286651654719
-1.106985010470067 -0.5626493576059003 -2.825000235826531
-1.249645878035972 -0.5626493576059003 -3.16941403712405
-1.416513461328825 -0.5626493576059003 -3.502773001762572
-1.606737441393638 -0.5626493576059003 -3.823378408871007
-1.819348480431237 -0.5626493576059003 -4.129596526784066
-2.053263161321497 -0.5626493576059003 -4.419866938164336
-2.307289508468644 -0.5626493576059003 -4.692710491531356
-2.580133061835662 -0.5626493576059003 -4.946736838678502
-2.870403473215933 -0.5626493576059003 -5.180651519568763
-3.176621591128992 -0.5626493576059003 -5.393262558606362
-3.497226998237427 -0.5626493576059003 -5.583486538671174
-3.830585962875949 -0.5626493576059003 -5.750354121964028
-4.174999764173468 -0.5626493576059003 -5.893014989529933
-4.528713348345281 -0.5626493576059003 -6.01074217428857
-4.889924272044853 -0.5626493576059003 -6.102935765491895
-5.256791887201962 -0.5626493576059003 -6.169125965731797
-5.627446720543352 -0.5626493576059003 -6.208975484920004
-0.3464481136603563 0.59758145751823 -1.404350011231911
-0.3896987154396196 0.59758145751823 -1.806639547491899
-0.4615381265688976 0.59758145751823 -2.204818633516194
-0.5616002698761413 0.59758145751823 -2.596858239953229
-0.6893752516153517 0.59758145751823 -2.980760622832118
-0.8442119597682325 0.59758145751823 -3.354569503608008
-1.025321381961786 0.59758145751823 -3.716380037909128
-1.231780626094507 0.59758145751823 -4.064348522187072
-1.462537623182987 0.59758145751823 -4.396701788807474
-1.716416488464299 0.59758145751823 -4.711746241705818
-1.992123513435214 0.59758145751823 -5.007876486564785
-2.288253758294181 0.59758145751823 -5.2835835115357
-2.603298211192526 0.59758145751823 -5.537462376817013
-2.935651477812927 0.59758145751823 -5.768219373905493
-3.283619962090871 0.59758145751823 -5.974678618038213
-3.645430496391992 0.59758145751823 -6.155788040231767
-4.019239377167882 0.59758145751823 -6.310624748384648
-4.403141760046772 0.59758145751823 -6.438399730123859
-4.795181366483806 0.59758145751823 -6.538461873431102
-5.193360452508101 0.59758145751823 -6.61030128456038
-5.595649988768089 0.59758145751823 -6.653551886339644
-0.467742103913019 0.2377665795400953 -1.395674893835442
-0.5100647867174324 0.2377665795400953 -1.789333519108698
-0.5803629209629992 0.2377665795400953 -2.178969881700005
-0.6782782834713803 0.2377665795400953 -2.562598484018244
-0.8033119199994401 0.2377665795400953 -2.938264442641542
-0.9548266877957055 0.2377665795400953 -3.304053449955097
-1.132050502333779 0.2377665795400953 -3.658101529023982
-1.334080271678109 0.2377665795400953 -3.99860453199234
-1.55988649843348 0.2377665795400953 -4.323827333607317
-1.808318525827765 0.2377665795400953 -4.632112673019618
-2.07811040119508 0.2377665795400953 -4.92188959880492
-2.367887326980382 0.2377665795400953 -5.191681474172235
-2.676172666392683 0.2377665795400953 -5.44011350156652
-3.001395468007659 0.2377665795400953 -5.665919728321891
-3.341898470976017 0.2377665795400953 -5.86794949766622
-3.695946550044902 0.2377665795400953 -6.045173312204294
-4.061735557358458 0.2377665795400953 -6.19668808000056
-4.437401515981756 0.2377665795400953 -6.32172171652862
-4.821030118299995 0.2377665795400953 -6.419637079037001
-5.210666480891302 0.2377665795400953 -6.489935213282568
-5.604325106164558 0.2377665795400953 -6.532257896086981
0.0578814729146373 0.2189001488545978 -1.433268233998739
0.01153768329733751 0.2189001488545978 -1.864328632390986
-0.06543952438632772 0.2189001488545978 -2.290984610194414
-0.1726578919307595 0.2189001488545978 -2.71106202634444
-0.3095710591115992 0.2189001488545978 -3.122420262618719
-0.475481347812198 0.2189001488545978 -3.522963131736942
-0.6695433172313807 0.2189001488545978 -3.910649559050722
-0.890768072055967 0.2189001488545978 -4.283503983392148
-1.138028301644623 0.2189001488545978 -4.639626424080655
-1.41006402454448 0.2189001488545978 -4.977202162789061
-1.705489009067808 0.2189001488545978 -5.294510990932192
-2.022797837210938 0.2189001488545978 -5.589935975455519
-2.360373575919345 0.2189001488545978 -5.861971698355377
-2.716496016607851 0.2189001488545978 -6.109231927944032
-3.089350440949276 0.2189001488545978 -6.330456682768619
-3.477036868263057 0.2189001488545978 -6.524518652187801
-3.87757973738128 0.2189001488545978 -6.690428940888401
-4.28893797365556 0.2189001488545978 -6.82734210806924
-4.709015389805586 0.2189001488545978 -6.934560475613672
-5.135671367609014 0.2189001488545978 -7.011537683297338
-5.566731766001261 0.2189001488545978 -7.057881472914637
-0.5394239417323803 -0.3980849553218948 -1.390548107611472
-0.5811982466878485 -0.3980849553218948 -1.779106071588191
-0.6505855232777087 -0.3980849553218948 -2.163693889611186
-0.7472321898454473 -0.3980849553218948 -2.542351790315226
-0.8706457571316326 -0.3980849553218948 -2.913150219834479
-1.020197337886294 -0.3980849553218948 -3.274199674366718
-1.195124851534196 -0.3980849553218948 -3.623660328651587
-1.394536907562761 -0.3980849553218948 -3.959751411298399
-1.617417347843802 -0.3980849553218948 -4.280760279188954
-1.862630424742412 -0.3980849553218948 -4.585051144714296
-2.128926588626584 -0.3980849553218948 -4.871073411373416
-2.414948855285703 -0.3980849553218948 -5.137369575257587
-2.719239720811046 -0.3980849553218948 -5.382582652156198
-3.0402485887016 -0.3980849553218948 -5.605463092437238
-3.376339671348412 -0.3980849553218948 -5.804875148465803
-3.725800325633282 -0.3980849553218948 -5.979802662113705
-4.086849780165521 -0.3980849553218948 -6.129354242868367
-4.457648209684775 -0.3980849553218948 -6.252767810154553
-4.836306110388814 -0.3980849553218948 -6.349414476722291
-5.220893928411807 -0.3980849553218948 -6.418801753312152
-5.609451892388527 -0.3980849553218948 -6.46057605826762
0.7826468105048825 -0.7586792020282782 -1.485104473992082
0.7307584468516986 -0.7586792020282782 -1.967736966780594
0.6445716809812225 -0.7586792020282782 -2.445438093811549
0.5245257008965556 -0.7586792020282782 -2.915773599640494
0.3712322333952098 -0.7586792020282782 -3.376346762340268
0.1854724268495662 -0.7586792020282782 -3.824810606646565
-0.03180712934617702 -0.7586792020282782 -4.258879863605911
-0.2794992283785769 -0.7586792020282782 -4.676342615782415
-0.5563416880870706 -0.7586792020282782 -5.075071568682012
-0.8609237827549547 -0.7586792020282782 -5.453034890957576
-1.191693431844263 -0.7586792020282782 -5.808306568155736
-1.546965109042423 -0.7586792020282782 -6.139076217245045
-1.924928431317988 -0.7586792020282782 -6.443658311912929
-2.323657384217583 -0.7586792020282782 -6.720500771621423
-2.741120136394088 -0.7586792020282782 -6.968192870653822
-3.175189393353435 -0.7586792020282782 -7.185472426849565
-3.623653237659731 -0.7586792020282782 -7.37123223339521
-4.084226400359506 -0.7586792020282782 -7.524525700896556
-4.554561906188451 -0.7586792020282782 -7.644571680981223
-5.032263033219405 -0.7586792020282782 -7.730758446851699
-5.514895526007918 -0.7586792020282782 -7.782646810504882
0.83519603049655 -0.6562226283220137 -1.4888628683822
0.7829056566675749 -0.6562226283220137 -1.975234603644518
0.6960511503932967 -0.6562226283220137 -2.456636766910434
0.5750751023288529 -0.6562226283220137 -2.930616243103194
0.420593978684991 -0.6562226283220137 -3.394757741457933
0.2333949798575592 -0.6562226283220137 -3.846696103289787
0.01443202903472951 -0.6562226283220137 -4.284128354300401
-0.235179088776901 -0.6562226283220137 -4.704825440007065
-0.5141664125369516 -0.6562226283220137 -5.106643584493421
-0.8211082867931569 -0.6562226283220137 -5.487535214600122
-1.15444060611168 -0.6562226283220137 -5.845559393888319
-1.512464785399877 -0.6562226283220137 -6.178891713206842
-1.893356415506579 -0.6562226283220137 -6.485833587463048
-2.295174559992934 -0.6562226283220137 -6.764820911223098
-2.715871645699598 -0.6562226283220137 -7.014432029034729
-3.153303896710213 -0.6562226283220137 -7.233394979857558
-3.605242258542066 -0.6562226283220137 -7.420593978684991
-4.069383756896807 -0.6562226283220137 -7.575075102328853
-4.543363233089566 -0.6562226283220137 -7.696051150393297
-5.02476539635548 -0.6562226283220137 -7.782905656667575
-5.5111371316178 -0.6562226283220137 -7.83519603049655
-0.3133341515162424 -0.3379535819332523 -1.406718368546763
-0.3568380805522153 -0.3379535819332523 -1.811364193515602
-0.4290982692012566 -0.3379535819332523 -2.211875492535597
-0.5297464961055285 -0.3379535819332523 -2.606211351832346
-0.6582698809713659 -0.3379535819332523 -2.992362326256737
-0.8140134980896843 -0.3379535819332523 -3.368360678956827
-0.9961837136872838 -0.3379535819332523 -3.73229040851379
-1.203852230102626 -0.3379535819332523 -4.082297012445958
-1.435960816177942 -0.3379535819332523 -4.416596937328387
-1.691326699762637 -0.3379535819332523 -4.733486667372271
-1.968648594849065 -0.3379535819332523 -5.031351405150934
-2.266513332627728 -0.3379535819332523 -5.308673300237362
-2.583403062671613 -0.3379535819332523 -5.564039183822058
-2.917702987554041 -0.3379535819332523 -5.796147769897374
-3.267709591486209 -0.3379535819332523 -6.003816286312715
-3.631639321043172 -0.3379535819332523 -6.185986501910315
-4.007637673743262 -0.3379535819332523 -6.341730119028634
-4.393788648167654 -0.3379535819332523 -6.470253503894472
-4.788124507464404 -0.3379535819332523 -6.570901730798743
-5.188635806484397 -0.3379535819332523 -6.643161919447785
-5.593281631453237 -0.3379535819332523 -6.686665848483758
0.757397080195326 -0.4146975041210565 -1.483298577638863
0.7057018811318727 -0.4146975041210565 -1.964134376508024
0.619835962366559 -0.4146975041210565 -2.440057167593871
0.5002368769391801 -0.4146975041210565 -2.908641757444293
0.3475140743745122 -0.4146975041210565 -3.36750034639861
0.1624457950672271 -0.4146975041210565 -3.814294696267311
-0.05402489545277067 -0.4146975041210565 -4.24674804545789
-0.3007949121661131 -0.4146975041210565 -4.662656710830049
-0.5766067716323766 -0.4146975041210565 -5.059901317159848
-0.8800549998374549 -0.4146975041210565 -5.436457596990038
-1.209593294166972 -0.4146975041210565 -5.790406705833027
-1.563542403009961 -0.4146975041210565 -6.119945000162545
-1.940098682840152 -0.4146975041210565 -6.423393228367623
-2.337343289169949 -0.4146975041210565 -6.699205087833886
-2.753251954542108 -0.4146975041210565 -6.945975104547228
-3.185705303732689 -0.4146975041210565 -7.162445795067226
-3.632499653601389 -0.4146975041210565 -7.347514074374512
-4.091358242555708 -0.4146975041210565 -7.50023687693918
-4.559942832406129 -0.4146975041210565 -7.619835962366559
-5.035865623491975 -0.4146975041210565 -7.705701881131873
-5.516701422361137 -0.4146975041210565 -7.757397080195326
-0.4165162892856058 -0.1483306779149969 -1.399338636405844
-0.4592308579971105 -0.1483306779149969 -1.796642334657168
-0.5301799161983496 -0.1483306779149969 -2.189886526177839
-0.6290019237517086 -0.1483306779149969 -2.5770673287075
-0.7551933063587262 -0.1483306779149969 -2.956211757626241
-0.9081110216592894 -0.1483306779149969 -3.32538777983197
-1.086975836028104 -0.1483306779149969 -3.682714158938241
-1.290876295370629 -0.1483306779149969 -4.026370041623663
-1.518773369684222 -0.1483306779149969 -4.354604236283046
-1.769505747716863 -0.1483306779149969 -4.665744136698414
-2.041795754743102 -0.1483306779149969 -4.958204245256898
-2.334255863301585 -0.1483306779149969 -5.230494252283137
-2.645395763716954 -0.1483306779149969 -5.481226630315778
-2.973629958376337 -0.1483306779149969 -5.709123704629371
-3.317285841061758 -0.1483306779149969 -5.913024163971896
-3.67461222016803 -0.1483306779149969 -6.09188897834071
-4.043788242373759 -0.1483306779149969 -6.244806693641274
-4.4229326712925 -0.1483306779149969 -6.370998076248291
-4.810113473822161 -0.1483306779149969 -6.46982008380165
-5.203357665342831 -0.1483306779149969 -6.54076914200289
-5.600661363594156 -0.1483306779149969 -6.583483710714394
-0.3241484633038159 0.8246981977651155 -1.405944913702678
-0.3675696610759669 0.8246981977651155 -1.809821225176027
-0.4396924327867353 0.8246981977651155 -2.20957087331351
-0.5401492573235025 0.8246981977651155 -2.603156825539036
-0.6684282297351931 0.8246981977651155 -2.988573458058037
-0.8238756697825682 0.8246981977651155 -3.36385677605659
-1.005699452942888 0.8246981977651155 -3.727094421768808
-1.212973046894907 0.8246981977651155 -4.076435419413658
-1.444640232915205 0.8246981977651155 -4.410099607343262
-1.69952048812669 0.8246981977651155 -4.726386709338605
-1.976315001172587 0.8246981977651155 -5.023684998827412
-2.273613290661394 0.8246981977651155 -5.300479511873309
-2.589900392656738 0.8246981977651155 -5.555359767084795
-2.923564580586342 0.8246981977651155 -5.787026953105092
-3.272905578231192 0.8246981977651155 -5.994300547057111
-3.63614322394341 0.8246981977651155 -6.176124330217431
-4.011426541941963 0.8246981977651155 -6.331571770264807
-4.396843174460964 0.8246981977651155 -6.459850742676498
-4.79042912668649 0.8246981977651155 -6.560307567213265
-5.190178774823972 0.8246981977651155 -6.632430338924033
-5.594055086297321 0.8246981977651155 -6.675851536696184
0.3811190509634983 0.8327581853497101 -1.456386641849641
0.3323024407107216 0.8327581853497101 -1.910447641985593
0.2512178687136597 0.8327581853497101 -2.359869209631257
0.1382785233649626 0.8327581853497101 -2.80236119549455
-0.005940082319487061 0.8327581853497101 -3.23566876184375
-0.180703043382981 0.8327581853497101 -3.657583872643722
-0.3851198078351983 0.8327581853497101 -4.065956545201423
-0.6181487147010012 0.8327581853497101 -4.458705805984893
-0.8786023020860076 0.8327581853497101 -4.833830294787362
-1.165153358210206 0.8327581853497101 -5.189418463200119
-1.476341684574967 0.8327581853497101 -5.523658315425032
-1.810581536799881 0.8327581853497101 -5.834846641789794
-2.166169705212638 0.8327581853497101 -6.121397697913992
-2.541294194015106 0.8327581853497101 -6.381851285298998
-2.934043454798575 0.8327581853497101 -6.614880192164802
-3.342416127356278 0.8327581853497101 -6.819296956617018
-3.764331238156249 0.8327581853497101 -6.994059917680513
-4.19763880450545 0.8327581853497101 -7.138278523364963
-4.640130790368743 0.8327581853497101 -7.25121786871366
-5.089552358014405 0.8327581853497101 -7.332302440710722
-5.543613358150359 0.8327581853497101 -7.381119050963498
0.8319967029413284 0.4445021039259093 -1.488634047959411
0.7797308044943492 0.4445021039259093 -1.974778128815366
0.6929169519210001 0.4445021039259093 -2.455954963766014
0.5719975287144781 0.4445021039259093 -2.929712585956045
0.417588712538234 0.4445021039259093 -3.393636835137742
0.2304773353258351 0.4445021039259093 -3.845363659678227
0.01161687376578779 0.4445021039259093 -4.282591163224692
-0.2378774093971003 0.4445021039259093 -4.703091334640574
-0.5167341484850398 0.4445021039259093 -5.104721401439603
-0.8235323534753194 0.4445021039259093 -5.485434748863215
-1.15670865103975 0.4445021039259093 -5.843291348960249
-1.514565251136784 0.4445021039259093 -6.17646764652468
-1.895278598560397 0.4445021039259093 -6.48326585151496
-2.296908665359425 0.4445021039259093 -6.762122590602899
-2.717408836775307 0.4445021039259093 -7.011616873765788
-3.154636340321773 0.4445021039259093 -7.230477335325834
-3.606363164862257 0.4445021039259093 -7.417588712538234
-4.070287414043955 0.4445021039259093 -7.571997528714478
-4.544045036233987 0.4445021039259093 -7.692916951921
-5.025221871184633 0.4445021039259093 -7.779730804494349
-5.511365952040589 0.4445021039259093 -7.831996702941328
-0.05087459276458972 -0.4323254961402462 -1.42548984666578
-0.09638638059215765 -0.4323254961402462 -1.848811494603949
-0.17198163019492 -0.4323254961402462 -2.267807793730618
-0.2772751255088837 -0.4323254961402462 -2.680343634947981
-0.4117303150173566 -0.4323254961402462 -3.08431683017087
-0.5746620458944891 -0.4323254961402462 -3.477668824595368
-0.7652400553870269 -0.4323254961402462 -3.858395186622233
-0.9824932016429839 -0.4323254961402462 -4.224555821980864
-1.225314412427916 -0.4323254961402462 -4.574284860005003
-1.492466326511262 -0.4323254961402462 -4.905800161681942
-1.782587598975554 -0.4323254961402462 -5.217412401024445
-2.094199838318057 -0.4323254961402462 -5.507533673488737
-2.425715139994998 -0.4323254961402462 -5.774685587572084
-2.775444178019135 -0.4323254961402462 -6.017506798357015
-3.141604813377767 -0.4323254961402462 -6.234759944612972
-3.522331175404632 -0.4323254961402462 -6.42533795410551
-3.91568316982913 -0.4323254961402462 -6.588269684982643
-4.319656365052019 -0.4323254961402462 -6.722724874491116
-4.732192206269382 -0.4323254961402462 -6.82801836980508
-5.15118850539605 -0.4323254961402462 -6.903613619407842
-5.57451015333422 -0.4323254961402462 -6.94912540723541
0.04503290173652807 0.4958012510943573 -1.432349286051567
-0.001212594198033656 0.4958012510943573 -1.862495419244738
-0.07802653570746987 0.4958012510943573 -2.288246473483076
-0.1850174965531819 0.4958012510943573 -2.707432918985053
-0.3216402753232197 0.4958012510943573 -3.117918677710522
-0.4871986736537153 0.4958012510943573 -3.517612008324772
-0.6808490438961554 0.4958012510943573 -3.9044761652329
-0.9016045881524226 0.4958012510943573 -4.2765397773685
-1.148340386770682 0.4958012510943573 -4.63190689384874
-1.419799130678082 0.4958012510943573 -4.968766645305466
-1.714597528339581 0.4958012510943573 -5.285402471660418
-2.031233354694534 0.4958012510943573 -5.580200869321917
-2.36809310615126 0.4958012510943573 -5.851659613229318
-2.7234602226315 0.4958012510943573 -6.098395411847577
-3.095523834767099 0.4958012510943573 -6.319150956103844
-3.482387991675228 0.4958012510943573 -6.512801326346285
-3.882081322289477 0.4958012510943573 -6.67835972467678
-4.292567081014948 0.4958012510943573 -6.814982503446818
-4.711753526516924 0.4958012510943573 -6.92197346429253
-5.137504580755261 0.4958012510943573 -6.998787405801966
-5.567650713948432 0.4958012510943573 -7.045032901736528
-0.2621668559616088 -0.02467933232430447 -1.410377925750476
-0.3060622232241421 -0.02467933232430447 -1.818664659658364
-0.378972592229819 -0.02467933232430447 -2.222779666115361
-0.4805264284507418 -0.02467933232430447 -2.62066366768001
-0.6102062368157473 -0.02467933232430447 -3.010289138683509
-0.767351198746681 -0.02467933232430447 -3.389670637035772
-0.9511605395383897 -0.02467933232430447 -3.756874921583217
-1.16069760892307 -0.02467933232430447 -4.110030803462541
-1.39489465402533 -0.02467933232430447 -4.447338681250258
-1.652558260386094 -0.02467933232430447 -4.767079711319044
-1.93237543332913 -0.02467933232430447 -5.067624566670869
-2.232920288680956 -0.02467933232430447 -5.347441739613906
-2.552661318749742 -0.02467933232430447 -5.60510534597467
-2.889969196537459 -0.02467933232430447 -5.83930239107693
-3.243125078416782 -0.02467933232430447 -6.048839460461609
-3.610329362964227 -0.02467933232430447 -6.232648801253319
-3.98971086131649 -0.02467933232430447 -6.389793763184253
-4.379336332319991 -0.02467933232430447 -6.519473571549258
-4.777220333884639 -0.02467933232430447 -6.621027407770181
-5.181335340341635 -0.02467933232430447 -6.693937776775858
-5.589622074249524 -0.02467933232430447 -6.737833144038391
0.5610983358328445 -0.51770145040045 -1.469259014354839
0.5109048544493344 -0.51770145040045 -1.936126792336315
0.4275332943604644 -0.51770145040045 -2.398224282763504
0.3114084979259735 -0.51770145040045 -2.853196742747408
0.1631222104903083 -0.51770145040045 -3.298725736920969
-0.01656993501601711 -0.51770145040045 -3.73254095165426
-0.2267522686086272 -0.51770145040045 -4.152431764052343
-0.4663537492936358 -0.51770145040045 -4.556258506782823
-0.7341534228470445 -0.51770145040045 -4.941963371330116
-1.028786643517601 -0.51770145040045 -5.307580894115953
-1.348752027948747 -0.51770145040045 -5.651247972051253
-1.692419105884046 -0.51770145040045 -5.971213356482399
-2.058036628669883 -0.51770145040045 -6.265846577152955
-2.443741493217176 -0.51770145040045 -6.533646250706363
-2.847568235947656 -0.51770145040045 -6.773247731391372
-3.26745904834574 -0.51770145040045 -6.983430064983982
-3.70127426307903 -0.51770145040045 -7.163122210490308
-4.146803257252592 -0.51770145040045 -7.311408497925973
-4.601775717236497 -0.51770145040045 -7.427533294360464
-5.063873207663683 -0.51770145040045 -7.510904854449334
-5.530740985645161 -0.51770145040045 -7.561098335832845
-0.4695389502791594 -0.7673581103517713 -1.395546380846981
-0.5118478869133414 -0.7673581103517713 -1.789077148004508
-0.5821231887188016 -0.7673581103517713 -2.178586958888467
-0.6800067488660817 -0.7673581103517713 -2.562090960786232
-0.8049997751695894 -0.7673581103517713 -2.937634905211112
-0.9564653318182472 -0.7673581103517713 -3.303305106304691
-1.133631585054385 -0.7673581103517713 -3.657238192541307
-1.33559573626165 -0.7673581103517713 -3.997630602042218
-1.561328622419815 -0.7673581103517713 -4.322747773113528
-1.809679960483624 -0.7673581103517713 -4.630932983174981
-2.079384208961525 -0.7673581103517713 -4.920615791038474
-2.369067016825018 -0.7673581103517713 -5.190320039516376
-2.677252226886472 -0.7673581103517713 -5.438671377580185
-3.002369397957782 -0.7673581103517713 -5.66440426373835
-3.342761807458692 -0.7673581103517713 -5.866368414945614
-3.696694893695308 -0.7673581103517713 -6.043534668181753
-4.062365094788888 -0.7673581103517713 -6.195000224830411
-4.437909039213769 -0.7673581103517713 -6.319993251133918
-4.821413041111533 -0.7673581103517713 -6.417876811281198
-5.210922851995491 -0.7673581103517713 -6.488152113086659
-5.604453619153019 -0.7673581103517713 -6.530461049720841
-0.1377752485543935 0.2839377383899102 -1.419274589098308
-0.1826222320724789 0.2839377383899102 -1.836412650996905
-0.2571132392336404 0.2839377383899102 -2.249288545748954
-0.3608686809402526 0.2839377383899102 -2.655798352434419
-0.493359843244253 0.2839377383899102 -3.053870590258818
-0.6539115815522303 0.2839377383899102 -3.441476774344514
-0.8417057610075211 0.2839377383899102 -3.816641752424697
-1.055785425517896 0.2839377383899102 -4.177453769766574
-1.295059674184459 0.2839377383899102 -4.522074211035283
-1.55830922028257 0.2839377383899102 -4.848746969456195
-1.84419260446751 0.2839377383899102 -5.155807395532489
-2.151253030543805 0.2839377383899102 -5.441690779717429
-2.477925788964716 0.2839377383899102 -5.704940325815541
-2.822546230233426 0.2839377383899102 -5.944214574482104
-3.183358247575302 0.2839377383899102 -6.158294238992479
-3.558523225655485 0.2839377383899102 -6.346088418447769
-3.946129409741182 0.2839377383899102 -6.506640156755747
-4.344201647565581 0.2839377383899102 -6.639131319059747
-4.750711454251046 0.2839377383899102 -6.74288676076636
-5.163587349003094 0.2839377383899102 -6.817377767927521
-5.580725410901692 0.2839377383899102 -6.862224751445607
-0.1770973153907365 -0.1639803087921334 -1.416462219372763
-0.2216434786301598 -0.1639803087921334 -1.830802242737284
-0.2956348221846721 -0.1639803087921334 -2.240908688309727
-0.3986943031278534 -0.1639803087921334 -2.644691747648262
-0.5302967539681624 -0.1639803087921334 -3.040093834837859
-0.6897715587820974 -0.1639803087921334 -3.425100071476464
-0.8763060705192238 -0.1639803087921334 -3.797748554033495
-1.088949752065264 -0.1639803087921334 -4.156140351260512
-1.326619019961351 -0.1639803087921334 -4.498449180709597
-1.588102766096956 -0.1639803087921334 -4.822930715050083
-1.87206852923921 -0.1639803087921334 -5.127931470760789
-2.177069284949917 -0.1639803087921334 -5.411897233903043
-2.501550819290402 -0.1639803087921334 -5.673380980038649
-2.843859648739487 -0.1639803087921334 -5.911050247934735
-3.202251445966504 -0.1639803087921334 -6.123693929480775
-3.574899928523535 -0.1639803087921334 -6.310228441217902
-3.959906165162141 -0.1639803087921334 -6.469703246031838
-4.355308252351738 -0.1639803087921334 -6.601305696872147
-4.759091311690273 -0.1639803087921334 -6.704365177815328
-5.169197757262714 -0.1639803087921334 -6.77835652136984
-5.583537780627236 -0.1639803087921334 -6.822902684609264
-0.3923626598005328 0.3138117142026948 -1.401066138080884
-0.4352620077501852 0.3138117142026948 -1.800088535054691
-0.5065179849562771 0.3138117142026948 -2.19503386425056
-0.6057674872922991 0.3138117142026948 -2.583889574800476
-0.7325047620443677 0.3138117142026948 -2.96467414713718
-0.8860839851111288 0.3138117142026948 -3.335447190363677
-1.065722551975341 0.3138117142026948 -3.694319330040471
-1.270505065677109 0.3138117142026948 -4.039461836004621
-1.499388001466959 0.3138117142026948 -4.369115941159475
-1.751205024368768 0.3138117142026948 -4.681601803748644
-2.024672932555456 0.3138117142026948 -4.975327067444542
-2.318398196251355 0.3138117142026948 -5.248794975631231
-2.630884058840525 0.3138117142026948 -5.500611998533041
-2.960538163995379 0.3138117142026948 -5.729494934322891
-3.305680669959528 0.3138117142026948 -5.934277448024658
-3.664552809636322 0.3138117142026948 -6.113916014888871
-4.03532585286282 0.3138117142026948 -6.267495237955632
-4.416110425199525 0.3138117142026948 -6.394232512707701
-4.80496613574944 0.3138117142026948 -6.493482015043723
-5.199911464945307 0.3138117142026948 -6.564737992249815
-5.598933861919116 0.3138117142026948 -6.607637340199467
$EndNodes
$Elements
63 4464 1 4464
0 1 15 1
1433 1 
0 2 15 1
1434 2 
0 3 15 1
1435 3 
0 4 15 1
1436 4 
0 5 15 1
1437 5 
0 6 15 1
1438 6 
0 7 15 1
1439 7 
0 8 15 1
1440 8 
0 9 15 1
1441 9 
0 10 15 1
1442 10 
0 11 15 1
1443 11 
0 12 15 1
1444 12 
0 13 15 1
1445 13 
0 14 15 1
1446 14 
0 15 15 1
1447 15 
0 16 15 1
1448 16 
0 17 15 1
1449 17 
0 18 15 1
1450 18 
0 19 15 1
1451 19 
0 20 15 1
1452 20 
1 1 1 6
1453 1 21 
1454 21 22 
1455 22 23 
1456 23 24 
1457 24 25 
1458 25 2 
1 2 1 6
1459 1 26 
1460 26 27 
1461 27 28 
1462 28 29 
1463 29 30 
1464 30 3 
1 3 1 2
1465 2 31 
1466 31 4 
1 4 1 6
1467 3 32 
1468 32 33 
1469 33 34 
1470 34 35 
1471 35 36 
1472 36 5 
1 5 1 6
1473 4 37 
1474 37 38 
1475 38 39 
1476 39 40 
1477 40 41 
1478 41 6 
1 6 1 6
1479 7 42 
1480 42 43 
1481 43 44 
1482 44 45 
1483 45 46 
1484 46 5 
1 7 1 2
1485 6 47 
1486 47 8 
1 8 1 2
1487 9 48 
1488 48 7 
1 9 1 6
1489 8 49 
1490 49 50 
1491 50 51 
1492 51 52 
1493 52 53 
1494 53 9 
1 10 1 12
1495 10 54 
1496 54 55 
1497 55 56 
1498 56 57 
1499 57 58 
1500 58 59 
1501 59 60 
1502 60 61 
1503 61 62 
1504 62 63 
1505 63 64 
1506 64 10 
1 11 1 22
1507 1 65 
1508 65 66 
1509 66 67 
1510 67 68 
1511 68 69 
1512 69 70 
1513 70 71 
1514 71 72 
1515 72 73 
1516 73 74 
1517 74 75 
1518 75 76 
1519 76 77 
1520 77 78 
1521 78 79 
1522 79 80 
1523 80 81 
1524 81 82 
1525 82 83 
1526 83 84 
1527 84 85 
1528 85 11 
1 12 1 22
1529 2 86 
1530 86 87 
1531 87 88 
1532 88 89 
1533 89 90 
1534 90 91 
1535 91 92 
1536 92 93 
1537 93 94 
1538 94 95 
1539 95 96 
1540 96 97 
1541 97 98 
1542 98 99 
1543 99 100 
1544 100 101 
1545 101 102 
1546 102 103 
1547 103 104 
1548 104 105 
1549 105 106 
1550 106 12 
1 13 1 6
1551 11 107 
1552 107 108 
1553 108 109 
1554 109 110 
1555 110 111 
1556 111 12 
1 14 1 22
1557 3 112 
1558 112 113 
1559 113 114 
1560 114 115 
1561 115 116 
1562 116 117 
1563 117 118 
1564 118 119 
1565 119 120 
1566 120 121 
1567 121 122 
1568 122 123 
1569 123 124 
1570 124 125 
1571 125 126 
1572 126 127 
1573 127 128 
1574 128 129 
1575 129 130 
1576 130 131 
1577 131 132 
1578 132 13 
1 15 1 6
1579 11 133 
1580 133 134 
1581 134 135 
1582 135 136 
1583 136 137 
1584 137 13 
1 16 1 22
1585 4 138 
1586 138 139 
1587 139 140 
1588 140 141 
1589 141 142 
1590 142 143 
1591 143 144 
1592 144 145 
1593 145 146 
1594 146 147 
1595 147 148 
1596 148 149 
1597 149 150 
1598 150 151 
1599 151 152 
1600 152 153 
1601 153 154 
1602 154 155 
1603 155 156 
1604 156 157 
1605 157 158 
1606 158 14 
1 17 1 2
1607 12 159 
1608 159 14 
1 18 1 22
1609 5 160 
1610 160 161 
1611 161 162 
1612 162 163 
1613 163 164 
1614 164 165 
1615 165 166 
1616 166 167 
1617 167 168 
1618 168 169 
1619 169 170 
1620 170 171 
1621 171 172 
1622 172 173 
1623 173 174 
1624 174 175 
1625 175 176 
1626 176 177 
1627 177 178 
1628 178 179 
1629 179 180 
1630 180 15 
1 19 1 6
1631 13 181 
1632 181 182 
1633 182 183 
1634 183 184 
1635 184 185 
1636 185 15 
1 20 1 22
1637 6 186 
1638 186 187 
1639 187 188 
1640 188 189 
1641 189 190 
1642 190 191 
1643 191 192 
1644 192 193 
1645 193 194 
1646 194 195 
1647 195 196 
1648 196 197 
1649 197 198 
1650 198 199 
1651 199 200 
1652 200 201 
1653 201 202 
1654 202 203 
1655 203 204 
1656 204 205 
1657 205 206 
1658 206 16 
1 21 1 6
1659 14 207 
1660 207 208 
1661 208 209 
1662 209 210 
1663 210 211 
1664 211 16 
1 22 1 22
1665 7 212 
1666 212 213 
1667 213 214 
1668 214 215 
1669 215 216 
1670 216 217 
1671 217 218 
1672 218 219 
1673 219 220 
1674 220 221 
1675 221 222 
1676 222 223 
1677 223 224 
1678 224 225 
1679 225 226 
1680 226 227 
1681 227 228 
1682 228 229 
1683 229 230 
1684 230 231 
1685 231 232 
1686 232 17 
1 23 1 6
1687 17 233 
1688 233 234 
1689 234 235 
1690 235 236 
1691 236 237 
1692 237 15 
1 24 1 22
1693 8 238 
1694 238 239 
1695 239 240 
1696 240 241 
1697 241 242 
1698 242 243 
1699 243 244 
1700 244 245 
1701 245 246 
1702 246 247 
1703 247 248 
1704 248 249 
1705 249 250 
1706 250 251 
1707 251 252 
1708 252 253 
1709 253 254 
1710 254 255 
1711 255 256 
1712 256 257 
1713 257 258 
1714 258 18 
1 25 1 2
1715 16 259 
1716 259 18 
1 26 1 22
1717 9 260 
1718 260 261 
1719 261 262 
1720 262 263 
1721 263 264 
1722 264 265 
1723 265 266 
1724 266 267 
1725 267 268 
1726 268 269 
1727 269 270 
1728 270 271 
1729 271 272 
1730 272 273 
1731 273 274 
1732 274 275 
1733 275 276 
1734 276 277 
1735 277 278 
1736 278 279 
1737 279 280 
1738 280 19 
1 27 1 2
1739 19 281 
1740 281 17 
1 28 1 6
1741 18 282 
1742 282 283 
1743 283 284 
1744 284 285 
1745 285 286 
1746 286 19 
1 29 1 22
1747 10 287 
1748 287 288 
1749 288 289 
1750 289 290 
1751 290 291 
1752 291 292 
1753 292 293 
1754 293 294 
1755 294 295 
1756 295 296 
1757 296 297 
1758 297 298 
1759 298 299 
1760 299 300 
1761 300 301 
1762 301 302 
1763 302 303 
1764 303 304 
1765 304 305 
1766 305 306 
1767 306 307 
1768 307 20 
1 30 1 12
1769 20 308 
1770 308 309 
1771 309 310 
1772 310 311 
1773 311 312 
1774 312 313 
1775 313 314 
1776 314 315 
1777 315 316 
1778 316 317 
1779 317 318 
1780 318 20 
2 1 3 122
1 362 328 342 411 
2 61 60 357 366 
3 327 376 349 358 
4 350 369 32 3 
5 393 343 323 348 
6 335 369 328 362 
7 391 333 359 336 
8 321 345 327 363 
9 25 360 352 24 
10 403 338 322 48 
11 34 349 392 35 
12 385 45 46 379 
13 326 329 387 346 
14 22 378 1 21 
15 36 379 46 5 
16 62 61 366 346 
17 350 3 30 402 
18 27 348 397 28 
19 353 51 52 383 
20 355 383 52 53 
21 353 384 50 51 
22 354 49 50 384 
23 47 329 370 340 
24 324 376 394 338 
25 361 43 44 351 
26 389 370 329 326 
27 338 403 361 324 
28 64 63 387 364 
29 349 34 33 358 
30 353 54 354 384 
31 56 55 383 355 
32 54 353 383 55 
33 365 372 59 58 
34 396 357 374 331 
35 368 337 409 334 
36 29 347 402 30 
37 391 320 377 333 
38 375 341 397 348 
39 400 347 397 341 
40 37 38 368 381 
41 319 371 330 388 
42 406 377 319 367 
43 342 328 408 356 
44 371 319 377 389 
45 344 324 361 351 
46 375 325 400 341 
47 357 60 59 374 
48 319 388 342 356 
49 366 330 371 390 
50 346 387 63 62 
51 369 350 408 328 
52 374 59 372 407 
53 24 352 386 23 
54 372 365 48 322 
55 402 332 408 350 
56 337 399 6 401 
57 347 29 28 397 
58 358 395 335 413 
59 400 367 412 332 
60 342 388 330 396 
61 336 359 339 31 
62 32 369 335 395 
63 351 44 45 385 
64 378 22 23 386 
65 358 33 32 395 
66 348 27 26 393 
67 363 362 411 321 
68 377 406 359 333 
69 57 56 355 404 
70 54 10 405 354 
71 344 349 376 324 
72 37 381 382 4 
73 321 373 322 345 
74 339 359 406 325 
75 402 347 400 332 
76 323 343 386 352 
77 379 344 351 385 
78 6 399 40 41 
79 47 364 387 329 
80 38 39 398 368 
81 362 363 413 335 
82 322 338 394 345 
83 390 371 389 326 
84 366 357 396 330 
85 373 321 411 331 
86 410 360 25 2 
87 43 361 7 42 
88 363 327 358 413 
89 326 346 366 390 
90 368 398 399 337 
91 373 407 372 322 
92 35 392 379 36 
93 1 378 393 26 
94 373 331 374 407 
95 345 394 376 327 
96 53 9 404 355 
97 49 354 405 8 
98 367 319 356 412 
99 332 412 356 408 
100 382 381 368 334 
101 401 380 409 337 
102 370 389 377 320 
103 396 331 411 342 
104 400 325 406 367 
105 348 323 410 375 
106 349 344 379 392 
107 386 343 393 378 
108 382 334 391 336 
109 370 380 401 340 
110 39 40 399 398 
111 409 320 391 334 
112 352 360 410 323 
113 370 320 409 380 
114 325 375 410 339 
115 410 2 31 339 
116 361 403 48 7 
117 31 4 382 336 
118 47 340 401 6 
119 47 8 405 364 
120 48 365 404 9 
121 58 57 404 365 
122 10 64 364 405 
2 2 3 132
123 1 65 414 21 
124 65 66 415 414 
125 66 67 416 415 
126 67 68 417 416 
127 68 69 418 417 
128 69 70 419 418 
129 70 71 420 419 
130 71 72 421 420 
131 72 73 422 421 
132 73 74 423 422 
133 74 75 424 423 
134 75 76 425 424 
135 76 77 426 425 
136 77 78 427 426 
137 78 79 428 427 
138 79 80 429 428 
139 80 81 430 429 
140 81 82 431 430 
141 82 83 432 431 
142 83 84 433 432 
143 84 85 434 433 
144 85 11 107 434 
145 21 414 435 22 
146 414 415 436 435 
147 415 416 437 436 
148 416 417 438 437 
149 417 418 439 438 
150 418 419 440 439 
151 419 420 441 440 
152 420 421 442 441 
153 421 422 443 442 
154 422 423 444 443 
155 423 424 445 444 
156 424 425 446 445 
157 425 426 447 446 
158 426 427 448 447 
159 427 428 449 448 
160 428 429 450 449 
161 429 430 451 450 
162 430 431 452 451 
163 431 432 453 452 
164 432 433 454 453 
165 433 434 455 454 
166 434 107 108 455 
167 22 435 456 23 
168 435 436 457 456 
169 436 437 458 457 
170 437 438 459 458 
171 438 439 460 459 
172 439 440 461 460 
173 440 441 462 461 
174 441 442 463 462 
175 442 443 464 463 
176 443 444 465 464 
177 444 445 466 465 
178 445 446 467 466 
179 446 447 468 467 
180 447 448 469 468 
181 448 449 470 469 
182 449 450 471 470 
183 450 451 472 471 
184 451 452 473 472 
185 452 453 474 473 
186 453 454 475 474 
187 454 455 476 475 
188 455 108 109 476 
189 23 456 477 24 
190 456 457 478 477 
191 457 458 479 478 
192 458 459 480 479 
193 459 460 481 480 
194 460 461 482 481 
195 461 462 483 482 
196 462 463 484 483 
197 463 464 485 484 
198 464 465 486 485 
199 465 466 487 486 
200 466 467 488 487 
201 467 468 489 488 
202 468 469 490 489 
203 469 470 491 490 
204 470 471 492 491 
205 471 472 493 492 
206 472 473 494 493 
207 473 474 495 494 
208 474 475 496 495 
209 475 476 497 496 
210 476 109 110 497 
211 24 477 498 25 
212 477 478 499 498 
213 478 479 500 499 
214 479 480 501 500 
215 480 481 502 501 
216 481 482 503 502 
217 482 483 504 503 
218 483 484 505 504 
219 484 485 506 505 
220 485 486 507 506 
221 486 487 508 507 
222 487 488 509 508 
223 488 489 510 509 
224 489 490 511 510 
225 490 491 512 511 
226 491 492 513 512 
227 492 493 514 513 
228 493 494 515 514 
229 494 495 516 515 
230 495 496 517 516 
231 496 497 518 517 
232 497 110 111 518 
233 25 498 86 2 
234 498 499 87 86 
235 499 500 88 87 
236 500 501 89 88 
237 501 502 90 89 
238 502 503 91 90 
239 503 504 92 91 
240 504 505 93 92 
241 505 506 94 93 
242 506 507 95 94 
243 507 508 96 95 
244 508 509 97 96 
245 509 510 98 97 
246 510 511 99 98 
247 511 512 100 99 
248 512 513 101 100 
249 513 514 102 101 
250 514 515 103 102 
251 515 516 104 103 
252 516 517 105 104 
253 517 518 106 105 
254 518 111 12 106 
2 3 3 132
255 1 26 519 65 
256 65 519 520 66 
257 66 520 521 67 
258 67 521 522 68 
259 68 522 523 69 
260 69 523 524 70 
261 70 524 525 71 
262 71 525 526 72 
263 72 526 527 73 
264 73 527 528 74 
265 74 528 529 75 
266 75 529 530 76 
267 76 530 531 77 
268 77 531 532 78 
269 78 532 533 79 
270 79 533 534 80 
271 80 534 535 81 
272 81 535 536 82 
273 82 536 537 83 
274 83 537 538 84 
275 84 538 539 85 
276 85 539 133 11 
277 26 27 540 519 
278 519 540 541 520 
279 520 541 542 521 
280 521 542 543 522 
281 522 543 544 523 
282 523 544 545 524 
283 524 545 546 525 
284 525 546 547 526 
285 526 547 548 527 
286 527 548 549 528 
287 528 549 550 529 
288 529 550 551 530 
289 530 551 552 531 
290 531 552 553 532 
291 532 553 554 533 
292 533 554 555 534 
293 534 555 556 535 
294 535 556 557 536 
295 536 557 558 537 
296 537 558 559 538 
297 538 559 560 539 
298 539 560 134 133 
299 27 28 561 540 
300 540 561 562 541 
301 541 562 563 542 
302 542 563 564 543 
303 543 564 565 544 
304 544 565 566 545 
305 545 566 567 546 
306 546 567 568 547 
307 547 568 569 548 
308 548 569 570 549 
309 549 570 571 550 
310 550 571 572 551 
311 551 572 573 552 
312 552 573 574 553 
313 553 574 575 554 
314 554 575 576 555 
315 555 576 577 556 
316 556 577 578 557 
317 557 578 579 558 
318 558 579 580 559 
319 559 580 581 560 
320 560 581 135 134 
321 28 29 582 561 
322 561 582 583 562 
323 562 583 584 563 
324 563 584 585 564 
325 564 585 586 565 
326 565 586 587 566 
327 566 587 588 567 
328 567 588 589 568 
329 568 589 590 569 
330 569 590 591 570 
331 570 591 592 571 
332 571 592 593 572 
333 572 593 594 573 
334 573 594 595 574 
335 574 595 596 575 
336 575 596 597 576 
337 576 597 598 577 
338 577 598 599 578 
339 578 599 600 579 
340 579 600 601 580 
341 580 601 602 581 
342 581 602 136 135 
343 29 30 603 582 
344 582 603 604 583 
345 583 604 605 584 
346 584 605 606 585 
347 585 606 607 586 
348 586 607 608 587 
349 587 608 609 588 
350 588 609 610 589 
351 589 610 611 590 
352 590 611 612 591 
353 591 612 613 592 
354 592 613 614 593 
355 593 614 615 594 
356 594 615 616 595 
357 595 616 617 596 
358 596 617 618 597 
359 597 618 619 598 
360 598 619 620 599 
361 599 620 621 600 
362 600 621 622 601 
363 601 622 623 602 
364 602 623 137 136 
365 30 3 112 603 
366 603 112 113 604 
367 604 113 114 605 
368 605 114 115 606 
369 606 115 116 607 
370 607 116 117 608 
371 608 117 118 609 
372 609 118 119 610 
373 610 119 120 611 
374 611 120 121 612 
375 612 121 122 613 
376 613 122 123 614 
377 614 123 124 615 
378 615 124 125 616 
379 616 125 126 617 
380 617 126 127 618 
381 618 127 128 619 
382 619 128 129 620 
383 620 129 130 621 
384 621 130 131 622 
385 622 131 132 623 
386 623 132 13 137 
2 4 3 44
387 2 86 624 31 
388 86 87 625 624 
389 87 88 626 625 
390 88 89 627 626 
391 89 90 628 627 
392 90 91 629 628 
393 91 92 630 629 
394 92 93 631 630 
395 93 94 632 631 
396 94 95 633 632 
397 95 96 634 633 
398 96 97 635 634 
399 97 98 636 635 
400 98 99 637 636 
401 99 100 638 637 
402 100 101 639 638 
403 101 102 640 639 
404 102 103 641 640 
405 103 104 642 641 
406 104 105 643 642 
407 105 106 644 643 
408 106 12 159 644 
409 31 624 138 4 
410 624 625 139 138 
411 625 626 140 139 
412 626 627 141 140 
413 627 628 142 141 
414 628 629 143 142 
415 629 630 144 143 
416 630 631 145 144 
417 631 632 146 145 
418 632 633 147 146 
419 633 634 148 147 
420 634 635 149 148 
421 635 636 150 149 
422 636 637 151 150 
423 637 638 152 151 
424 638 639 153 152 
425 639 640 154 153 
426 640 641 155 154 
427 641 642 156 155 
428 642 643 157 156 
429 643 644 158 157 
430 644 159 14 158 
2 5 3 132
431 3 32 645 112 
432 112 645 646 113 
433 113 646 647 114 
434 114 647 648 115 
435 115 648 649 116 
436 116 649 650 117 
437 117 650 651 118 
438 118 651 652 119 
439 119 652 653 120 
440 120 653 654 121 
441 121 654 655 122 
442 122 655 656 123 
443 123 656 657 124 
444 124 657 658 125 
445 125 658 659 126 
446 126 659 660 127 
447 127 660 661 128 
448 128 661 662 129 
449 129 662 663 130 
450 130 663 664 131 
451 131 664 665 132 
452 132 665 181 13 
453 32 33 666 645 
454 645 666 667 646 
455 646 667 668 647 
456 647 668 669 648 
457 648 669 670 649 
458 649 670 671 650 
459 650 671 672 651 
460 651 672 673 652 
461 652 673 674 653 
462 653 674 675 654 
463 654 675 676 655 
464 655 676 677 656 
465 656 677 678 657 
466 657 678 679 658 
467 658 679 680 659 
468 659 680 681 660 
469 660 681 682 661 
470 661 682 683 662 
471 662 683 684 663 
472 663 684 685 664 
473 664 685 686 665 
474 665 686 182 181 
475 33 34 687 666 
476 666 687 688 667 
477 667 688 689 668 
478 668 689 690 669 
479 669 690 691 670 
480 670 691 692 671 
481 671 692 693 672 
482 672 693 694 673 
483 673 694 695 674 
484 674 695 696 675 
485 675 696 697 676 
486 676 697 698 677 
487 677 698 699 678 
488 678 699 700 679 
489 679 700 701 680 
490 680 701 702 681 
491 681 702 703 682 
492 682 703 704 683 
493 683 704 705 684 
494 684 705 706 685 
495 685 706 707 686 
496 686 707 183 182 
497 34 35 708 687 
498 687 708 709 688 
499 688 709 710 689 
500 689 710 711 690 
501 690 711 712 691 
502 691 712 713 692 
503 692 713 714 693 
504 693 714 715 694 
505 694 715 716 695 
506 695 716 717 696 
507 696 717 718 697 
508 697 718 719 698 
509 698 719 720 699 
510 699 720 721 700 
511 700 721 722 701 
512 701 722 723 702 
513 702 723 724 703 
514 703 724 725 704 
515 704 725 726 705 
516 705 726 727 706 
517 706 727 728 707 
518 707 728 184 183 
519 35 36 729 708 
520 708 729 730 709 
521 709 730 731 710 
522 710 731 732 711 
523 711 732 733 712 
524 712 733 734 713 
525 713 734 735 714 
526 714 735 736 715 
527 715 736 737 716 
528 716 737 738 717 
529 717 738 739 718 
530 718 739 740 719 
531 719 740 741 720 
532 720 741 742 721 
533 721 742 743 722 
534 722 743 744 723 
535 723 744 745 724 
536 724 745 746 725 
537 725 746 747 726 
538 726 747 748 727 
539 727 748 749 728 
540 728 749 185 184 
541 36 5 160 729 
542 729 160 161 730 
543 730 161 162 731 
544 731 162 163 732 
545 732 163 164 733 
546 733 164 165 734 
547 734 165 166 735 
548 735 166 167 736 
549 736 167 168 737 
550 737 168 169 738 
551 738 169 170 739 
552 739 170 171 740 
553 740 171 172 741 
554 741 172 173 742 
555 742 173 174 743 
556 743 174 175 744 
557 744 175 176 745 
558 745 176 177 746 
559 746 177 178 747 
560 747 178 179 748 
561 748 179 180 749 
562 749 180 15 185 
2 6 3 132
563 4 138 750 37 
564 138 139 751 750 
565 139 140 752 751 
566 140 141 753 752 
567 141 142 754 753 
568 142 143 755 754 
569 143 144 756 755 
570 144 145 757 756 
571 145 146 758 757 
572 146 147 759 758 
573 147 148 760 759 
574 148 149 761 760 
575 149 150 762 761 
576 150 151 763 762 
577 151 152 764 763 
578 152 153 765 764 
579 153 154 766 765 
580 154 155 767 766 
581 155 156 768 767 
582 156 157 769 768 
583 157 158 770 769 
584 158 14 207 770 
585 37 750 771 38 
586 750 751 772 771 
587 751 752 773 772 
588 752 753 774 773 
589 753 754 775 774 
590 754 755 776 775 
591 755 756 777 776 
592 756 757 778 777 
593 757 758 779 778 
594 758 759 780 779 
595 759 760 781 780 
596 760 761 782 781 
597 761 762 783 782 
598 762 763 784 783 
599 763 764 785 784 
600 764 765 786 785 
601 765 766 787 786 
602 766 767 788 787 
603 767 768 789 788 
604 768 769 790 789 
605 769 770 791 790 
606 770 207 208 791 
607 38 771 792 39 
608 771 772 793 792 
609 772 773 794 793 
610 773 774 795 794 
611 774 775 796 795 
612 775 776 797 796 
613 776 777 798 797 
614 777 778 799 798 
615 778 779 800 799 
616 779 780 801 800 
617 780 781 802 801 
618 781 782 803 802 
619 782 783 804 803 
620 783 784 805 804 
621 784 785 806 805 
622 785 786 807 806 
623 786 787 808 807 
624 787 788 809 808 
625 788 789 810 809 
626 789 790 811 810 
627 790 791 812 811 
628 791 208 209 812 
629 39 792 813 40 
630 792 793 814 813 
631 793 794 815 814 
632 794 795 816 815 
633 795 796 817 816 
634 796 797 818 817 
635 797 798 819 818 
636 798 799 820 819 
637 799 800 821 820 
638 800 801 822 821 
639 801 802 823 822 
640 802 803 824 823 
641 803 804 825 824 
642 804 805 826 825 
643 805 806 827 826 
644 806 807 828 827 
645 807 808 829 828 
646 808 809 830 829 
647 809 810 831 830 
648 810 811 832 831 
649 811 812 833 832 
650 812 209 210 833 
651 40 813 834 41 
652 813 814 835 834 
653 814 815 836 835 
654 815 816 837 836 
655 816 817 838 837 
656 817 818 839 838 
657 818 819 840 839 
658 819 820 841 840 
659 820 821 842 841 
660 821 822 843 842 
661 822 823 844 843 
662 823 824 845 844 
663 824 825 846 845 
664 825 826 847 846 
665 826 827 848 847 
666 827 828 849 848 
667 828 829 850 849 
668 829 830 851 850 
669 830 831 852 851 
670 831 832 853 852 
671 832 833 854 853 
672 833 210 211 854 
673 41 834 186 6 
674 834 835 187 186 
675 835 836 188 187 
676 836 837 189 188 
677 837 838 190 189 
678 838 839 191 190 
679 839 840 192 191 
680 840 841 193 192 
681 841 842 194 193 
682 842 843 195 194 
683 843 844 196 195 
684 844 845 197 196 
685 845 846 198 197 
686 846 847 199 198 
687 847 848 200 199 
688 848 849 201 200 
689 849 850 202 201 
690 850 851 203 202 
691 851 852 204 203 
692 852 853 205 204 
693 853 854 206 205 
694 854 211 16 206 
2 7 3 132
695 7 212 855 42 
696 212 213 856 855 
697 213 214 857 856 
698 214 215 858 857 
699 215 216 859 858 
700 216 217 860 859 
701 217 218 861 860 
702 218 219 862 861 
703 219 220 863 862 
704 220 221 864 863 
705 221 222 865 864 
706 222 223 866 865 
707 223 224 867 866 
708 224 225 868 867 
709 225 226 869 868 
710 226 227 870 869 
711 227 228 871 870 
712 228 229 872 871 
713 229 230 873 872 
714 230 231 874 873 
715 231 232 875 874 
716 232 17 233 875 
717 42 855 876 43 
718 855 856 877 876 
719 856 857 878 877 
720 857 858 879 878 
721 858 859 880 879 
722 859 860 881 880 
723 860 861 882 881 
724 861 862 883 882 
725 862 863 884 883 
726 863 864 885 884 
727 864 865 886 885 
728 865 866 887 886 
729 866 867 888 887 
730 867 868 889 888 
731 868 869 890 889 
732 869 870 891 890 
733 870 871 892 891 
734 871 872 893 892 
735 872 873 894 893 
736 873 874 895 894 
737 874 875 896 895 
738 875 233 234 896 
739 43 876 897 44 
740 876 877 898 897 
741 877 878 899 898 
742 878 879 900 899 
743 879 880 901 900 
744 880 881 902 901 
745 881 882 903 902 
746 882 883 904 903 
747 883 884 905 904 
748 884 885 906 905 
749 885 886 907 906 
750 886 887 908 907 
751 887 888 909 908 
752 888 889 910 909 
753 889 890 911 910 
754 890 891 912 911 
755 891 892 913 912 
756 892 893 914 913 
757 893 894 915 914 
758 894 895 916 915 
759 895 896 917 916 
760 896 234 235 917 
761 44 897 918 45 
762 897 898 919 918 
763 898 899 920 919 
764 899 900 921 920 
765 900 901 922 921 
766 901 902 923 922 
767 902 903 924 923 
768 903 904 925 924 
769 904 905 926 925 
770 905 906 927 926 
771 906 907 928 927 
772 907 908 929 928 
773 908 909 930 929 
774 909 910 931 930 
775 910 911 932 931 
776 911 912 933 932 
777 912 913 934 933 
778 913 914 935 934 
779 914 915 936 935 
780 915 916 937 936 
781 916 917 938 937 
782 917 235 236 938 
783 45 918 939 46 
784 918 919 940 939 
785 919 920 941 940 
786 920 921 942 941 
787 921 922 943 942 
788 922 923 944 943 
789 923 924 945 944 
790 924 925 946 945 
791 925 926 947 946 
792 926 927 948 947 
793 927 928 949 948 
794 928 929 950 949 
795 929 930 951 950 
796 930 931 952 951 
797 931 932 953 952 
798 932 933 954 953 
799 933 934 955 954 
800 934 935 956 955 
801 935 936 957 956 
802 936 937 958 957 
803 937 938 959 958 
804 938 236 237 959 
805 46 939 160 5 
806 939 940 161 160 
807 940 941 162 161 
808 941 942 163 162 
809 942 943 164 163 
810 943 944 165 164 
811 944 945 166 165 
812 945 946 167 166 
813 946 947 168 167 
814 947 948 169 168 
815 948 949 170 169 
816 949 950 171 170 
817 950 951 172 171 
818 951 952 173 172 
819 952 953 174 173 
820 953 954 175 174 
821 954 955 176 175 
822 955 956 177 176 
823 956 957 178 177 
824 957 958 179 178 
825 958 959 180 179 
826 959 237 15 180 
2 8 3 44
827 6 186 960 47 
828 186 187 961 960 
829 187 188 962 961 
830 188 189 963 962 
831 189 190 964 963 
832 190 191 965 964 
833 191 192 966 965 
834 192 193 967 966 
835 193 194 968 967 
836 194 195 969 968 
837 195 196 970 969 
838 196 197 971 970 
839 197 198 972 971 
840 198 199 973 972 
841 199 200 974 973 
842 200 201 975 974 
843 201 202 976 975 
844 202 203 977 976 
845 203 204 978 977 
846 204 205 979 978 
847 205 206 980 979 
848 206 16 259 980 
849 47 960 238 8 
850 960 961 239 238 
851 961 962 240 239 
852 962 963 241 240 
853 963 964 242 241 
854 964 965 243 242 
855 965 966 244 243 
856 966 967 245 244 
857 967 968 246 245 
858 968 969 247 246 
859 969 970 248 247 
860 970 971 249 248 
861 971 972 250 249 
862 972 973 251 250 
863 973 974 252 251 
864 974 975 253 252 
865 975 976 254 253 
866 976 977 255 254 
867 977 978 256 255 
868 978 979 257 256 
869 979 980 258 257 
870 980 259 18 258 
2 9 3 44
871 9 260 981 48 
872 260 261 982 981 
873 261 262 983 982 
874 262 263 984 983 
875 263 264 985 984 
876 264 265 986 985 
877 265 266 987 986 
878 266 267 988 987 
879 267 268 989 988 
880 268 269 990 989 
881 269 270 991 990 
882 270 271 992 991 
883 271 272 993 992 
884 272 273 994 993 
885 273 274 995 994 
886 274 275 996 995 
887 275 276 997 996 
888 276 277 998 997 
889 277 278 999 998 
890 278 279 1000 999 
891 279 280 1001 1000 
892 280 19 281 1001 
893 48 981 212 7 
894 981 982 213 212 
895 982 983 214 213 
896 983 984 215 214 
897 984 985 216 215 
898 985 986 217 216 
899 986 987 218 217 
900 987 988 219 218 
901 988 989 220 219 
902 989 990 221 220 
903 990 991 222 221 
904 991 992 223 222 
905 992 993 224 223 
906 993 994 225 224 
907 994 995 226 225 
908 995 996 227 226 
909 996 997 228 227 
910 997 998 229 228 
911 998 999 230 229 
912 999 1000 231 230 
913 1000 1001 232 231 
914 1001 281 17 232 
2 10 3 132
915 8 238 1002 49 
916 238 239 1003 1002 
917 239 240 1004 1003 
918 240 241 1005 1004 
919 241 242 1006 1005 
920 242 243 1007 1006 
921 243 244 1008 1007 
922 244 245 1009 1008 
923 245 246 1010 1009 
924 246 247 1011 1010 
925 247 248 1012 1011 
926 248 249 1013 1012 
927 249 250 1014 1013 
928 250 251 1015 1014 
929 251 252 1016 1015 
930 252 253 1017 1016 
931 253 254 1018 1017 
932 254 255 1019 1018 
933 255 256 1020 1019 
934 256 257 1021 1020 
935 257 258 1022 1021 
936 258 18 282 1022 
937 49 1002 1023 50 
938 1002 1003 1024 1023 
939 1003 1004 1025 1024 
940 1004 1005 1026 1025 
941 1005 1006 1027 1026 
942 1006 1007 1028 1027 
943 1007 1008 1029 1028 
944 1008 1009 1030 1029 
945 1009 1010 1031 1030 
946 1010 1011 1032 1031 
947 1011 1012 1033 1032 
948 1012 1013 1034 1033 
949 1013 1014 1035 1034 
950 1014 1015 1036 1035 
951 1015 1016 1037 1036 
952 1016 1017 1038 1037 
953 1017 1018 1039 1038 
954 1018 1019 1040 1039 
955 1019 1020 1041 1040 
956 1020 1021 1042 1041 
957 1021 1022 1043 1042 
958 1022 282 283 1043 
959 50 1023 1044 51 
960 1023 1024 1045 1044 
961 1024 1025 1046 1045 
962 1025 1026 1047 1046 
963 1026 1027 1048 1047 
964 1027 1028 1049 1048 
965 1028 1029 1050 1049 
966 1029 1030 1051 1050 
967 1030 1031 1052 1051 
968 1031 1032 1053 1052 
969 1032 1033 1054 1053 
970 1033 1034 1055 1054 
971 1034 1035 1056 1055 
972 1035 1036 1057 1056 
973 1036 1037 1058 1057 
974 1037 1038 1059 1058 
975 1038 1039 1060 1059 
976 1039 1040 1061 1060 
977 1040 1041 1062 1061 
978 1041 1042 1063 1062 
979 1042 1043 1064 1063 
980 1043 283 284 1064 
981 51 1044 1065 52 
982 1044 1045 1066 1065 
983 1045 1046 1067 1066 
984 1046 1047 1068 1067 
985 1047 1048 1069 1068 
986 1048 1049 1070 1069 
987 1049 1050 1071 1070 
988 1050 1051 1072 1071 
989 1051 1052 1073 1072 
990 1052 1053 1074 1073 
991 1053 1054 1075 1074 
992 1054 1055 1076 1075 
993 1055 1056 1077 1076 
994 1056 1057 1078 1077 
995 1057 1058 1079 1078 
996 1058 1059 1080 1079 
997 1059 1060 1081 1080 
998 1060 1061 1082 1081 
999 1061 1062 1083 1082 
1000 1062 1063 1084 1083 
1001 1063 1064 1085 1084 
1002 1064 284 285 1085 
1003 52 1065 1086 53 
1004 1065 1066 1087 1086 
1005 1066 1067 1088 1087 
1006 1067 1068 1089 1088 
1007 1068 1069 1090 1089 
1008 1069 1070 1091 1090 
1009 1070 1071 1092 1091 
1010 1071 1072 1093 1092 
1011 1072 1073 1094 1093 
1012 1073 1074 1095 1094 
1013 1074 1075 1096 1095 
1014 1075 1076 1097 1096 
1015 1076 1077 1098 1097 
1016 1077 1078 1099 1098 
1017 1078 1079 1100 1099 
1018 1079 1080 1101 1100 
1019 1080 1081 1102 1101 
1020 1081 1082 1103 1102 
1021 1082 1083 1104 1103 
1022 1083 1084 1105 1104 
1023 1084 1085 1106 1105 
1024 1085 285 286 1106 
1025 53 1086 260 9 
1026 1086 1087 261 260 
1027 1087 1088 262 261 
1028 1088 1089 263 262 
1029 1089 1090 264 263 
1030 1090 1091 265 264 
1031 1091 1092 266 265 
1032 1092 1093 267 266 
1033 1093 1094 268 267 
1034 1094 1095 269 268 
1035 1095 1096 270 269 
1036 1096 1097 271 270 
1037 1097 1098 272 271 
1038 1098 1099 273 272 
1039 1099 1100 274 273 
1040 1100 1101 275 274 
1041 1101 1102 276 275 
1042 1102 1103 277 276 
1043 1103 1104 278 277 
1044 1104 1105 279 278 
1045 1105 1106 280 279 
1046 1106 286 19 280 
2 11 3 264
1047 10 54 1107 287 
1048 287 1107 1108 288 
1049 288 1108 1109 289 
1050 289 1109 1110 290 
1051 290 1110 1111 291 
1052 291 1111 1112 292 
1053 292 1112 1113 293 
1054 293 1113 1114 294 
1055 294 1114 1115 295 
1056 295 1115 1116 296 
1057 296 1116 1117 297 
1058 297 1117 1118 298 
1059 298 1118 1119 299 
1060 299 1119 1120 300 
1061 300 1120 1121 301 
1062 301 1121 1122 302 
1063 302 1122 1123 303 
1064 303 1123 1124 304 
1065 304 1124 1125 305 
1066 305 1125 1126 306 
1067 306 1126 1127 307 
1068 307 1127 308 20 
1069 54 55 1128 1107 
1070 1107 1128 1129 1108 
1071 1108 1129 1130 1109 
1072 1109 1130 1131 1110 
1073 1110 1131 1132 1111 
1074 1111 1132 1133 1112 
1075 1112 1133 1134 1113 
1076 1113 1134 1135 1114 
1077 1114 1135 1136 1115 
1078 1115 1136 1137 1116 
1079 1116 1137 1138 1117 
1080 1117 1138 1139 1118 
1081 1118 1139 1140 1119 
1082 1119 1140 1141 1120 
1083 1120 1141 1142 1121 
1084 1121 1142 1143 1122 
1085 1122 1143 1144 1123 
1086 1123 1144 1145 1124 
1087 1124 1145 1146 1125 
1088 1125 1146 1147 1126 
1089 1126 1147 1148 1127 
1090 1127 1148 309 308 
1091 55 56 1149 1128 
1092 1128 1149 1150 1129 
1093 1129 1150 1151 1130 
1094 1130 1151 1152 1131 
1095 1131 1152 1153 1132 
1096 1132 1153 1154 1133 
1097 1133 1154 1155 1134 
1098 1134 1155 1156 1135 
1099 1135 1156 1157 1136 
1100 1136 1157 1158 1137 
1101 1137 1158 1159 1138 
1102 1138 1159 1160 1139 
1103 1139 1160 1161 1140 
1104 1140 1161 1162 1141 
1105 1141 1162 1163 1142 
1106 1142 1163 1164 1143 
1107 1143 1164 1165 1144 
1108 1144 1165 1166 1145 
1109 1145 1166 1167 1146 
1110 1146 1167 1168 1147 
1111 1147 1168 1169 1148 
1112 1148 1169 310 309 
1113 56 57 1170 1149 
1114 1149 1170 1171 1150 
1115 1150 1171 1172 1151 
1116 1151 1172 1173 1152 
1117 1152 1173 1174 1153 
1118 1153 1174 1175 1154 
1119 1154 1175 1176 1155 
1120 1155 1176 1177 1156 
1121 1156 1177 1178 1157 
1122 1157 1178 1179 1158 
1123 1158 1179 1180 1159 
1124 1159 1180 1181 1160 
1125 1160 1181 1182 1161 
1126 1161 1182 1183 1162 
1127 1162 1183 1184 1163 
1128 1163 1184 1185 1164 
1129 1164 1185 1186 1165 
1130 1165 1186 1187 1166 
1131 1166 1187 1188 1167 
1132 1167 1188 1189 1168 
1133 1168 1189 1190 1169 
1134 1169 1190 311 310 
1135 57 58 1191 1170 
1136 1170 1191 1192 1171 
1137 1171 1192 1193 1172 
1138 1172 1193 1194 1173 
1139 1173 1194 1195 1174 
1140 1174 1195 1196 1175 
1141 1175 1196 1197 1176 
1142 1176 1197 1198 1177 
1143 1177 1198 1199 1178 
1144 1178 1199 1200 1179 
1145 1179 1200 1201 1180 
1146 1180 1201 1202 1181 
1147 1181 1202 1203 1182 
1148 1182 1203 1204 1183 
1149 1183 1204 1205 1184 
1150 1184 1205 1206 1185 
1151 1185 1206 1207 1186 
1152 1186 1207 1208 1187 
1153 1187 1208 1209 1188 
1154 1188 1209 1210 1189 
1155 1189 1210 1211 1190 
1156 1190 1211 312 311 
1157 58 59 1212 1191 
1158 1191 1212 1213 1192 
1159 1192 1213 1214 1193 
1160 1193 1214 1215 1194 
1161 1194 1215 1216 1195 
1162 1195 1216 1217 1196 
1163 1196 1217 1218 1197 
1164 1197 1218 1219 1198 
1165 1198 1219 1220 1199 
1166 1199 1220 1221 1200 
1167 1200 1221 1222 1201 
1168 1201 1222 1223 1202 
1169 1202 1223 1224 1203 
1170 1203 1224 1225 1204 
1171 1204 1225 1226 1205 
1172 1205 1226 1227 1206 
1173 1206 1227 1228 1207 
1174 1207 1228 1229 1208 
1175 1208 1229 1230 1209 
1176 1209 1230 1231 1210 
1177 1210 1231 1232 1211 
1178 1211 1232 313 312 
1179 59 60 1233 1212 
1180 1212 1233 1234 1213 
1181 1213 1234 1235 1214 
1182 1214 1235 1236 1215 
1183 1215 1236 1237 1216 
1184 1216 1237 1238 1217 
1185 1217 1238 1239 1218 
1186 1218 1239 1240 1219 
1187 1219 1240 1241 1220 
1188 1220 1241 1242 1221 
1189 1221 1242 1243 1222 
1190 1222 1243 1244 1223 
1191 1223 1244 1245 1224 
1192 1224 1245 1246 1225 
1193 1225 1246 1247 1226 
1194 1226 1247 1248 1227 
1195 1227 1248 1249 1228 
1196 1228 1249 1250 1229 
1197 1229 1250 1251 1230 
1198 1230 1251 1252 1231 
1199 1231 1252 1253 1232 
1200 1232 1253 314 313 
1201 60 61 1254 1233 
1202 1233 1254 1255 1234 
1203 1234 1255 1256 1235 
1204 1235 1256 1257 1236 
1205 1236 1257 1258 1237 
1206 1237 1258 1259 1238 
1207 1238 1259 1260 1239 
1208 1239 1260 1261 1240 
1209 1240 1261 1262 1241 
1210 1241 1262 1263 1242 
1211 1242 1263 1264 1243 
1212 1243 1264 1265 1244 
1213 1244 1265 1266 1245 
1214 1245 1266 1267 1246 
1215 1246 1267 1268 1247 
1216 1247 1268 1269 1248 
1217 1248 1269 1270 1249 
1218 1249 1270 1271 1250 
1219 1250 1271 1272 1251 
1220 1251 1272 1273 1252 
1221 1252 1273 1274 1253 
1222 1253 1274 315 314 
1223 61 62 1275 1254 
1224 1254 1275 1276 1255 
1225 1255 1276 1277 1256 
1226 1256 1277 1278 1257 
1227 1257 1278 1279 1258 
1228 1258 1279 1280 1259 
1229 1259 1280 1281 1260 
1230 1260 1281 1282 1261 
1231 1261 1282 1283 1262 
1232 1262 1283 1284 1263 
1233 1263 1284 1285 1264 
1234 1264 1285 1286 1265 
1235 1265 1286 1287 1266 
1236 1266 1287 1288 1267 
1237 1267 1288 1289 1268 
1238 1268 1289 1290 1269 
1239 1269 1290 1291 1270 
1240 1270 1291 1292 1271 
1241 1271 1292 1293 1272 
1242 1272 1293 1294 1273 
1243 1273 1294 1295 1274 
1244 1274 1295 316 315 
1245 62 63 1296 1275 
1246 1275 1296 1297 1276 
1247 1276 1297 1298 1277 
1248 1277 1298 1299 1278 
1249 1278 1299 1300 1279 
1250 1279 1300 1301 1280 
1251 1280 1301 1302 1281 
1252 1281 1302 1303 1282 
1253 1282 1303 1304 1283 
1254 1283 1304 1305 1284 
1255 1284 1305 1306 1285 
1256 1285 1306 1307 1286 
1257 1286 1307 1308 1287 
1258 1287 1308 1309 1288 
1259 1288 1309 1310 1289 
1260 1289 1310 1311 1290 
1261 1290 1311 1312 1291 
1262 1291 1312 1313 1292 
1263 1292 1313 1314 1293 
1264 1293 1314 1315 1294 
1265 1294 1315 1316 1295 
1266 1295 1316 317 316 
1267 63 64 1317 1296 
1268 1296 1317 1318 1297 
1269 1297 1318 1319 1298 
1270 1298 1319 1320 1299 
1271 1299 1320 1321 1300 
1272 1300 1321 1322 1301 
1273 1301 1322 1323 1302 
1274 1302 1323 1324 1303 
1275 1303 1324 1325 1304 
1276 1304 1325 1326 1305 
1277 1305 1326 1327 1306 
1278 1306 1327 1328 1307 
1279 1307 1328 1329 1308 
1280 1308 1329 1330 1309 
1281 1309 1330 1331 1310 
1282 1310 1331 1332 1311 
1283 1311 1332 1333 1312 
1284 1312 1333 1334 1313 
1285 1313 1334 1335 1314 
1286 1314 1335 1336 1315 
1287 1315 1336 1337 1316 
1288 1316 1337 318 317 
1289 64 10 287 1317 
1290 1317 287 288 1318 
1291 1318 288 289 1319 
1292 1319 289 290 1320 
1293 1320 290 291 1321 
1294 1321 291 292 1322 
1295 1322 292 293 1323 
1296 1323 293 294 1324 
1297 1324 294 295 1325 
1298 1325 295 296 1326 
1299 1326 296 297 1327 
1300 1327 297 298 1328 
1301 1328 298 299 1329 
1302 1329 299 300 1330 
1303 1330 300 301 1331 
1304 1331 301 302 1332 
1305 1332 302 303 1333 
1306 1333 303 304 1334 
1307 1334 304 305 1335 
1308 1335 305 306 1336 
1309 1336 306 307 1337 
1310 1337 307 20 318 
2 12 3 122
1311 1381 1430 1361 1347 
1312 315 1385 1376 314 
1313 1346 1377 1368 1395 
1314 1369 13 181 1388 
1315 1412 1367 1342 1362 
1316 1354 1381 1347 1388 
1317 1410 1355 1378 1352 
1318 1340 1382 1346 1364 
1319 111 110 1371 1379 
1320 1422 281 1341 1357 
1321 183 184 1411 1368 
1322 1404 1398 237 236 
1323 1345 1365 1406 1348 
1324 108 107 11 1397 
1325 185 15 237 1398 
1326 316 1365 1385 315 
1327 1369 1421 137 13 
1328 134 135 1416 1367 
1329 1372 1402 285 284 
1330 1374 286 285 1402 
1331 1372 284 283 1403 
1332 1373 1403 283 282 
1333 259 1359 1389 1348 
1334 1343 1357 1413 1395 
1335 1380 1370 235 234 
1336 1408 1345 1348 1389 
1337 1357 1343 1380 1422 
1338 318 1383 1406 317 
1339 1368 1377 182 183 
1340 1372 1403 1373 308 
1341 310 1374 1402 309 
1342 308 309 1402 1372 
1343 1384 312 313 1391 
1344 1415 1350 1393 1376 
1345 1387 1353 1428 1356 
1346 136 137 1421 1366 
1347 1410 1352 1396 1339 
1348 1394 1367 1416 1360 
1349 1419 1360 1416 1366 
1350 207 1400 1387 208 
1351 1338 1407 1349 1390 
1352 1425 1386 1338 1396 
1353 1361 1375 1427 1347 
1354 1390 1408 1396 1338 
1355 1363 1370 1380 1343 
1356 1394 1360 1419 1344 
1357 1376 1393 313 314 
1358 1338 1375 1361 1407 
1359 1385 1409 1390 1349 
1360 1365 316 317 1406 
1361 1388 1347 1427 1369 
1362 1393 1426 1391 313 
1363 110 109 1405 1371 
1364 1391 1341 281 1384 
1365 1421 1369 1427 1351 
1366 1356 1420 16 1418 
1367 1366 1416 135 136 
1368 1377 1432 1354 1414 
1369 1419 1351 1431 1386 
1370 1361 1415 1349 1407 
1371 1355 159 1358 1378 
1372 181 1414 1354 1388 
1373 1370 1404 236 235 
1374 1397 1405 109 108 
1375 1377 1414 181 182 
1376 1367 1412 133 134 
1377 1382 1340 1430 1381 
1378 1396 1352 1378 1425 
1379 311 1423 1374 310 
1380 308 1373 1424 20 
1381 1363 1343 1395 1368 
1382 207 14 1401 1400 
1383 1340 1364 1341 1392 
1384 1358 1344 1425 1378 
1385 1421 1351 1419 1366 
1386 1342 1371 1405 1362 
1387 1398 1404 1370 1363 
1388 16 211 210 1418 
1389 259 1348 1406 1383 
1390 208 1387 1417 209 
1391 1381 1354 1432 1382 
1392 1341 1364 1413 1357 
1393 1409 1345 1408 1390 
1394 1385 1349 1415 1376 
1395 1392 1350 1430 1340 
1396 1429 12 111 1379 
1397 234 233 17 1380 
1398 1382 1432 1377 1346 
1399 1345 1409 1385 1365 
1400 1387 1356 1418 1417 
1401 1392 1341 1391 1426 
1402 184 185 1398 1411 
1403 11 133 1412 1397 
1404 1392 1426 1393 1350 
1405 1364 1346 1395 1413 
1406 286 1374 1423 19 
1407 282 18 1424 1373 
1408 1386 1431 1375 1338 
1409 1351 1427 1375 1431 
1410 1401 1353 1387 1400 
1411 1420 1356 1428 1399 
1412 1389 1339 1396 1408 
1413 1415 1361 1430 1350 
1414 1419 1386 1425 1344 
1415 1367 1394 1429 1342 
1416 1368 1411 1398 1363 
1417 1405 1397 1412 1362 
1418 1401 1355 1410 1353 
1419 1389 1359 1420 1399 
1420 209 1417 1418 210 
1421 1428 1353 1410 1339 
1422 1371 1342 1429 1379 
1423 1389 1399 1428 1339 
1424 1344 1358 1429 1394 
1425 1429 1358 159 12 
1426 1380 17 281 1422 
1427 159 1355 1401 14 
1428 259 16 1420 1359 
1429 259 1383 1424 18 
1430 281 19 1423 1384 
1431 312 1384 1423 311 
1432 20 1424 1383 318 
3 1 5 2684
1781 362 411 342 328 2336 3365 1916 1622 
1782 2336 3365 1916 1622 2337 3366 1917 1623 
1783 2337 3366 1917 1623 2338 3367 1918 1624 
1784 2338 3367 1918 1624 2339 3368 1919 1625 
1785 2339 3368 1919 1625 2340 3369 1920 1626 
1786 2340 3369 1920 1626 2341 3370 1921 1627 
1787 2341 3370 1921 1627 2342 3371 1922 1628 
1788 2342 3371 1922 1628 2343 3372 1923 1629 
1789 2343 3372 1923 1629 2344 3373 1924 1630 
1790 2344 3373 1924 1630 2345 3374 1925 1631 
1791 2345 3374 1925 1631 2346 3375 1926 1632 
1792 2346 3375 1926 1632 2347 3376 1927 1633 
1793 2347 3376 1927 1633 2348 3377 1928 1634 
1794 2348 3377 1928 1634 2349 3378 1929 1635 
1795 2349 3378 1929 1635 2350 3379 1930 1636 
1796 2350 3379 1930 1636 2351 3380 1931 1637 
1797 2351 3380 1931 1637 2352 3381 1932 1638 
1798 2352 3381 1932 1638 2353 3382 1933 1639 
1799 2353 3382 1933 1639 2354 3383 1934 1640 
1800 2354 3383 1934 1640 2355 3384 1935 1641 
1801 2355 3384 1935 1641 2356 3385 1936 1642 
1802 2356 3385 1936 1642 1381 1430 1361 1347 
1803 61 366 357 60 1254 2420 2231 1233 
1804 1254 2420 2231 1233 1255 2421 2232 1234 
1805 1255 2421 2232 1234 1256 2422 2233 1235 
1806 1256 2422 2233 1235 1257 2423 2234 1236 
1807 1257 2423 2234 1236 1258 2424 2235 1237 
1808 1258 2424 2235 1237 1259 2425 2236 1238 
1809 1259 2425 2236 1238 1260 2426 2237 1239 
1810 1260 2426 2237 1239 1261 2427 2238 1240 
1811 1261 2427 2238 1240 1262 2428 2239 1241 
1812 1262 2428 2239 1241 1263 2429 2240 1242 
1813 1263 2429 2240 1242 1264 2430 2241 1243 
1814 1264 2430 2241 1243 1265 2431 2242 1244 
1815 1265 2431 2242 1244 1266 2432 2243 1245 
1816 1266 2432 2243 1245 1267 2433 2244 1246 
1817 1267 2433 2244 1246 1268 2434 2245 1247 
1818 1268 2434 2245 1247 1269 2435 2246 1248 
1819 1269 2435 2246 1248 1270 2436 2247 1249 
1820 1270 2436 2247 1249 1271 2437 2248 1250 
1821 1271 2437 2248 1250 1272 2438 2249 1251 
1822 1272 2438 2249 1251 1273 2439 2250 1252 
1823 1273 2439 2250 1252 1274 2440 2251 1253 
1824 1274 2440 2251 1253 315 1385 1376 314 
1825 327 358 349 376 1601 2252 2063 2630 
1826 1601 2252 2063 2630 1602 2253 2064 2631 
1827 1602 2253 2064 2631 1603 2254 2065 2632 
1828 1603 2254 2065 2632 1604 2255 2066 2633 
1829 1604 2255 2066 2633 1605 2256 2067 2634 
1830 1605 2256 2067 2634 1606 2257 2068 2635 
1831 1606 2257 2068 2635 1607 2258 2069 2636 
1832 1607 2258 2069 2636 1608 2259 2070 2637 
1833 1608 2259 2070 2637 1609 2260 2071 2638 
1834 1609 2260 2071 2638 1610 2261 2072 2639 
1835 1610 2261 2072 2639 1611 2262 2073 2640 
1836 1611 2262 2073 2640 1612 2263 2074 2641 
1837 1612 2263 2074 2641 1613 2264 2075 2642 
1838 1613 2264 2075 2642 1614 2265 2076 2643 
1839 1614 2265 2076 2643 1615 2266 2077 2644 
1840 1615 2266 2077 2644 1616 2267 2078 2645 
1841 1616 2267 2078 2645 1617 2268 2079 2646 
1842 1617 2268 2079 2646 1618 2269 2080 2647 
1843 1618 2269 2080 2647 1619 2270 2081 2648 
1844 1619 2270 2081 2648 1620 2271 2082 2649 
1845 1620 2271 2082 2649 1621 2272 2083 2650 
1846 1621 2272 2083 2650 1346 1377 1368 1395 
1847 350 3 32 369 2084 112 645 2483 
1848 2084 112 645 2483 2085 113 646 2484 
1849 2085 113 646 2484 2086 114 647 2485 
1850 2086 114 647 2485 2087 115 648 2486 
1851 2087 115 648 2486 2088 116 649 2487 
1852 2088 116 649 2487 2089 117 650 2488 
1853 2089 117 650 2488 2090 118 651 2489 
1854 2090 118 651 2489 2091 119 652 2490 
1855 2091 119 652 2490 2092 120 653 2491 
1856 2092 120 653 2491 2093 121 654 2492 
1857 2093 121 654 2492 2094 122 655 2493 
1858 2094 122 655 2493 2095 123 656 2494 
1859 2095 123 656 2494 2096 124 657 2495 
1860 2096 124 657 2495 2097 125 658 2496 
1861 2097 125 658 2496 2098 126 659 2497 
1862 2098 126 659 2497 2099 127 660 2498 
1863 2099 127 660 2498 2100 128 661 2499 
1864 2100 128 661 2499 2101 129 662 2500 
1865 2101 129 662 2500 2102 130 663 2501 
1866 2102 130 663 2501 2103 131 664 2502 
1867 2103 131 664 2502 2104 132 665 2503 
1868 2104 132 665 2503 1369 13 181 1388 
1869 393 348 323 343 2987 2042 1517 1937 
1870 2987 2042 1517 1937 2988 2043 1518 1938 
1871 2988 2043 1518 1938 2989 2044 1519 1939 
1872 2989 2044 1519 1939 2990 2045 1520 1940 
1873 2990 2045 1520 1940 2991 2046 1521 1941 
1874 2991 2046 1521 1941 2992 2047 1522 1942 
1875 2992 2047 1522 1942 2993 2048 1523 1943 
1876 2993 2048 1523 1943 2994 2049 1524 1944 
1877 2994 2049 1524 1944 2995 2050 1525 1945 
1878 2995 2050 1525 1945 2996 2051 1526 1946 
1879 2996 2051 1526 1946 2997 2052 1527 1947 
1880 2997 2052 1527 1947 2998 2053 1528 1948 
1881 2998 2053 1528 1948 2999 2054 1529 1949 
1882 2999 2054 1529 1949 3000 2055 1530 1950 
1883 3000 2055 1530 1950 3001 2056 1531 1951 
1884 3001 2056 1531 1951 3002 2057 1532 1952 
1885 3002 2057 1532 1952 3003 2058 1533 1953 
1886 3003 2058 1533 1953 3004 2059 1534 1954 
1887 3004 2059 1534 1954 3005 2060 1535 1955 
1888 3005 2060 1535 1955 3006 2061 1536 1956 
1889 3006 2061 1536 1956 3007 2062 1537 1957 
1890 3007 2062 1537 1957 1412 1367 1342 1362 
1891 335 362 328 369 1769 2336 1622 2483 
1892 1769 2336 1622 2483 1770 2337 1623 2484 
1893 1770 2337 1623 2484 1771 2338 1624 2485 
1894 1771 2338 1624 2485 1772 2339 1625 2486 
1895 1772 2339 1625 2486 1773 2340 1626 2487 
1896 1773 2340 1626 2487 1774 2341 1627 2488 
1897 1774 2341 1627 2488 1775 2342 1628 2489 
1898 1775 2342 1628 2489 1776 2343 1629 2490 
1899 1776 2343 1629 2490 1777 2344 1630 2491 
1900 1777 2344 1630 2491 1778 2345 1631 2492 
1901 1778 2345 1631 2492 1779 2346 1632 2493 
1902 1779 2346 1632 2493 1780 2347 1633 2494 
1903 1780 2347 1633 2494 1781 2348 1634 2495 
1904 1781 2348 1634 2495 1782 2349 1635 2496 
1905 1782 2349 1635 2496 1783 2350 1636 2497 
1906 1783 2350 1636 2497 1784 2351 1637 2498 
1907 1784 2351 1637 2498 1785 2352 1638 2499 
1908 1785 2352 1638 2499 1786 2353 1639 2500 
1909 1786 2353 1639 2500 1787 2354 1640 2501 
1910 1787 2354 1640 2501 1788 2355 1641 2502 
1911 1788 2355 1641 2502 1789 2356 1642 2503 
1912 1789 2356 1642 2503 1354 1381 1347 1388 
1913 391 336 359 333 2945 1790 2273 1727 
1914 2945 1790 2273 1727 2946 1791 2274 1728 
1915 2946 1791 2274 1728 2947 1792 2275 1729 
1916 2947 1792 2275 1729 2948 1793 2276 1730 
1917 2948 1793 2276 1730 2949 1794 2277 1731 
1918 2949 1794 2277 1731 2950 1795 2278 1732 
1919 2950 1795 2278 1732 2951 1796 2279 1733 
1920 2951 1796 2279 1733 2952 1797 2280 1734 
1921 2952 1797 2280 1734 2953 1798 2281 1735 
1922 2953 1798 2281 1735 2954 1799 2282 1736 
1923 2954 1799 2282 1736 2955 1800 2283 1737 
1924 2955 1800 2283 1737 2956 1801 2284 1738 
1925 2956 1801 2284 1738 2957 1802 2285 1739 
1926 2957 1802 2285 1739 2958 1803 2286 1740 
1927 2958 1803 2286 1740 2959 1804 2287 1741 
1928 2959 1804 2287 1741 2960 1805 2288 1742 
1929 2960 1805 2288 1742 2961 1806 2289 1743 
1930 2961 1806 2289 1743 2962 1807 2290 1744 
1931 2962 1807 2290 1744 2963 1808 2291 1745 
1932 2963 1808 2291 1745 2964 1809 2292 1746 
1933 2964 1809 2292 1746 2965 1810 2293 1747 
1934 2965 1810 2293 1747 1410 1355 1378 1352 
1935 321 363 327 345 1475 2357 1601 1979 
1936 1475 2357 1601 1979 1476 2358 1602 1980 
1937 1476 2358 1602 1980 1477 2359 1603 1981 
1938 1477 2359 1603 1981 1478 2360 1604 1982 
1939 1478 2360 1604 1982 1479 2361 1605 1983 
1940 1479 2361 1605 1983 1480 2362 1606 1984 
1941 1480 2362 1606 1984 1481 2363 1607 1985 
1942 1481 2363 1607 1985 1482 2364 1608 1986 
1943 1482 2364 1608 1986 1483 2365 1609 1987 
1944 1483 2365 1609 1987 1484 2366 1610 1988 
1945 1484 2366 1610 1988 1485 2367 1611 1989 
1946 1485 2367 1611 1989 1486 2368 1612 1990 
1947 1486 2368 1612 1990 1487 2369 1613 1991 
1948 1487 2369 1613 1991 1488 2370 1614 1992 
1949 1488 2370 1614 1992 1489 2371 1615 1993 
1950 1489 2371 1615 1993 1490 2372 1616 1994 
1951 1490 2372 1616 1994 1491 2373 1617 1995 
1952 1491 2373 1617 1995 1492 2374 1618 1996 
1953 1492 2374 1618 1996 1493 2375 1619 1997 
1954 1493 2375 1619 1997 1494 2376 1620 1998 
1955 1494 2376 1620 1998 1495 2377 1621 1999 
1956 1495 2377 1621 1999 1340 1382 1346 1364 
1957 25 24 352 360 498 477 2126 2294 
1958 498 477 2126 2294 499 478 2127 2295 
1959 499 478 2127 2295 500 479 2128 2296 
1960 500 479 2128 2296 501 480 2129 2297 
1961 501 480 2129 2297 502 481 2130 2298 
1962 502 481 2130 2298 503 482 2131 2299 
1963 503 482 2131 2299 504 483 2132 2300 
1964 504 483 2132 2300 505 484 2133 2301 
1965 505 484 2133 2301 506 485 2134 2302 
1966 506 485 2134 2302 507 486 2135 2303 
1967 507 486 2135 2303 508 487 2136 2304 
1968 508 487 2136 2304 509 488 2137 2305 
1969 509 488 2137 2305 510 489 2138 2306 
1970 510 489 2138 2306 511 490 2139 2307 
1971 511 490 2139 2307 512 491 2140 2308 
1972 512 491 2140 2308 513 492 2141 2309 
1973 513 492 2141 2309 514 493 2142 2310 
1974 514 493 2142 2310 515 494 2143 2311 
1975 515 494 2143 2311 516 495 2144 2312 
1976 516 495 2144 2312 517 496 2145 2313 
1977 517 496 2145 2313 518 497 2146 2314 
1978 518 497 2146 2314 111 110 1371 1379 
1979 403 48 322 338 3197 981 1496 1832 
1980 3197 981 1496 1832 3198 982 1497 1833 
1981 3198 982 1497 1833 3199 983 1498 1834 
1982 3199 983 1498 1834 3200 984 1499 1835 
1983 3200 984 1499 1835 3201 985 1500 1836 
1984 3201 985 1500 1836 3202 986 1501 1837 
1985 3202 986 1501 1837 3203 987 1502 1838 
1986 3203 987 1502 1838 3204 988 1503 1839 
1987 3204 988 1503 1839 3205 989 1504 1840 
1988 3205 989 1504 1840 3206 990 1505 1841 
1989 3206 990 1505 1841 3207 991 1506 1842 
1990 3207 991 1506 1842 3208 992 1507 1843 
1991 3208 992 1507 1843 3209 993 1508 1844 
1992 3209 993 1508 1844 3210 994 1509 1845 
1993 3210 994 1509 1845 3211 995 1510 1846 
1994 3211 995 1510 1846 3212 996 1511 1847 
1995 3212 996 1511 1847 3213 997 1512 1848 
1996 3213 997 1512 1848 3214 998 1513 1849 
1997 3214 998 1513 1849 3215 999 1514 1850 
1998 3215 999 1514 1850 3216 1000 1515 1851 
1999 3216 1000 1515 1851 3217 1001 1516 1852 
2000 3217 1001 1516 1852 1422 281 1341 1357 
2001 34 35 392 349 687 708 2966 2063 
2002 687 708 2966 2063 688 709 2967 2064 
2003 688 709 2967 2064 689 710 2968 2065 
2004 689 710 2968 2065 690 711 2969 2066 
2005 690 711 2969 2066 691 712 2970 2067 
2006 691 712 2970 2067 692 713 2971 2068 
2007 692 713 2971 2068 693 714 2972 2069 
2008 693 714 2972 2069 694 715 2973 2070 
2009 694 715 2973 2070 695 716 2974 2071 
2010 695 716 2974 2071 696 717 2975 2072 
2011 696 717 2975 2072 697 718 2976 2073 
2012 697 718 2976 2073 698 719 2977 2074 
2013 698 719 2977 2074 699 720 2978 2075 
2014 699 720 2978 2075 700 721 2979 2076 
2015 700 721 2979 2076 701 722 2980 2077 
2016 701 722 2980 2077 702 723 2981 2078 
2017 702 723 2981 2078 703 724 2982 2079 
2018 703 724 2982 2079 704 725 2983 2080 
2019 704 725 2983 2080 705 726 2984 2081 
2020 705 726 2984 2081 706 727 2985 2082 
2021 706 727 2985 2082 707 728 2986 2083 
2022 707 728 2986 2083 183 184 1411 1368 
2023 385 379 46 45 2819 2693 939 918 
2024 2819 2693 939 918 2820 2694 940 919 
2025 2820 2694 940 919 2821 2695 941 920 
2026 2821 2695 941 920 2822 2696 942 921 
2027 2822 2696 942 921 2823 2697 943 922 
2028 2823 2697 943 922 2824 2698 944 923 
2029 2824 2698 944 923 2825 2699 945 924 
2030 2825 2699 945 924 2826 2700 946 925 
2031 2826 2700 946 925 2827 2701 947 926 
2032 2827 2701 947 926 2828 2702 948 927 
2033 2828 2702 948 927 2829 2703 949 928 
2034 2829 2703 949 928 2830 2704 950 929 
2035 2830 2704 950 929 2831 2705 951 930 
2036 2831 2705 951 930 2832 2706 952 931 
2037 2832 2706 952 931 2833 2707 953 932 
2038 2833 2707 953 932 2834 2708 954 933 
2039 2834 2708 954 933 2835 2709 955 934 
2040 2835 2709 955 934 2836 2710 956 935 
2041 2836 2710 956 935 2837 2711 957 936 
2042 2837 2711 957 936 2838 2712 958 937 
2043 2838 2712 958 937 2839 2713 959 938 
2044 2839 2713 959 938 1404 1398 237 236 
2045 326 346 387 329 1580 2000 2861 1643 
2046 1580 2000 2861 1643 1581 2001 2862 1644 
2047 1581 2001 2862 1644 1582 2002 2863 1645 
2048 1582 2002 2863 1645 1583 2003 2864 1646 
2049 1583 2003 2864 1646 1584 2004 2865 1647 
2050 1584 2004 2865 1647 1585 2005 2866 1648 
2051 1585 2005 2866 1648 1586 2006 2867 1649 
2052 1586 2006 2867 1649 1587 2007 2868 1650 
2053 1587 2007 2868 1650 1588 2008 2869 1651 
2054 1588 2008 2869 1651 1589 2009 2870 1652 
2055 1589 2009 2870 1652 1590 2010 2871 1653 
2056 1590 2010 2871 1653 1591 2011 2872 1654 
2057 1591 2011 2872 1654 1592 2012 2873 1655 
2058 1592 2012 2873 1655 1593 2013 2874 1656 
2059 1593 2013 2874 1656 1594 2014 2875 1657 
2060 1594 2014 2875 1657 1595 2015 2876 1658 
2061 1595 2015 2876 1658 1596 2016 2877 1659 
2062 1596 2016 2877 1659 1597 2017 2878 1660 
2063 1597 2017 2878 1660 1598 2018 2879 1661 
2064 1598 2018 2879 1661 1599 2019 2880 1662 
2065 1599 2019 2880 1662 1600 2020 2881 1663 
2066 1600 2020 2881 1663 1345 1365 1406 1348 
2067 22 21 1 378 435 414 65 2672 
2068 435 414 65 2672 436 415 66 2673 
2069 436 415 66 2673 437 416 67 2674 
2070 437 416 67 2674 438 417 68 2675 
2071 438 417 68 2675 439 418 69 2676 
2072 439 418 69 2676 440 419 70 2677 
2073 440 419 70 2677 441 420 71 2678 
2074 441 420 71 2678 442 421 72 2679 
2075 442 421 72 2679 443 422 73 2680 
2076 443 422 73 2680 444 423 74 2681 
2077 444 423 74 2681 445 424 75 2682 
2078 445 424 75 2682 446 425 76 2683 
2079 446 425 76 2683 447 426 77 2684 
2080 447 426 77 2684 448 427 78 2685 
2081 448 427 78 2685 449 428 79 2686 
2082 449 428 79 2686 450 429 80 2687 
2083 450 429 80 2687 451 430 81 2688 
2084 451 430 81 2688 452 431 82 2689 
2085 452 431 82 2689 453 432 83 2690 
2086 453 432 83 2690 454 433 84 2691 
2087 454 433 84 2691 455 434 85 2692 
2088 455 434 85 2692 108 107 11 1397 
2089 36 5 46 379 729 160 939 2693 
2090 729 160 939 2693 730 161 940 2694 
2091 730 161 940 2694 731 162 941 2695 
2092 731 162 941 2695 732 163 942 2696 
2093 732 163 942 2696 733 164 943 2697 
2094 733 164 943 2697 734 165 944 2698 
2095 734 165 944 2698 735 166 945 2699 
2096 735 166 945 2699 736 167 946 2700 
2097 736 167 946 2700 737 168 947 2701 
2098 737 168 947 2701 738 169 948 2702 
2099 738 169 948 2702 739 170 949 2703 
2100 739 170 949 2703 740 171 950 2704 
2101 740 171 950 2704 741 172 951 2705 
2102 741 172 951 2705 742 173 952 2706 
2103 742 173 952 2706 743 174 953 2707 
2104 743 174 953 2707 744 175 954 2708 
2105 744 175 954 2708 745 176 955 2709 
2106 745 176 955 2709 746 177 956 2710 
2107 746 177 956 2710 747 178 957 2711 
2108 747 178 957 2711 748 179 958 2712 
2109 748 179 958 2712 749 180 959 2713 
2110 749 180 959 2713 185 15 237 1398 
2111 62 346 366 61 1275 2000 2420 1254 
2112 1275 2000 2420 1254 1276 2001 2421 1255 
2113 1276 2001 2421 1255 1277 2002 2422 1256 
2114 1277 2002 2422 1256 1278 2003 2423 1257 
2115 1278 2003 2423 1257 1279 2004 2424 1258 
2116 1279 2004 2424 1258 1280 2005 2425 1259 
2117 1280 2005 2425 1259 1281 2006 2426 1260 
2118 1281 2006 2426 1260 1282 2007 2427 1261 
2119 1282 2007 2427 1261 1283 2008 2428 1262 
2120 1283 2008 2428 1262 1284 2009 2429 1263 
2121 1284 2009 2429 1263 1285 2010 2430 1264 
2122 1285 2010 2430 1264 1286 2011 2431 1265 
2123 1286 2011 2431 1265 1287 2012 2432 1266 
2124 1287 2012 2432 1266 1288 2013 2433 1267 
2125 1288 2013 2433 1267 1289 2014 2434 1268 
2126 1289 2014 2434 1268 1290 2015 2435 1269 
2127 1290 2015 2435 1269 1291 2016 2436 1270 
2128 1291 2016 2436 1270 1292 2017 2437 1271 
2129 1292 2017 2437 1271 1293 2018 2438 1272 
2130 1293 2018 2438 1272 1294 2019 2439 1273 
2131 1294 2019 2439 1273 1295 2020 2440 1274 
2132 1295 2020 2440 1274 316 1365 1385 315 
2133 350 402 30 3 2084 3176 603 112 
2134 2084 3176 603 112 2085 3177 604 113 
2135 2085 3177 604 113 2086 3178 605 114 
2136 2086 3178 605 114 2087 3179 606 115 
2137 2087 3179 606 115 2088 3180 607 116 
2138 2088 3180 607 116 2089 3181 608 117 
2139 2089 3181 608 117 2090 3182 609 118 
2140 2090 3182 609 118 2091 3183 610 119 
2141 2091 3183 610 119 2092 3184 611 120 
2142 2092 3184 611 120 2093 3185 612 121 
2143 2093 3185 612 121 2094 3186 613 122 
2144 2094 3186 613 122 2095 3187 614 123 
2145 2095 3187 614 123 2096 3188 615 124 
2146 2096 3188 615 124 2097 3189 616 125 
2147 2097 3189 616 125 2098 3190 617 126 
2148 2098 3190 617 126 2099 3191 618 127 
2149 2099 3191 618 127 2100 3192 619 128 
2150 2100 3192 619 128 2101 3193 620 129 
2151 2101 3193 620 129 2102 3194 621 130 
2152 2102 3194 621 130 2103 3195 622 131 
2153 2103 3195 622 131 2104 3196 623 132 
2154 2104 3196 623 132 1369 1421 137 13 
2155 27 28 397 348 540 561 3071 2042 
2156 540 561 3071 2042 541 562 3072 2043 
2157 541 562 3072 2043 542 563 3073 2044 
2158 542 563 3073 2044 543 564 3074 2045 
2159 543 564 3074 2045 544 565 3075 2046 
2160 544 565 3075 2046 545 566 3076 2047 
2161 545 566 3076 2047 546 567 3077 2048 
2162 546 567 3077 2048 547 568 3078 2049 
2163 547 568 3078 2049 548 569 3079 2050 
2164 548 569 3079 2050 549 570 3080 2051 
2165 549 570 3080 2051 550 571 3081 2052 
2166 550 571 3081 2052 551 572 3082 2053 
2167 551 572 3082 2053 552 573 3083 2054 
2168 552 573 3083 2054 553 574 3084 2055 
2169 553 574 3084 2055 554 575 3085 2056 
2170 554 575 3085 2056 555 576 3086 2057 
2171 555 576 3086 2057 556 577 3087 2058 
2172 556 577 3087 2058 557 578 3088 2059 
2173 557 578 3088 2059 558 579 3089 2060 
2174 558 579 3089 2060 559 580 3090 2061 
2175 559 580 3090 2061 560 581 3091 2062 
2176 560 581 3091 2062 134 135 1416 1367 
2177 353 383 52 51 2147 2777 1065 1044 
2178 2147 2777 1065 1044 2148 2778 1066 1045 
2179 2148 2778 1066 1045 2149 2779 1067 1046 
2180 2149 2779 1067 1046 2150 2780 1068 1047 
2181 2150 2780 1068 1047 2151 2781 1069 1048 
2182 2151 2781 1069 1048 2152 2782 1070 1049 
2183 2152 2782 1070 1049 2153 2783 1071 1050 
2184 2153 2783 1071 1050 2154 2784 1072 1051 
2185 2154 2784 1072 1051 2155 2785 1073 1052 
2186 2155 2785 1073 1052 2156 2786 1074 1053 
2187 2156 2786 1074 1053 2157 2787 1075 1054 
2188 2157 2787 1075 1054 2158 2788 1076 1055 
2189 2158 2788 1076 1055 2159 2789 1077 1056 
2190 2159 2789 1077 1056 2160 2790 1078 1057 
2191 2160 2790 1078 1057 2161 2791 1079 1058 
2192 2161 2791 1079 1058 2162 2792 1080 1059 
2193 2162 2792 1080 1059 2163 2793 1081 1060 
2194 2163 2793 1081 1060 2164 2794 1082 1061 
2195 2164 2794 1082 1061 2165 2795 1083 1062 
2196 2165 2795 1083 1062 2166 2796 1084 1063 
2197 2166 2796 1084 1063 2167 2797 1085 1064 
2198 2167 2797 1085 1064 1372 1402 285 284 
2199 355 53 52 383 2189 1086 1065 2777 
2200 2189 1086 1065 2777 2190 1087 1066 2778 
2201 2190 1087 1066 2778 2191 1088 1067 2779 
2202 2191 1088 1067 2779 2192 1089 1068 2780 
2203 2192 1089 1068 2780 2193 1090 1069 2781 
2204 2193 1090 1069 2781 2194 1091 1070 2782 
2205 2194 1091 1070 2782 2195 1092 1071 2783 
2206 2195 1092 1071 2783 2196 1093 1072 2784 
2207 2196 1093 1072 2784 2197 1094 1073 2785 
2208 2197 1094 1073 2785 2198 1095 1074 2786 
2209 2198 1095 1074 2786 2199 1096 1075 2787 
2210 2199 1096 1075 2787 2200 1097 1076 2788 
2211 2200 1097 1076 2788 2201 1098 1077 2789 
2212 2201 1098 1077 2789 2202 1099 1078 2790 
2213 2202 1099 1078 2790 2203 1100 1079 2791 
2214 2203 1100 1079 2791 2204 1101 1080 2792 
2215 2204 1101 1080 2792 2205 1102 1081 2793 
2216 2205 1102 1081 2793 2206 1103 1082 2794 
2217 2206 1103 1082 2794 2207 1104 1083 2795 
2218 2207 1104 1083 2795 2208 1105 1084 2796 
2219 2208 1105 1084 2796 2209 1106 1085 2797 
2220 2209 1106 1085 2797 1374 286 285 1402 
2221 353 51 50 384 2147 1044 1023 2798 
2222 2147 1044 1023 2798 2148 1045 1024 2799 
2223 2148 1045 1024 2799 2149 1046 1025 2800 
2224 2149 1046 1025 2800 2150 1047 1026 2801 
2225 2150 1047 1026 2801 2151 1048 1027 2802 
2226 2151 1048 1027 2802 2152 1049 1028 2803 
2227 2152 1049 1028 2803 2153 1050 1029 2804 
2228 2153 1050 1029 2804 2154 1051 1030 2805 
2229 2154 1051 1030 2805 2155 1052 1031 2806 
2230 2155 1052 1031 2806 2156 1053 1032 2807 
2231 2156 1053 1032 2807 2157 1054 1033 2808 
2232 2157 1054 1033 2808 2158 1055 1034 2809 
2233 2158 1055 1034 2809 2159 1056 1035 2810 
2234 2159 1056 1035 2810 2160 1057 1036 2811 
2235 2160 1057 1036 2811 2161 1058 1037 2812 
2236 2161 1058 1037 2812 2162 1059 1038 2813 
2237 2162 1059 1038 2813 2163 1060 1039 2814 
2238 2163 1060 1039 2814 2164 1061 1040 2815 
2239 2164 1061 1040 2815 2165 1062 1041 2816 
2240 2165 1062 1041 2816 2166 1063 1042 2817 
2241 2166 1063 1042 2817 2167 1064 1043 2818 
2242 2167 1064 1043 2818 1372 284 283 1403 
2243 354 384 50 49 2168 2798 1023 1002 
2244 2168 2798 1023 1002 2169 2799 1024 1003 
2245 2169 2799 1024 1003 2170 2800 1025 1004 
2246 2170 2800 1025 1004 2171 2801 1026 1005 
2247 2171 2801 1026 1005 2172 2802 1027 1006 
2248 2172 2802 1027 1006 2173 2803 1028 1007 
2249 2173 2803 1028 1007 2174 2804 1029 1008 
2250 2174 2804 1029 1008 2175 2805 1030 1009 
2251 2175 2805 1030 1009 2176 2806 1031 1010 
2252 2176 2806 1031 1010 2177 2807 1032 1011 
2253 2177 2807 1032 1011 2178 2808 1033 1012 
2254 2178 2808 1033 1012 2179 2809 1034 1013 
2255 2179 2809 1034 1013 2180 2810 1035 1014 
2256 2180 2810 1035 1014 2181 2811 1036 1015 
2257 2181 2811 1036 1015 2182 2812 1037 1016 
2258 2182 2812 1037 1016 2183 2813 1038 1017 
2259 2183 2813 1038 1017 2184 2814 1039 1018 
2260 2184 2814 1039 1018 2185 2815 1040 1019 
2261 2185 2815 1040 1019 2186 2816 1041 1020 
2262 2186 2816 1041 1020 2187 2817 1042 1021 
2263 2187 2817 1042 1021 2188 2818 1043 1022 
2264 2188 2818 1043 1022 1373 1403 283 282 
2265 47 340 370 329 960 1874 2504 1643 
2266 960 1874 2504 1643 961 1875 2505 1644 
2267 961 1875 2505 1644 962 1876 2506 1645 
2268 962 1876 2506 1645 963 1877 2507 1646 
2269 963 1877 2507 1646 964 1878 2508 1647 
2270 964 1878 2508 1647 965 1879 2509 1648 
2271 965 1879 2509 1648 966 1880 2510 1649 
2272 966 1880 2510 1649 967 1881 2511 1650 
2273 967 1881 2511 1650 968 1882 2512 1651 
2274 968 1882 2512 1651 969 1883 2513 1652 
2275 969 1883 2513 1652 970 1884 2514 1653 
2276 970 1884 2514 1653 971 1885 2515 1654 
2277 971 1885 2515 1654 972 1886 2516 1655 
2278 972 1886 2516 1655 973 1887 2517 1656 
2279 973 1887 2517 1656 974 1888 2518 1657 
2280 974 1888 2518 1657 975 1889 2519 1658 
2281 975 1889 2519 1658 976 1890 2520 1659 
2282 976 1890 2520 1659 977 1891 2521 1660 
2283 977 1891 2521 1660 978 1892 2522 1661 
2284 978 1892 2522 1661 979 1893 2523 1662 
2285 979 1893 2523 1662 980 1894 2524 1663 
2286 980 1894 2524 1663 259 1359 1389 1348 
2287 324 338 394 376 1538 1832 3008 2630 
2288 1538 1832 3008 2630 1539 1833 3009 2631 
2289 1539 1833 3009 2631 1540 1834 3010 2632 
2290 1540 1834 3010 2632 1541 1835 3011 2633 
2291 1541 1835 3011 2633 1542 1836 3012 2634 
2292 1542 1836 3012 2634 1543 1837 3013 2635 
2293 1543 1837 3013 2635 1544 1838 3014 2636 
2294 1544 1838 3014 2636 1545 1839 3015 2637 
2295 1545 1839 3015 2637 1546 1840 3016 2638 
2296 1546 1840 3016 2638 1547 1841 3017 2639 
2297 1547 1841 3017 2639 1548 1842 3018 2640 
2298 1548 1842 3018 2640 1549 1843 3019 2641 
2299 1549 1843 3019 2641 1550 1844 3020 2642 
2300 1550 1844 3020 2642 1551 1845 3021 2643 
2301 1551 1845 3021 2643 1552 1846 3022 2644 
2302 1552 1846 3022 2644 1553 1847 3023 2645 
2303 1553 1847 3023 2645 1554 1848 3024 2646 
2304 1554 1848 3024 2646 1555 1849 3025 2647 
2305 1555 1849 3025 2647 1556 1850 3026 2648 
2306 1556 1850 3026 2648 1557 1851 3027 2649 
2307 1557 1851 3027 2649 1558 1852 3028 2650 
2308 1558 1852 3028 2650 1343 1357 1413 1395 
2309 361 351 44 43 2315 2105 897 876 
2310 2315 2105 897 876 2316 2106 898 877 
2311 2316 2106 898 877 2317 2107 899 878 
2312 2317 2107 899 878 2318 2108 900 879 
2313 2318 2108 900 879 2319 2109 901 880 
2314 2319 2109 901 880 2320 2110 902 881 
2315 2320 2110 902 881 2321 2111 903 882 
2316 2321 2111 903 882 2322 2112 904 883 
2317 2322 2112 904 883 2323 2113 905 884 
2318 2323 2113 905 884 2324 2114 906 885 
2319 2324 2114 906 885 2325 2115 907 886 
2320 2325 2115 907 886 2326 2116 908 887 
2321 2326 2116 908 887 2327 2117 909 888 
2322 2327 2117 909 888 2328 2118 910 889 
2323 2328 2118 910 889 2329 2119 911 890 
2324 2329 2119 911 890 2330 2120 912 891 
2325 2330 2120 912 891 2331 2121 913 892 
2326 2331 2121 913 892 2332 2122 914 893 
2327 2332 2122 914 893 2333 2123 915 894 
2328 2333 2123 915 894 2334 2124 916 895 
2329 2334 2124 916 895 2335 2125 917 896 
2330 2335 2125 917 896 1380 1370 235 234 
2331 389 326 329 370 2903 1580 1643 2504 
2332 2903 1580 1643 2504 2904 1581 1644 2505 
2333 2904 1581 1644 2505 2905 1582 1645 2506 
2334 2905 1582 1645 2506 2906 1583 1646 2507 
2335 2906 1583 1646 2507 2907 1584 1647 2508 
2336 2907 1584 1647 2508 2908 1585 1648 2509 
2337 2908 1585 1648 2509 2909 1586 1649 2510 
2338 2909 1586 1649 2510 2910 1587 1650 2511 
2339 2910 1587 1650 2511 2911 1588 1651 2512 
2340 2911 1588 1651 2512 2912 1589 1652 2513 
2341 2912 1589 1652 2513 2913 1590 1653 2514 
2342 2913 1590 1653 2514 2914 1591 1654 2515 
2343 2914 1591 1654 2515 2915 1592 1655 2516 
2344 2915 1592 1655 2516 2916 1593 1656 2517 
2345 2916 1593 1656 2517 2917 1594 1657 2518 
2346 2917 1594 1657 2518 2918 1595 1658 2519 
2347 2918 1595 1658 2519 2919 1596 1659 2520 
2348 2919 1596 1659 2520 2920 1597 1660 2521 
2349 2920 1597 1660 2521 2921 1598 1661 2522 
2350 2921 1598 1661 2522 2922 1599 1662 2523 
2351 2922 1599 1662 2523 2923 1600 1663 2524 
2352 2923 1600 1663 2524 1408 1345 1348 1389 
2353 338 324 361 403 1832 1538 2315 3197 
2354 1832 1538 2315 3197 1833 1539 2316 3198 
2355 1833 1539 2316 3198 1834 1540 2317 3199 
2356 1834 1540 2317 3199 1835 1541 2318 3200 
2357 1835 1541 2318 3200 1836 1542 2319 3201 
2358 1836 1542 2319 3201 1837 1543 2320 3202 
2359 1837 1543 2320 3202 1838 1544 2321 3203 
2360 1838 1544 2321 3203 1839 1545 2322 3204 
2361 1839 1545 2322 3204 1840 1546 2323 3205 
2362 1840 1546 2323 3205 1841 1547 2324 3206 
2363 1841 1547 2324 3206 1842 1548 2325 3207 
2364 1842 1548 2325 3207 1843 1549 2326 3208 
2365 1843 1549 2326 3208 1844 1550 2327 3209 
2366 1844 1550 2327 3209 1845 1551 2328 3210 
2367 1845 1551 2328 3210 1846 1552 2329 3211 
2368 1846 1552 2329 3211 1847 1553 2330 3212 
2369 1847 1553 2330 3212 1848 1554 2331 3213 
2370 1848 1554 2331 3213 1849 1555 2332 3214 
2371 1849 1555 2332 3214 1850 1556 2333 3215 
2372 1850 1556 2333 3215 1851 1557 2334 3216 
2373 1851 1557 2334 3216 1852 1558 2335 3217 
2374 1852 1558 2335 3217 1357 1343 1380 1422 
2375 64 364 387 63 1317 2378 2861 1296 
2376 1317 2378 2861 1296 1318 2379 2862 1297 
2377 1318 2379 2862 1297 1319 2380 2863 1298 
2378 1319 2380 2863 1298 1320 2381 2864 1299 
2379 1320 2381 2864 1299 1321 2382 2865 1300 
2380 1321 2382 2865 1300 1322 2383 2866 1301 
2381 1322 2383 2866 1301 1323 2384 2867 1302 
2382 1323 2384 2867 1302 1324 2385 2868 1303 
2383 1324 2385 2868 1303 1325 2386 2869 1304 
2384 1325 2386 2869 1304 1326 2387 2870 1305 
2385 1326 2387 2870 1305 1327 2388 2871 1306 
2386 1327 2388 2871 1306 1328 2389 2872 1307 
2387 1328 2389 2872 1307 1329 2390 2873 1308 
2388 1329 2390 2873 1308 1330 2391 2874 1309 
2389 1330 2391 2874 1309 1331 2392 2875 1310 
2390 1331 2392 2875 1310 1332 2393 2876 1311 
2391 1332 2393 2876 1311 1333 2394 2877 1312 
2392 1333 2394 2877 1312 1334 2395 2878 1313 
2393 1334 2395 2878 1313 1335 2396 2879 1314 
2394 1335 2396 2879 1314 1336 2397 2880 1315 
2395 1336 2397 2880 1315 1337 2398 2881 1316 
2396 1337 2398 2881 1316 318 1383 1406 317 
2397 349 358 33 34 2063 2252 666 687 
2398 2063 2252 666 687 2064 2253 667 688 
2399 2064 2253 667 688 2065 2254 668 689 
2400 2065 2254 668 689 2066 2255 669 690 
2401 2066 2255 669 690 2067 2256 670 691 
2402 2067 2256 670 691 2068 2257 671 692 
2403 2068 2257 671 692 2069 2258 672 693 
2404 2069 2258 672 693 2070 2259 673 694 
2405 2070 2259 673 694 2071 2260 674 695 
2406 2071 2260 674 695 2072 2261 675 696 
2407 2072 2261 675 696 2073 2262 676 697 
2408 2073 2262 676 697 2074 2263 677 698 
2409 2074 2263 677 698 2075 2264 678 699 
2410 2075 2264 678 699 2076 2265 679 700 
2411 2076 2265 679 700 2077 2266 680 701 
2412 2077 2266 680 701 2078 2267 681 702 
2413 2078 2267 681 702 2079 2268 682 703 
2414 2079 2268 682 703 2080 2269 683 704 
2415 2080 2269 683 704 2081 2270 684 705 
2416 2081 2270 684 705 2082 2271 685 706 
2417 2082 2271 685 706 2083 2272 686 707 
2418 2083 2272 686 707 1368 1377 182 183 
2419 353 384 354 54 2147 2798 2168 1107 
2420 2147 2798 2168 1107 2148 2799 2169 1108 
2421 2148 2799 2169 1108 2149 2800 2170 1109 
2422 2149 2800 2170 1109 2150 2801 2171 1110 
2423 2150 2801 2171 1110 2151 2802 2172 1111 
2424 2151 2802 2172 1111 2152 2803 2173 1112 
2425 2152 2803 2173 1112 2153 2804 2174 1113 
2426 2153 2804 2174 1113 2154 2805 2175 1114 
2427 2154 2805 2175 1114 2155 2806 2176 1115 
2428 2155 2806 2176 1115 2156 2807 2177 1116 
2429 2156 2807 2177 1116 2157 2808 2178 1117 
2430 2157 2808 2178 1117 2158 2809 2179 1118 
2431 2158 2809 2179 1118 2159 2810 2180 1119 
2432 2159 2810 2180 1119 2160 2811 2181 1120 
2433 2160 2811 2181 1120 2161 2812 2182 1121 
2434 2161 2812 2182 1121 2162 2813 2183 1122 
2435 2162 2813 2183 1122 2163 2814 2184 1123 
2436 2163 2814 2184 1123 2164 2815 2185 1124 
2437 2164 2815 2185 1124 2165 2816 2186 1125 
2438 2165 2816 2186 1125 2166 2817 2187 1126 
2439 2166 2817 2187 1126 2167 2818 2188 1127 
2440 2167 2818 2188 1127 1372 1403 1373 308 
2441 56 355 383 55 1149 2189 2777 1128 
2442 1149 2189 2777 1128 1150 2190 2778 1129 
2443 1150 2190 2778 1129 1151 2191 2779 1130 
2444 1151 2191 2779 1130 1152 2192 2780 1131 
2445 1152 2192 2780 1131 1153 2193 2781 1132 
2446 1153 2193 2781 1132 1154 2194 2782 1133 
2447 1154 2194 2782 1133 1155 2195 2783 1134 
2448 1155 2195 2783 1134 1156 2196 2784 1135 
2449 1156 2196 2784 1135 1157 2197 2785 1136 
2450 1157 2197 2785 1136 1158 2198 2786 1137 
2451 1158 2198 2786 1137 1159 2199 2787 1138 
2452 1159 2199 2787 1138 1160 2200 2788 1139 
2453 1160 2200 2788 1139 1161 2201 2789 1140 
2454 1161 2201 2789 1140 1162 2202 2790 1141 
2455 1162 2202 2790 1141 1163 2203 2791 1142 
2456 1163 2203 2791 1142 1164 2204 2792 1143 
2457 1164 2204 2792 1143 1165 2205 2793 1144 
2458 1165 2205 2793 1144 1166 2206 2794 1145 
2459 1166 2206 2794 1145 1167 2207 2795 1146 
2460 1167 2207 2795 1146 1168 2208 2796 1147 
2461 1168 2208 2796 1147 1169 2209 2797 1148 
2462 1169 2209 2797 1148 310 1374 1402 309 
2463 54 55 383 353 1107 1128 2777 2147 
2464 1107 1128 2777 2147 1108 1129 2778 2148 
2465 1108 1129 2778 2148 1109 1130 2779 2149 
2466 1109 1130 2779 2149 1110 1131 2780 2150 
2467 1110 1131 2780 2150 1111 1132 2781 2151 
2468 1111 1132 2781 2151 1112 1133 2782 2152 
2469 1112 1133 2782 2152 1113 1134 2783 2153 
2470 1113 1134 2783 2153 1114 1135 2784 2154 
2471 1114 1135 2784 2154 1115 1136 2785 2155 
2472 1115 1136 2785 2155 1116 1137 2786 2156 
2473 1116 1137 2786 2156 1117 1138 2787 2157 
2474 1117 1138 2787 2157 1118 1139 2788 2158 
2475 1118 1139 2788 2158 1119 1140 2789 2159 
2476 1119 1140 2789 2159 1120 1141 2790 2160 
2477 1120 1141 2790 2160 1121 1142 2791 2161 
2478 1121 1142 2791 2161 1122 1143 2792 2162 
2479 1122 1143 2792 2162 1123 1144 2793 2163 
2480 1123 1144 2793 2163 1124 1145 2794 2164 
2481 1124 1145 2794 2164 1125 1146 2795 2165 
2482 1125 1146 2795 2165 1126 1147 2796 2166 
2483 1126 1147 2796 2166 1127 1148 2797 2167 
2484 1127 1148 2797 2167 308 309 1402 1372 
2485 365 58 59 372 2399 1191 1212 2546 
2486 2399 1191 1212 2546 2400 1192 1213 2547 
2487 2400 1192 1213 2547 2401 1193 1214 2548 
2488 2401 1193 1214 2548 2402 1194 1215 2549 
2489 2402 1194 1215 2549 2403 1195 1216 2550 
2490 2403 1195 1216 2550 2404 1196 1217 2551 
2491 2404 1196 1217 2551 2405 1197 1218 2552 
2492 2405 1197 1218 2552 2406 1198 1219 2553 
2493 2406 1198 1219 2553 2407 1199 1220 2554 
2494 2407 1199 1220 2554 2408 1200 1221 2555 
2495 2408 1200 1221 2555 2409 1201 1222 2556 
2496 2409 1201 1222 2556 2410 1202 1223 2557 
2497 2410 1202 1223 2557 2411 1203 1224 2558 
2498 2411 1203 1224 2558 2412 1204 1225 2559 
2499 2412 1204 1225 2559 2413 1205 1226 2560 
2500 2413 1205 1226 2560 2414 1206 1227 2561 
2501 2414 1206 1227 2561 2415 1207 1228 2562 
2502 2415 1207 1228 2562 2416 1208 1229 2563 
2503 2416 1208 1229 2563 2417 1209 1230 2564 
2504 2417 1209 1230 2564 2418 1210 1231 2565 
2505 2418 1210 1231 2565 2419 1211 1232 2566 
2506 2419 1211 1232 2566 1384 312 313 1391 
2507 396 331 374 357 3050 1685 2588 2231 
2508 3050 1685 2588 2231 3051 1686 2589 2232 
2509 3051 1686 2589 2232 3052 1687 2590 2233 
2510 3052 1687 2590 2233 3053 1688 2591 2234 
2511 3053 1688 2591 2234 3054 1689 2592 2235 
2512 3054 1689 2592 2235 3055 1690 2593 2236 
2513 3055 1690 2593 2236 3056 1691 2594 2237 
2514 3056 1691 2594 2237 3057 1692 2595 2238 
2515 3057 1692 2595 2238 3058 1693 2596 2239 
2516 3058 1693 2596 2239 3059 1694 2597 2240 
2517 3059 1694 2597 2240 3060 1695 2598 2241 
2518 3060 1695 2598 2241 3061 1696 2599 2242 
2519 3061 1696 2599 2242 3062 1697 2600 2243 
2520 3062 1697 2600 2243 3063 1698 2601 2244 
2521 3063 1698 2601 2244 3064 1699 2602 2245 
2522 3064 1699 2602 2245 3065 1700 2603 2246 
2523 3065 1700 2603 2246 3066 1701 2604 2247 
2524 3066 1701 2604 2247 3067 1702 2605 2248 
2525 3067 1702 2605 2248 3068 1703 2606 2249 
2526 3068 1703 2606 2249 3069 1704 2607 2250 
2527 3069 1704 2607 2250 3070 1705 2608 2251 
2528 3070 1705 2608 2251 1415 1350 1393 1376 
2529 368 334 409 337 2462 1748 3323 1811 
2530 2462 1748 3323 1811 2463 1749 3324 1812 
2531 2463 1749 3324 1812 2464 1750 3325 1813 
2532 2464 1750 3325 1813 2465 1751 3326 1814 
2533 2465 1751 3326 1814 2466 1752 3327 1815 
2534 2466 1752 3327 1815 2467 1753 3328 1816 
2535 2467 1753 3328 1816 2468 1754 3329 1817 
2536 2468 1754 3329 1817 2469 1755 3330 1818 
2537 2469 1755 3330 1818 2470 1756 3331 1819 
2538 2470 1756 3331 1819 2471 1757 3332 1820 
2539 2471 1757 3332 1820 2472 1758 3333 1821 
2540 2472 1758 3333 1821 2473 1759 3334 1822 
2541 2473 1759 3334 1822 2474 1760 3335 1823 
2542 2474 1760 3335 1823 2475 1761 3336 1824 
2543 2475 1761 3336 1824 2476 1762 3337 1825 
2544 2476 1762 3337 1825 2477 1763 3338 1826 
2545 2477 1763 3338 1826 2478 1764 3339 1827 
2546 2478 1764 3339 1827 2479 1765 3340 1828 
2547 2479 1765 3340 1828 2480 1766 3341 1829 
2548 2480 1766 3341 1829 2481 1767 3342 1830 
2549 2481 1767 3342 1830 2482 1768 3343 1831 
2550 2482 1768 3343 1831 1387 1353 1428 1356 
2551 29 30 402 347 582 603 3176 2021 
2552 582 603 3176 2021 583 604 3177 2022 
2553 583 604 3177 2022 584 605 3178 2023 
2554 584 605 3178 2023 585 606 3179 2024 
2555 585 606 3179 2024 586 607 3180 2025 
2556 586 607 3180 2025 587 608 3181 2026 
2557 587 608 3181 2026 588 609 3182 2027 
2558 588 609 3182 2027 589 610 3183 2028 
2559 589 610 3183 2028 590 611 3184 2029 
2560 590 611 3184 2029 591 612 3185 2030 
2561 591 612 3185 2030 592 613 3186 2031 
2562 592 613 3186 2031 593 614 3187 2032 
2563 593 614 3187 2032 594 615 3188 2033 
2564 594 615 3188 2033 595 616 3189 2034 
2565 595 616 3189 2034 596 617 3190 2035 
2566 596 617 3190 2035 597 618 3191 2036 
2567 597 618 3191 2036 598 619 3192 2037 
2568 598 619 3192 2037 599 620 3193 2038 
2569 599 620 3193 2038 600 621 3194 2039 
2570 600 621 3194 2039 601 622 3195 2040 
2571 601 622 3195 2040 602 623 3196 2041 
2572 602 623 3196 2041 136 137 1421 1366 
2573 391 333 377 320 2945 1727 2651 1454 
2574 2945 1727 2651 1454 2946 1728 2652 1455 
2575 2946 1728 2652 1455 2947 1729 2653 1456 
2576 2947 1729 2653 1456 2948 1730 2654 1457 
2577 2948 1730 2654 1457 2949 1731 2655 1458 
2578 2949 1731 2655 1458 2950 1732 2656 1459 
2579 2950 1732 2656 1459 2951 1733 2657 1460 
2580 2951 1733 2657 1460 2952 1734 2658 1461 
2581 2952 1734 2658 1461 2953 1735 2659 1462 
2582 2953 1735 2659 1462 2954 1736 2660 1463 
2583 2954 1736 2660 1463 2955 1737 2661 1464 
2584 2955 1737 2661 1464 2956 1738 2662 1465 
2585 2956 1738 2662 1465 2957 1739 2663 1466 
2586 2957 1739 2663 1466 2958 1740 2664 1467 
2587 2958 1740 2664 1467 2959 1741 2665 1468 
2588 2959 1741 2665 1468 2960 1742 2666 1469 
2589 2960 1742 2666 1469 2961 1743 2667 1470 
2590 2961 1743 2667 1470 2962 1744 2668 1471 
2591 2962 1744 2668 1471 2963 1745 2669 1472 
2592 2963 1745 2669 1472 2964 1746 2670 1473 
2593 2964 1746 2670 1473 2965 1747 2671 1474 
2594 2965 1747 2671 1474 1410 1352 1396 1339 
2595 375 348 397 341 2609 2042 3071 1895 
2596 2609 2042 3071 1895 2610 2043 3072 1896 
2597 2610 2043 3072 1896 2611 2044 3073 1897 
2598 2611 2044 3073 1897 2612 2045 3074 1898 
2599 2612 2045 3074 1898 2613 2046 3075 1899 
2600 2613 2046 3075 1899 2614 2047 3076 1900 
2601 2614 2047 3076 1900 2615 2048 3077 1901 
2602 2615 2048 3077 1901 2616 2049 3078 1902 
2603 2616 2049 3078 1902 2617 2050 3079 1903 
2604 2617 2050 3079 1903 2618 2051 3080 1904 
2605 2618 2051 3080 1904 2619 2052 3081 1905 
2606 2619 2052 3081 1905 2620 2053 3082 1906 
2607 2620 2053 3082 1906 2621 2054 3083 1907 
2608 2621 2054 3083 1907 2622 2055 3084 1908 
2609 2622 2055 3084 1908 2623 2056 3085 1909 
2610 2623 2056 3085 1909 2624 2057 3086 1910 
2611 2624 2057 3086 1910 2625 2058 3087 1911 
2612 2625 2058 3087 1911 2626 2059 3088 1912 
2613 2626 2059 3088 1912 2627 2060 3089 1913 
2614 2627 2060 3089 1913 2628 2061 3090 1914 
2615 2628 2061 3090 1914 2629 2062 3091 1915 
2616 2629 2062 3091 1915 1394 1367 1416 1360 
2617 400 341 397 347 3134 1895 3071 2021 
2618 3134 1895 3071 2021 3135 1896 3072 2022 
2619 3135 1896 3072 2022 3136 1897 3073 2023 
2620 3136 1897 3073 2023 3137 1898 3074 2024 
2621 3137 1898 3074 2024 3138 1899 3075 2025 
2622 3138 1899 3075 2025 3139 1900 3076 2026 
2623 3139 1900 3076 2026 3140 1901 3077 2027 
2624 3140 1901 3077 2027 3141 1902 3078 2028 
2625 3141 1902 3078 2028 3142 1903 3079 2029 
2626 3142 1903 3079 2029 3143 1904 3080 2030 
2627 3143 1904 3080 2030 3144 1905 3081 2031 
2628 3144 1905 3081 2031 3145 1906 3082 2032 
2629 3145 1906 3082 2032 3146 1907 3083 2033 
2630 3146 1907 3083 2033 3147 1908 3084 2034 
2631 3147 1908 3084 2034 3148 1909 3085 2035 
2632 3148 1909 3085 2035 3149 1910 3086 2036 
2633 3149 1910 3086 2036 3150 1911 3087 2037 
2634 3150 1911 3087 2037 3151 1912 3088 2038 
2635 3151 1912 3088 2038 3152 1913 3089 2039 
2636 3152 1913 3089 2039 3153 1914 3090 2040 
2637 3153 1914 3090 2040 3154 1915 3091 2041 
2638 3154 1915 3091 2041 1419 1360 1416 1366 
2639 37 381 368 38 750 2735 2462 771 
2640 750 2735 2462 771 751 2736 2463 772 
2641 751 2736 2463 772 752 2737 2464 773 
2642 752 2737 2464 773 753 2738 2465 774 
2643 753 2738 2465 774 754 2739 2466 775 
2644 754 2739 2466 775 755 2740 2467 776 
2645 755 2740 2467 776 756 2741 2468 777 
2646 756 2741 2468 777 757 2742 2469 778 
2647 757 2742 2469 778 758 2743 2470 779 
2648 758 2743 2470 779 759 2744 2471 780 
2649 759 2744 2471 780 760 2745 2472 781 
2650 760 2745 2472 781 761 2746 2473 782 
2651 761 2746 2473 782 762 2747 2474 783 
2652 762 2747 2474 783 763 2748 2475 784 
2653 763 2748 2475 784 764 2749 2476 785 
2654 764 2749 2476 785 765 2750 2477 786 
2655 765 2750 2477 786 766 2751 2478 787 
2656 766 2751 2478 787 767 2752 2479 788 
2657 767 2752 2479 788 768 2753 2480 789 
2658 768 2753 2480 789 769 2754 2481 790 
2659 769 2754 2481 790 770 2755 2482 791 
2660 770 2755 2482 791 207 1400 1387 208 
2661 319 388 330 371 1433 2882 1664 2525 
2662 1433 2882 1664 2525 1434 2883 1665 2526 
2663 1434 2883 1665 2526 1435 2884 1666 2527 
2664 1435 2884 1666 2527 1436 2885 1667 2528 
2665 1436 2885 1667 2528 1437 2886 1668 2529 
2666 1437 2886 1668 2529 1438 2887 1669 2530 
2667 1438 2887 1669 2530 1439 2888 1670 2531 
2668 1439 2888 1670 2531 1440 2889 1671 2532 
2669 1440 2889 1671 2532 1441 2890 1672 2533 
2670 1441 2890 1672 2533 1442 2891 1673 2534 
2671 1442 2891 1673 2534 1443 2892 1674 2535 
2672 1443 2892 1674 2535 1444 2893 1675 2536 
2673 1444 2893 1675 2536 1445 2894 1676 2537 
2674 1445 2894 1676 2537 1446 2895 1677 2538 
2675 1446 2895 1677 2538 1447 2896 1678 2539 
2676 1447 2896 1678 2539 1448 2897 1679 2540 
2677 1448 2897 1679 2540 1449 2898 1680 2541 
2678 1449 2898 1680 2541 1450 2899 1681 2542 
2679 1450 2899 1681 2542 1451 2900 1682 2543 
2680 1451 2900 1682 2543 1452 2901 1683 2544 
2681 1452 2901 1683 2544 1453 2902 1684 2545 
2682 1453 2902 1684 2545 1338 1407 1349 1390 
2683 406 367 319 377 3260 2441 1433 2651 
2684 3260 2441 1433 2651 3261 2442 1434 2652 
2685 3261 2442 1434 2652 3262 2443 1435 2653 
2686 3262 2443 1435 2653 3263 2444 1436 2654 
2687 3263 2444 1436 2654 3264 2445 1437 2655 
2688 3264 2445 1437 2655 3265 2446 1438 2656 
2689 3265 2446 1438 2656 3266 2447 1439 2657 
2690 3266 2447 1439 2657 3267 2448 1440 2658 
2691 3267 2448 1440 2658 3268 2449 1441 2659 
2692 3268 2449 1441 2659 3269 2450 1442 2660 
2693 3269 2450 1442 2660 3270 2451 1443 2661 
2694 3270 2451 1443 2661 3271 2452 1444 2662 
2695 3271 2452 1444 2662 3272 2453 1445 2663 
2696 3272 2453 1445 2663 3273 2454 1446 2664 
2697 3273 2454 1446 2664 3274 2455 1447 2665 
2698 3274 2455 1447 2665 3275 2456 1448 2666 
2699 3275 2456 1448 2666 3276 2457 1449 2667 
2700 3276 2457 1449 2667 3277 2458 1450 2668 
2701 3277 2458 1450 2668 3278 2459 1451 2669 
2702 3278 2459 1451 2669 3279 2460 1452 2670 
2703 3279 2460 1452 2670 3280 2461 1453 2671 
2704 3280 2461 1453 2671 1425 1386 1338 1396 
2705 342 356 408 328 1916 2210 3302 1622 
2706 1916 2210 3302 1622 1917 2211 3303 1623 
2707 1917 2211 3303 1623 1918 2212 3304 1624 
2708 1918 2212 3304 1624 1919 2213 3305 1625 
2709 1919 2213 3305 1625 1920 2214 3306 1626 
2710 1920 2214 3306 1626 1921 2215 3307 1627 
2711 1921 2215 3307 1627 1922 2216 3308 1628 
2712 1922 2216 3308 1628 1923 2217 3309 1629 
2713 1923 2217 3309 1629 1924 2218 3310 1630 
2714 1924 2218 3310 1630 1925 2219 3311 1631 
2715 1925 2219 3311 1631 1926 2220 3312 1632 
2716 1926 2220 3312 1632 1927 2221 3313 1633 
2717 1927 2221 3313 1633 1928 2222 3314 1634 
2718 1928 2222 3314 1634 1929 2223 3315 1635 
2719 1929 2223 3315 1635 1930 2224 3316 1636 
2720 1930 2224 3316 1636 1931 2225 3317 1637 
2721 1931 2225 3317 1637 1932 2226 3318 1638 
2722 1932 2226 3318 1638 1933 2227 3319 1639 
2723 1933 2227 3319 1639 1934 2228 3320 1640 
2724 1934 2228 3320 1640 1935 2229 3321 1641 
2725 1935 2229 3321 1641 1936 2230 3322 1642 
2726 1936 2230 3322 1642 1361 1375 1427 1347 
2727 371 389 377 319 2525 2903 2651 1433 
2728 2525 2903 2651 1433 2526 2904 2652 1434 
2729 2526 2904 2652 1434 2527 2905 2653 1435 
2730 2527 2905 2653 1435 2528 2906 2654 1436 
2731 2528 2906 2654 1436 2529 2907 2655 1437 
2732 2529 2907 2655 1437 2530 2908 2656 1438 
2733 2530 2908 2656 1438 2531 2909 2657 1439 
2734 2531 2909 2657 1439 2532 2910 2658 1440 
2735 2532 2910 2658 1440 2533 2911 2659 1441 
2736 2533 2911 2659 1441 2534 2912 2660 1442 
2737 2534 2912 2660 1442 2535 2913 2661 1443 
2738 2535 2913 2661 1443 2536 2914 2662 1444 
2739 2536 2914 2662 1444 2537 2915 2663 1445 
2740 2537 2915 2663 1445 2538 2916 2664 1446 
2741 2538 2916 2664 1446 2539 2917 2665 1447 
2742 2539 2917 2665 1447 2540 2918 2666 1448 
2743 2540 2918 2666 1448 2541 2919 2667 1449 
2744 2541 2919 2667 1449 2542 2920 2668 1450 
2745 2542 2920 2668 1450 2543 2921 2669 1451 
2746 2543 2921 2669 1451 2544 2922 2670 1452 
2747 2544 2922 2670 1452 2545 2923 2671 1453 
2748 2545 2923 2671 1453 1390 1408 1396 1338 
2749 344 351 361 324 1958 2105 2315 1538 
2750 1958 2105 2315 1538 1959 2106 2316 1539 
2751 1959 2106 2316 1539 1960 2107 2317 1540 
2752 1960 2107 2317 1540 1961 2108 2318 1541 
2753 1961 2108 2318 1541 1962 2109 2319 1542 
2754 1962 2109 2319 1542 1963 2110 2320 1543 
2755 1963 2110 2320 1543 1964 2111 2321 1544 
2756 1964 2111 2321 1544 1965 2112 2322 1545 
2757 1965 2112 2322 1545 1966 2113 2323 1546 
2758 1966 2113 2323 1546 1967 2114 2324 1547 
2759 1967 2114 2324 1547 1968 2115 2325 1548 
2760 1968 2115 2325 1548 1969 2116 2326 1549 
2761 1969 2116 2326 1549 1970 2117 2327 1550 
2762 1970 2117 2327 1550 1971 2118 2328 1551 
2763 1971 2118 2328 1551 1972 2119 2329 1552 
2764 1972 2119 2329 1552 1973 2120 2330 1553 
2765 1973 2120 2330 1553 1974 2121 2331 1554 
2766 1974 2121 2331 1554 1975 2122 2332 1555 
2767 1975 2122 2332 1555 1976 2123 2333 1556 
2768 1976 2123 2333 1556 1977 2124 2334 1557 
2769 1977 2124 2334 1557 1978 2125 2335 1558 
2770 1978 2125 2335 1558 1363 1370 1380 1343 
2771 375 341 400 325 2609 1895 3134 1559 
2772 2609 1895 3134 1559 2610 1896 3135 1560 
2773 2610 1896 3135 1560 2611 1897 3136 1561 
2774 2611 1897 3136 1561 2612 1898 3137 1562 
2775 2612 1898 3137 1562 2613 1899 3138 1563 
2776 2613 1899 3138 1563 2614 1900 3139 1564 
2777 2614 1900 3139 1564 2615 1901 3140 1565 
2778 2615 1901 3140 1565 2616 1902 3141 1566 
2779 2616 1902 3141 1566 2617 1903 3142 1567 
2780 2617 1903 3142 1567 2618 1904 3143 1568 
2781 2618 1904 3143 1568 2619 1905 3144 1569 
2782 2619 1905 3144 1569 2620 1906 3145 1570 
2783 2620 1906 3145 1570 2621 1907 3146 1571 
2784 2621 1907 3146 1571 2622 1908 3147 1572 
2785 2622 1908 3147 1572 2623 1909 3148 1573 
2786 2623 1909 3148 1573 2624 1910 3149 1574 
2787 2624 1910 3149 1574 2625 1911 3150 1575 
2788 2625 1911 3150 1575 2626 1912 3151 1576 
2789 2626 1912 3151 1576 2627 1913 3152 1577 
2790 2627 1913 3152 1577 2628 1914 3153 1578 
2791 2628 1914 3153 1578 2629 1915 3154 1579 
2792 2629 1915 3154 1579 1394 1360 1419 1344 
2793 357 374 59 60 2231 2588 1212 1233 
2794 2231 2588 1212 1233 2232 2589 1213 1234 
2795 2232 2589 1213 1234 2233 2590 1214 1235 
2796 2233 2590 1214 1235 2234 2591 1215 1236 
2797 2234 2591 1215 1236 2235 2592 1216 1237 
2798 2235 2592 1216 1237 2236 2593 1217 1238 
2799 2236 2593 1217 1238 2237 2594 1218 1239 
2800 2237 2594 1218 1239 2238 2595 1219 1240 
2801 2238 2595 1219 1240 2239 2596 1220 1241 
2802 2239 2596 1220 1241 2240 2597 1221 1242 
2803 2240 2597 1221 1242 2241 2598 1222 1243 
2804 2241 2598 1222 1243 2242 2599 1223 1244 
2805 2242 2599 1223 1244 2243 2600 1224 1245 
2806 2243 2600 1224 1245 2244 2601 1225 1246 
2807 2244 2601 1225 1246 2245 2602 1226 1247 
2808 2245 2602 1226 1247 2246 2603 1227 1248 
2809 2246 2603 1227 1248 2247 2604 1228 1249 
2810 2247 2604 1228 1249 2248 2605 1229 1250 
2811 2248 2605 1229 1250 2249 2606 1230 1251 
2812 2249 2606 1230 1251 2250 2607 1231 1252 
2813 2250 2607 1231 1252 2251 2608 1232 1253 
2814 2251 2608 1232 1253 1376 1393 313 314 
2815 319 356 342 388 1433 2210 1916 2882 
2816 1433 2210 1916 2882 1434 2211 1917 2883 
2817 1434 2211 1917 2883 1435 2212 1918 2884 
2818 1435 2212 1918 2884 1436 2213 1919 2885 
2819 1436 2213 1919 2885 1437 2214 1920 2886 
2820 1437 2214 1920 2886 1438 2215 1921 2887 
2821 1438 2215 1921 2887 1439 2216 1922 2888 
2822 1439 2216 1922 2888 1440 2217 1923 2889 
2823 1440 2217 1923 2889 1441 2218 1924 2890 
2824 1441 2218 1924 2890 1442 2219 1925 2891 
2825 1442 2219 1925 2891 1443 2220 1926 2892 
2826 1443 2220 1926 2892 1444 2221 1927 2893 
2827 1444 2221 1927 2893 1445 2222 1928 2894 
2828 1445 2222 1928 2894 1446 2223 1929 2895 
2829 1446 2223 1929 2895 1447 2224 1930 2896 
2830 1447 2224 1930 2896 1448 2225 1931 2897 
2831 1448 2225 1931 2897 1449 2226 1932 2898 
2832 1449 2226 1932 2898 1450 2227 1933 2899 
2833 1450 2227 1933 2899 1451 2228 1934 2900 
2834 1451 2228 1934 2900 1452 2229 1935 2901 
2835 1452 2229 1935 2901 1453 2230 1936 2902 
2836 1453 2230 1936 2902 1338 1375 1361 1407 
2837 366 390 371 330 2420 2924 2525 1664 
2838 2420 2924 2525 1664 2421 2925 2526 1665 
2839 2421 2925 2526 1665 2422 2926 2527 1666 
2840 2422 2926 2527 1666 2423 2927 2528 1667 
2841 2423 2927 2528 1667 2424 2928 2529 1668 
2842 2424 2928 2529 1668 2425 2929 2530 1669 
2843 2425 2929 2530 1669 2426 2930 2531 1670 
2844 2426 2930 2531 1670 2427 2931 2532 1671 
2845 2427 2931 2532 1671 2428 2932 2533 1672 
2846 2428 2932 2533 1672 2429 2933 2534 1673 
2847 2429 2933 2534 1673 2430 2934 2535 1674 
2848 2430 2934 2535 1674 2431 2935 2536 1675 
2849 2431 2935 2536 1675 2432 2936 2537 1676 
2850 2432 2936 2537 1676 2433 2937 2538 1677 
2851 2433 2937 2538 1677 2434 2938 2539 1678 
2852 2434 2938 2539 1678 2435 2939 2540 1679 
2853 2435 2939 2540 1679 2436 2940 2541 1680 
2854 2436 2940 2541 1680 2437 2941 2542 1681 
2855 2437 2941 2542 1681 2438 2942 2543 1682 
2856 2438 2942 2543 1682 2439 2943 2544 1683 
2857 2439 2943 2544 1683 2440 2944 2545 1684 
2858 2440 2944 2545 1684 1385 1409 1390 1349 
2859 346 62 63 387 2000 1275 1296 2861 
2860 2000 1275 1296 2861 2001 1276 1297 2862 
2861 2001 1276 1297 2862 2002 1277 1298 2863 
2862 2002 1277 1298 2863 2003 1278 1299 2864 
2863 2003 1278 1299 2864 2004 1279 1300 2865 
2864 2004 1279 1300 2865 2005 1280 1301 2866 
2865 2005 1280 1301 2866 2006 1281 1302 2867 
2866 2006 1281 1302 2867 2007 1282 1303 2868 
2867 2007 1282 1303 2868 2008 1283 1304 2869 
2868 2008 1283 1304 2869 2009 1284 1305 2870 
2869 2009 1284 1305 2870 2010 1285 1306 2871 
2870 2010 1285 1306 2871 2011 1286 1307 2872 
2871 2011 1286 1307 2872 2012 1287 1308 2873 
2872 2012 1287 1308 2873 2013 1288 1309 2874 
2873 2013 1288 1309 2874 2014 1289 1310 2875 
2874 2014 1289 1310 2875 2015 1290 1311 2876 
2875 2015 1290 1311 2876 2016 1291 1312 2877 
2876 2016 1291 1312 2877 2017 1292 1313 2878 
2877 2017 1292 1313 2878 2018 1293 1314 2879 
2878 2018 1293 1314 2879 2019 1294 1315 2880 
2879 2019 1294 1315 2880 2020 1295 1316 2881 
2880 2020 1295 1316 2881 1365 316 317 1406 
2881 369 328 408 350 2483 1622 3302 2084 
2882 2483 1622 3302 2084 2484 1623 3303 2085 
2883 2484 1623 3303 2085 2485 1624 3304 2086 
2884 2485 1624 3304 2086 2486 1625 3305 2087 
2885 2486 1625 3305 2087 2487 1626 3306 2088 
2886 2487 1626 3306 2088 2488 1627 3307 2089 
2887 2488 1627 3307 2089 2489 1628 3308 2090 
2888 2489 1628 3308 2090 2490 1629 3309 2091 
2889 2490 1629 3309 2091 2491 1630 3310 2092 
2890 2491 1630 3310 2092 2492 1631 3311 2093 
2891 2492 1631 3311 2093 2493 1632 3312 2094 
2892 2493 1632 3312 2094 2494 1633 3313 2095 
2893 2494 1633 3313 2095 2495 1634 3314 2096 
2894 2495 1634 3314 2096 2496 1635 3315 2097 
2895 2496 1635 3315 2097 2497 1636 3316 2098 
2896 2497 1636 3316 2098 2498 1637 3317 2099 
2897 2498 1637 3317 2099 2499 1638 3318 2100 
2898 2499 1638 3318 2100 2500 1639 3319 2101 
2899 2500 1639 3319 2101 2501 1640 3320 2102 
2900 2501 1640 3320 2102 2502 1641 3321 2103 
2901 2502 1641 3321 2103 2503 1642 3322 2104 
2902 2503 1642 3322 2104 1388 1347 1427 1369 
2903 374 407 372 59 2588 3281 2546 1212 
2904 2588 3281 2546 1212 2589 3282 2547 1213 
2905 2589 3282 2547 1213 2590 3283 2548 1214 
2906 2590 3283 2548 1214 2591 3284 2549 1215 
2907 2591 3284 2549 1215 2592 3285 2550 1216 
2908 2592 3285 2550 1216 2593 3286 2551 1217 
2909 2593 3286 2551 1217 2594 3287 2552 1218 
2910 2594 3287 2552 1218 2595 3288 2553 1219 
2911 2595 3288 2553 1219 2596 3289 2554 1220 
2912 2596 3289 2554 1220 2597 3290 2555 1221 
2913 2597 3290 2555 1221 2598 3291 2556 1222 
2914 2598 3291 2556 1222 2599 3292 2557 1223 
2915 2599 3292 2557 1223 2600 3293 2558 1224 
2916 2600 3293 2558 1224 2601 3294 2559 1225 
2917 2601 3294 2559 1225 2602 3295 2560 1226 
2918 2602 3295 2560 1226 2603 3296 2561 1227 
2919 2603 3296 2561 1227 2604 3297 2562 1228 
2920 2604 3297 2562 1228 2605 3298 2563 1229 
2921 2605 3298 2563 1229 2606 3299 2564 1230 
2922 2606 3299 2564 1230 2607 3300 2565 1231 
2923 2607 3300 2565 1231 2608 3301 2566 1232 
2924 2608 3301 2566 1232 1393 1426 1391 313 
2925 24 23 386 352 477 456 2840 2126 
2926 477 456 2840 2126 478 457 2841 2127 
2927 478 457 2841 2127 479 458 2842 2128 
2928 479 458 2842 2128 480 459 2843 2129 
2929 480 459 2843 2129 481 460 2844 2130 
2930 481 460 2844 2130 482 461 2845 2131 
2931 482 461 2845 2131 483 462 2846 2132 
2932 483 462 2846 2132 484 463 2847 2133 
2933 484 463 2847 2133 485 464 2848 2134 
2934 485 464 2848 2134 486 465 2849 2135 
2935 486 465 2849 2135 487 466 2850 2136 
2936 487 466 2850 2136 488 467 2851 2137 
2937 488 467 2851 2137 489 468 2852 2138 
2938 489 468 2852 2138 490 469 2853 2139 
2939 490 469 2853 2139 491 470 2854 2140 
2940 491 470 2854 2140 492 471 2855 2141 
2941 492 471 2855 2141 493 472 2856 2142 
2942 493 472 2856 2142 494 473 2857 2143 
2943 494 473 2857 2143 495 474 2858 2144 
2944 495 474 2858 2144 496 475 2859 2145 
2945 496 475 2859 2145 497 476 2860 2146 
2946 497 476 2860 2146 110 109 1405 1371 
2947 372 322 48 365 2546 1496 981 2399 
2948 2546 1496 981 2399 2547 1497 982 2400 
2949 2547 1497 982 2400 2548 1498 983 2401 
2950 2548 1498 983 2401 2549 1499 984 2402 
2951 2549 1499 984 2402 2550 1500 985 2403 
2952 2550 1500 985 2403 2551 1501 986 2404 
2953 2551 1501 986 2404 2552 1502 987 2405 
2954 2552 1502 987 2405 2553 1503 988 2406 
2955 2553 1503 988 2406 2554 1504 989 2407 
2956 2554 1504 989 2407 2555 1505 990 2408 
2957 2555 1505 990 2408 2556 1506 991 2409 
2958 2556 1506 991 2409 2557 1507 992 2410 
2959 2557 1507 992 2410 2558 1508 993 2411 
2960 2558 1508 993 2411 2559 1509 994 2412 
2961 2559 1509 994 2412 2560 1510 995 2413 
2962 2560 1510 995 2413 2561 1511 996 2414 
2963 2561 1511 996 2414 2562 1512 997 2415 
2964 2562 1512 997 2415 2563 1513 998 2416 
2965 2563 1513 998 2416 2564 1514 999 2417 
2966 2564 1514 999 2417 2565 1515 1000 2418 
2967 2565 1515 1000 2418 2566 1516 1001 2419 
2968 2566 1516 1001 2419 1391 1341 281 1384 
2969 402 350 408 332 3176 2084 3302 1706 
2970 3176 2084 3302 1706 3177 2085 3303 1707 
2971 3177 2085 3303 1707 3178 2086 3304 1708 
2972 3178 2086 3304 1708 3179 2087 3305 1709 
2973 3179 2087 3305 1709 3180 2088 3306 1710 
2974 3180 2088 3306 1710 3181 2089 3307 1711 
2975 3181 2089 3307 1711 3182 2090 3308 1712 
2976 3182 2090 3308 1712 3183 2091 3309 1713 
2977 3183 2091 3309 1713 3184 2092 3310 1714 
2978 3184 2092 3310 1714 3185 2093 3311 1715 
2979 3185 2093 3311 1715 3186 2094 3312 1716 
2980 3186 2094 3312 1716 3187 2095 3313 1717 
2981 3187 2095 3313 1717 3188 2096 3314 1718 
2982 3188 2096 3314 1718 3189 2097 3315 1719 
2983 3189 2097 3315 1719 3190 2098 3316 1720 
2984 3190 2098 3316 1720 3191 2099 3317 1721 
2985 3191 2099 3317 1721 3192 2100 3318 1722 
2986 3192 2100 3318 1722 3193 2101 3319 1723 
2987 3193 2101 3319 1723 3194 2102 3320 1724 
2988 3194 2102 3320 1724 3195 2103 3321 1725 
2989 3195 2103 3321 1725 3196 2104 3322 1726 
2990 3196 2104 3322 1726 1421 1369 1427 1351 
2991 337 401 6 399 1811 3155 186 3113 
2992 1811 3155 186 3113 1812 3156 187 3114 
2993 1812 3156 187 3114 1813 3157 188 3115 
2994 1813 3157 188 3115 1814 3158 189 3116 
2995 1814 3158 189 3116 1815 3159 190 3117 
2996 1815 3159 190 3117 1816 3160 191 3118 
2997 1816 3160 191 3118 1817 3161 192 3119 
2998 1817 3161 192 3119 1818 3162 193 3120 
2999 1818 3162 193 3120 1819 3163 194 3121 
3000 1819 3163 194 3121 1820 3164 195 3122 
3001 1820 3164 195 3122 1821 3165 196 3123 
3002 1821 3165 196 3123 1822 3166 197 3124 
3003 1822 3166 197 3124 1823 3167 198 3125 
3004 1823 3167 198 3125 1824 3168 199 3126 
3005 1824 3168 199 3126 1825 3169 200 3127 
3006 1825 3169 200 3127 1826 3170 201 3128 
3007 1826 3170 201 3128 1827 3171 202 3129 
3008 1827 3171 202 3129 1828 3172 203 3130 
3009 1828 3172 203 3130 1829 3173 204 3131 
3010 1829 3173 204 3131 1830 3174 205 3132 
3011 1830 3174 205 3132 1831 3175 206 3133 
3012 1831 3175 206 3133 1356 1420 16 1418 
3013 347 397 28 29 2021 3071 561 582 
3014 2021 3071 561 582 2022 3072 562 583 
3015 2022 3072 562 583 2023 3073 563 584 
3016 2023 3073 563 584 2024 3074 564 585 
3017 2024 3074 564 585 2025 3075 565 586 
3018 2025 3075 565 586 2026 3076 566 587 
3019 2026 3076 566 587 2027 3077 567 588 
3020 2027 3077 567 588 2028 3078 568 589 
3021 2028 3078 568 589 2029 3079 569 590 
3022 2029 3079 569 590 2030 3080 570 591 
3023 2030 3080 570 591 2031 3081 571 592 
3024 2031 3081 571 592 2032 3082 572 593 
3025 2032 3082 572 593 2033 3083 573 594 
3026 2033 3083 573 594 2034 3084 574 595 
3027 2034 3084 574 595 2035 3085 575 596 
3028 2035 3085 575 596 2036 3086 576 597 
3029 2036 3086 576 597 2037 3087 577 598 
3030 2037 3087 577 598 2038 3088 578 599 
3031 2038 3088 578 599 2039 3089 579 600 
3032 2039 3089 579 600 2040 3090 580 601 
3033 2040 3090 580 601 2041 3091 581 602 
3034 2041 3091 581 602 1366 1416 135 136 
3035 358 413 335 395 2252 3407 1769 3029 
3036 2252 3407 1769 3029 2253 3408 1770 3030 
3037 2253 3408 1770 3030 2254 3409 1771 3031 
3038 2254 3409 1771 3031 2255 3410 1772 3032 
3039 2255 3410 1772 3032 2256 3411 1773 3033 
3040 2256 3411 1773 3033 2257 3412 1774 3034 
3041 2257 3412 1774 3034 2258 3413 1775 3035 
3042 2258 3413 1775 3035 2259 3414 1776 3036 
3043 2259 3414 1776 3036 2260 3415 1777 3037 
3044 2260 3415 1777 3037 2261 3416 1778 3038 
3045 2261 3416 1778 3038 2262 3417 1779 3039 
3046 2262 3417 1779 3039 2263 3418 1780 3040 
3047 2263 3418 1780 3040 2264 3419 1781 3041 
3048 2264 3419 1781 3041 2265 3420 1782 3042 
3049 2265 3420 1782 3042 2266 3421 1783 3043 
3050 2266 3421 1783 3043 2267 3422 1784 3044 
3051 2267 3422 1784 3044 2268 3423 1785 3045 
3052 2268 3423 1785 3045 2269 3424 1786 3046 
3053 2269 3424 1786 3046 2270 3425 1787 3047 
3054 2270 3425 1787 3047 2271 3426 1788 3048 
3055 2271 3426 1788 3048 2272 3427 1789 3049 
3056 2272 3427 1789 3049 1377 1432 1354 1414 
3057 400 332 412 367 3134 1706 3386 2441 
3058 3134 1706 3386 2441 3135 1707 3387 2442 
3059 3135 1707 3387 2442 3136 1708 3388 2443 
3060 3136 1708 3388 2443 3137 1709 3389 2444 
3061 3137 1709 3389 2444 3138 1710 3390 2445 
3062 3138 1710 3390 2445 3139 1711 3391 2446 
3063 3139 1711 3391 2446 3140 1712 3392 2447 
3064 3140 1712 3392 2447 3141 1713 3393 2448 
3065 3141 1713 3393 2448 3142 1714 3394 2449 
3066 3142 1714 3394 2449 3143 1715 3395 2450 
3067 3143 1715 3395 2450 3144 1716 3396 2451 
3068 3144 1716 3396 2451 3145 1717 3397 2452 
3069 3145 1717 3397 2452 3146 1718 3398 2453 
3070 3146 1718 3398 2453 3147 1719 3399 2454 
3071 3147 1719 3399 2454 3148 1720 3400 2455 
3072 3148 1720 3400 2455 3149 1721 3401 2456 
3073 3149 1721 3401 2456 3150 1722 3402 2457 
3074 3150 1722 3402 2457 3151 1723 3403 2458 
3075 3151 1723 3403 2458 3152 1724 3404 2459 
3076 3152 1724 3404 2459 3153 1725 3405 2460 
3077 3153 1725 3405 2460 3154 1726 3406 2461 
3078 3154 1726 3406 2461 1419 1351 1431 1386 
3079 342 396 330 388 1916 3050 1664 2882 
3080 1916 3050 1664 2882 1917 3051 1665 2883 
3081 1917 3051 1665 2883 1918 3052 1666 2884 
3082 1918 3052 1666 2884 1919 3053 1667 2885 
3083 1919 3053 1667 2885 1920 3054 1668 2886 
3084 1920 3054 1668 2886 1921 3055 1669 2887 
3085 1921 3055 1669 2887 1922 3056 1670 2888 
3086 1922 3056 1670 2888 1923 3057 1671 2889 
3087 1923 3057 1671 2889 1924 3058 1672 2890 
3088 1924 3058 1672 2890 1925 3059 1673 2891 
3089 1925 3059 1673 2891 1926 3060 1674 2892 
3090 1926 3060 1674 2892 1927 3061 1675 2893 
3091 1927 3061 1675 2893 1928 3062 1676 2894 
3092 1928 3062 1676 2894 1929 3063 1677 2895 
3093 1929 3063 1677 2895 1930 3064 1678 2896 
3094 1930 3064 1678 2896 1931 3065 1679 2897 
3095 1931 3065 1679 2897 1932 3066 1680 2898 
3096 1932 3066 1680 2898 1933 3067 1681 2899 
3097 1933 3067 1681 2899 1934 3068 1682 2900 
3098 1934 3068 1682 2900 1935 3069 1683 2901 
3099 1935 3069 1683 2901 1936 3070 1684 2902 
3100 1936 3070 1684 2902 1361 1415 1349 1407 
3101 336 31 339 359 1790 624 1853 2273 
3102 1790 624 1853 2273 1791 625 1854 2274 
3103 1791 625 1854 2274 1792 626 1855 2275 
3104 1792 626 1855 2275 1793 627 1856 2276 
3105 1793 627 1856 2276 1794 628 1857 2277 
3106 1794 628 1857 2277 1795 629 1858 2278 
3107 1795 629 1858 2278 1796 630 1859 2279 
3108 1796 630 1859 2279 1797 631 1860 2280 
3109 1797 631 1860 2280 1798 632 1861 2281 
3110 1798 632 1861 2281 1799 633 1862 2282 
3111 1799 633 1862 2282 1800 634 1863 2283 
3112 1800 634 1863 2283 1801 635 1864 2284 
3113 1801 635 1864 2284 1802 636 1865 2285 
3114 1802 636 1865 2285 1803 637 1866 2286 
3115 1803 637 1866 2286 1804 638 1867 2287 
3116 1804 638 1867 2287 1805 639 1868 2288 
3117 1805 639 1868 2288 1806 640 1869 2289 
3118 1806 640 1869 2289 1807 641 1870 2290 
3119 1807 641 1870 2290 1808 642 1871 2291 
3120 1808 642 1871 2291 1809 643 1872 2292 
3121 1809 643 1872 2292 1810 644 1873 2293 
3122 1810 644 1873 2293 1355 159 1358 1378 
3123 32 395 335 369 645 3029 1769 2483 
3124 645 3029 1769 2483 646 3030 1770 2484 
3125 646 3030 1770 2484 647 3031 1771 2485 
3126 647 3031 1771 2485 648 3032 1772 2486 
3127 648 3032 1772 2486 649 3033 1773 2487 
3128 649 3033 1773 2487 650 3034 1774 2488 
3129 650 3034 1774 2488 651 3035 1775 2489 
3130 651 3035 1775 2489 652 3036 1776 2490 
3131 652 3036 1776 2490 653 3037 1777 2491 
3132 653 3037 1777 2491 654 3038 1778 2492 
3133 654 3038 1778 2492 655 3039 1779 2493 
3134 655 3039 1779 2493 656 3040 1780 2494 
3135 656 3040 1780 2494 657 3041 1781 2495 
3136 657 3041 1781 2495 658 3042 1782 2496 
3137 658 3042 1782 2496 659 3043 1783 2497 
3138 659 3043 1783 2497 660 3044 1784 2498 
3139 660 3044 1784 2498 661 3045 1785 2499 
3140 661 3045 1785 2499 662 3046 1786 2500 
3141 662 3046 1786 2500 663 3047 1787 2501 
3142 663 3047 1787 2501 664 3048 1788 2502 
3143 664 3048 1788 2502 665 3049 1789 2503 
3144 665 3049 1789 2503 181 1414 1354 1388 
3145 351 385 45 44 2105 2819 918 897 
3146 2105 2819 918 897 2106 2820 919 898 
3147 2106 2820 919 898 2107 2821 920 899 
3148 2107 2821 920 899 2108 2822 921 900 
3149 2108 2822 921 900 2109 2823 922 901 
3150 2109 2823 922 901 2110 2824 923 902 
3151 2110 2824 923 902 2111 2825 924 903 
3152 2111 2825 924 903 2112 2826 925 904 
3153 2112 2826 925 904 2113 2827 926 905 
3154 2113 2827 926 905 2114 2828 927 906 
3155 2114 2828 927 906 2115 2829 928 907 
3156 2115 2829 928 907 2116 2830 929 908 
3157 2116 2830 929 908 2117 2831 930 909 
3158 2117 2831 930 909 2118 2832 931 910 
3159 2118 2832 931 910 2119 2833 932 911 
3160 2119 2833 932 911 2120 2834 933 912 
3161 2120 2834 933 912 2121 2835 934 913 
3162 2121 2835 934 913 2122 2836 935 914 
3163 2122 2836 935 914 2123 2837 936 915 
3164 2123 2837 936 915 2124 2838 937 916 
3165 2124 2838 937 916 2125 2839 938 917 
3166 2125 2839 938 917 1370 1404 236 235 
3167 378 386 23 22 2672 2840 456 435 
3168 2672 2840 456 435 2673 2841 457 436 
3169 2673 2841 457 436 2674 2842 458 437 
3170 2674 2842 458 437 2675 2843 459 438 
3171 2675 2843 459 438 2676 2844 460 439 
3172 2676 2844 460 439 2677 2845 461 440 
3173 2677 2845 461 440 2678 2846 462 441 
3174 2678 2846 462 441 2679 2847 463 442 
3175 2679 2847 463 442 2680 2848 464 443 
3176 2680 2848 464 443 2681 2849 465 444 
3177 2681 2849 465 444 2682 2850 466 445 
3178 2682 2850 466 445 2683 2851 467 446 
3179 2683 2851 467 446 2684 2852 468 447 
3180 2684 2852 468 447 2685 2853 469 448 
3181 2685 2853 469 448 2686 2854 470 449 
3182 2686 2854 470 449 2687 2855 471 450 
3183 2687 2855 471 450 2688 2856 472 451 
3184 2688 2856 472 451 2689 2857 473 452 
3185 2689 2857 473 452 2690 2858 474 453 
3186 2690 2858 474 453 2691 2859 475 454 
3187 2691 2859 475 454 2692 2860 476 455 
3188 2692 2860 476 455 1397 1405 109 108 
3189 358 395 32 33 2252 3029 645 666 
3190 2252 3029 645 666 2253 3030 646 667 
3191 2253 3030 646 667 2254 3031 647 668 
3192 2254 3031 647 668 2255 3032 648 669 
3193 2255 3032 648 669 2256 3033 649 670 
3194 2256 3033 649 670 2257 3034 650 671 
3195 2257 3034 650 671 2258 3035 651 672 
3196 2258 3035 651 672 2259 3036 652 673 
3197 2259 3036 652 673 2260 3037 653 674 
3198 2260 3037 653 674 2261 3038 654 675 
3199 2261 3038 654 675 2262 3039 655 676 
3200 2262 3039 655 676 2263 3040 656 677 
3201 2263 3040 656 677 2264 3041 657 678 
3202 2264 3041 657 678 2265 3042 658 679 
3203 2265 3042 658 679 2266 3043 659 680 
3204 2266 3043 659 680 2267 3044 660 681 
3205 2267 3044 660 681 2268 3045 661 682 
3206 2268 3045 661 682 2269 3046 662 683 
3207 2269 3046 662 683 2270 3047 663 684 
3208 2270 3047 663 684 2271 3048 664 685 
3209 2271 3048 664 685 2272 3049 665 686 
3210 2272 3049 665 686 1377 1414 181 182 
3211 348 393 26 27 2042 2987 519 540 
3212 2042 2987 519 540 2043 2988 520 541 
3213 2043 2988 520 541 2044 2989 521 542 
3214 2044 2989 521 542 2045 2990 522 543 
3215 2045 2990 522 543 2046 2991 523 544 
3216 2046 2991 523 544 2047 2992 524 545 
3217 2047 2992 524 545 2048 2993 525 546 
3218 2048 2993 525 546 2049 2994 526 547 
3219 2049 2994 526 547 2050 2995 527 548 
3220 2050 2995 527 548 2051 2996 528 549 
3221 2051 2996 528 549 2052 2997 529 550 
3222 2052 2997 529 550 2053 2998 530 551 
3223 2053 2998 530 551 2054 2999 531 552 
3224 2054 2999 531 552 2055 3000 532 553 
3225 2055 3000 532 553 2056 3001 533 554 
3226 2056 3001 533 554 2057 3002 534 555 
3227 2057 3002 534 555 2058 3003 535 556 
3228 2058 3003 535 556 2059 3004 536 557 
3229 2059 3004 536 557 2060 3005 537 558 
3230 2060 3005 537 558 2061 3006 538 559 
3231 2061 3006 538 559 2062 3007 539 560 
3232 2062 3007 539 560 1367 1412 133 134 
3233 363 321 411 362 2357 1475 3365 2336 
3234 2357 1475 3365 2336 2358 1476 3366 2337 
3235 2358 1476 3366 2337 2359 1477 3367 2338 
3236 2359 1477 3367 2338 2360 1478 3368 2339 
3237 2360 1478 3368 2339 2361 1479 3369 2340 
3238 2361 1479 3369 2340 2362 1480 3370 2341 
3239 2362 1480 3370 2341 2363 1481 3371 2342 
3240 2363 1481 3371 2342 2364 1482 3372 2343 
3241 2364 1482 3372 2343 2365 1483 3373 2344 
3242 2365 1483 3373 2344 2366 1484 3374 2345 
3243 2366 1484 3374 2345 2367 1485 3375 2346 
3244 2367 1485 3375 2346 2368 1486 3376 2347 
3245 2368 1486 3376 2347 2369 1487 3377 2348 
3246 2369 1487 3377 2348 2370 1488 3378 2349 
3247 2370 1488 3378 2349 2371 1489 3379 2350 
3248 2371 1489 3379 2350 2372 1490 3380 2351 
3249 2372 1490 3380 2351 2373 1491 3381 2352 
3250 2373 1491 3381 2352 2374 1492 3382 2353 
3251 2374 1492 3382 2353 2375 1493 3383 2354 
3252 2375 1493 3383 2354 2376 1494 3384 2355 
3253 2376 1494 3384 2355 2377 1495 3385 2356 
3254 2377 1495 3385 2356 1382 1340 1430 1381 
3255 377 333 359 406 2651 1727 2273 3260 
3256 2651 1727 2273 3260 2652 1728 2274 3261 
3257 2652 1728 2274 3261 2653 1729 2275 3262 
3258 2653 1729 2275 3262 2654 1730 2276 3263 
3259 2654 1730 2276 3263 2655 1731 2277 3264 
3260 2655 1731 2277 3264 2656 1732 2278 3265 
3261 2656 1732 2278 3265 2657 1733 2279 3266 
3262 2657 1733 2279 3266 2658 1734 2280 3267 
3263 2658 1734 2280 3267 2659 1735 2281 3268 
3264 2659 1735 2281 3268 2660 1736 2282 3269 
3265 2660 1736 2282 3269 2661 1737 2283 3270 
3266 2661 1737 2283 3270 2662 1738 2284 3271 
3267 2662 1738 2284 3271 2663 1739 2285 3272 
3268 2663 1739 2285 3272 2664 1740 2286 3273 
3269 2664 1740 2286 3273 2665 1741 2287 3274 
3270 2665 1741 2287 3274 2666 1742 2288 3275 
3271 2666 1742 2288 3275 2667 1743 2289 3276 
3272 2667 1743 2289 3276 2668 1744 2290 3277 
3273 2668 1744 2290 3277 2669 1745 2291 3278 
3274 2669 1745 2291 3278 2670 1746 2292 3279 
3275 2670 1746 2292 3279 2671 1747 2293 3280 
3276 2671 1747 2293 3280 1396 1352 1378 1425 
3277 57 404 355 56 1170 3218 2189 1149 
3278 1170 3218 2189 1149 1171 3219 2190 1150 
3279 1171 3219 2190 1150 1172 3220 2191 1151 
3280 1172 3220 2191 1151 1173 3221 2192 1152 
3281 1173 3221 2192 1152 1174 3222 2193 1153 
3282 1174 3222 2193 1153 1175 3223 2194 1154 
3283 1175 3223 2194 1154 1176 3224 2195 1155 
3284 1176 3224 2195 1155 1177 3225 2196 1156 
3285 1177 3225 2196 1156 1178 3226 2197 1157 
3286 1178 3226 2197 1157 1179 3227 2198 1158 
3287 1179 3227 2198 1158 1180 3228 2199 1159 
3288 1180 3228 2199 1159 1181 3229 2200 1160 
3289 1181 3229 2200 1160 1182 3230 2201 1161 
3290 1182 3230 2201 1161 1183 3231 2202 1162 
3291 1183 3231 2202 1162 1184 3232 2203 1163 
3292 1184 3232 2203 1163 1185 3233 2204 1164 
3293 1185 3233 2204 1164 1186 3234 2205 1165 
3294 1186 3234 2205 1165 1187 3235 2206 1166 
3295 1187 3235 2206 1166 1188 3236 2207 1167 
3296 1188 3236 2207 1167 1189 3237 2208 1168 
3297 1189 3237 2208 1168 1190 3238 2209 1169 
3298 1190 3238 2209 1169 311 1423 1374 310 
3299 54 354 405 10 1107 2168 3239 287 
3300 1107 2168 3239 287 1108 2169 3240 288 
3301 1108 2169 3240 288 1109 2170 3241 289 
3302 1109 2170 3241 289 1110 2171 3242 290 
3303 1110 2171 3242 290 1111 2172 3243 291 
3304 1111 2172 3243 291 1112 2173 3244 292 
3305 1112 2173 3244 292 1113 2174 3245 293 
3306 1113 2174 3245 293 1114 2175 3246 294 
3307 1114 2175 3246 294 1115 2176 3247 295 
3308 1115 2176 3247 295 1116 2177 3248 296 
3309 1116 2177 3248 296 1117 2178 3249 297 
3310 1117 2178 3249 297 1118 2179 3250 298 
3311 1118 2179 3250 298 1119 2180 3251 299 
3312 1119 2180 3251 299 1120 2181 3252 300 
3313 1120 2181 3252 300 1121 2182 3253 301 
3314 1121 2182 3253 301 1122 2183 3254 302 
3315 1122 2183 3254 302 1123 2184 3255 303 
3316 1123 2184 3255 303 1124 2185 3256 304 
3317 1124 2185 3256 304 1125 2186 3257 305 
3318 1125 2186 3257 305 1126 2187 3258 306 
3319 1126 2187 3258 306 1127 2188 3259 307 
3320 1127 2188 3259 307 308 1373 1424 20 
3321 344 324 376 349 1958 1538 2630 2063 
3322 1958 1538 2630 2063 1959 1539 2631 2064 
3323 1959 1539 2631 2064 1960 1540 2632 2065 
3324 1960 1540 2632 2065 1961 1541 2633 2066 
3325 1961 1541 2633 2066 1962 1542 2634 2067 
3326 1962 1542 2634 2067 1963 1543 2635 2068 
3327 1963 1543 2635 2068 1964 1544 2636 2069 
3328 1964 1544 2636 2069 1965 1545 2637 2070 
3329 1965 1545 2637 2070 1966 1546 2638 2071 
3330 1966 1546 2638 2071 1967 1547 2639 2072 
3331 1967 1547 2639 2072 1968 1548 2640 2073 
3332 1968 1548 2640 2073 1969 1549 2641 2074 
3333 1969 1549 2641 2074 1970 1550 2642 2075 
3334 1970 1550 2642 2075 1971 1551 2643 2076 
3335 1971 1551 2643 2076 1972 1552 2644 2077 
3336 1972 1552 2644 2077 1973 1553 2645 2078 
3337 1973 1553 2645 2078 1974 1554 2646 2079 
3338 1974 1554 2646 2079 1975 1555 2647 2080 
3339 1975 1555 2647 2080 1976 1556 2648 2081 
3340 1976 1556 2648 2081 1977 1557 2649 2082 
3341 1977 1557 2649 2082 1978 1558 2650 2083 
3342 1978 1558 2650 2083 1363 1343 1395 1368 
3343 37 4 382 381 750 138 2756 2735 
3344 750 138 2756 2735 751 139 2757 2736 
3345 751 139 2757 2736 752 140 2758 2737 
3346 752 140 2758 2737 753 141 2759 2738 
3347 753 141 2759 2738 754 142 2760 2739 
3348 754 142 2760 2739 755 143 2761 2740 
3349 755 143 2761 2740 756 144 2762 2741 
3350 756 144 2762 2741 757 145 2763 2742 
3351 757 145 2763 2742 758 146 2764 2743 
3352 758 146 2764 2743 759 147 2765 2744 
3353 759 147 2765 2744 760 148 2766 2745 
3354 760 148 2766 2745 761 149 2767 2746 
3355 761 149 2767 2746 762 150 2768 2747 
3356 762 150 2768 2747 763 151 2769 2748 
3357 763 151 2769 2748 764 152 2770 2749 
3358 764 152 2770 2749 765 153 2771 2750 
3359 765 153 2771 2750 766 154 2772 2751 
3360 766 154 2772 2751 767 155 2773 2752 
3361 767 155 2773 2752 768 156 2774 2753 
3362 768 156 2774 2753 769 157 2775 2754 
3363 769 157 2775 2754 770 158 2776 2755 
3364 770 158 2776 2755 207 14 1401 1400 
3365 321 345 322 373 1475 1979 1496 2567 
3366 1475 1979 1496 2567 1476 1980 1497 2568 
3367 1476 1980 1497 2568 1477 1981 1498 2569 
3368 1477 1981 1498 2569 1478 1982 1499 2570 
3369 1478 1982 1499 2570 1479 1983 1500 2571 
3370 1479 1983 1500 2571 1480 1984 1501 2572 
3371 1480 1984 1501 2572 1481 1985 1502 2573 
3372 1481 1985 1502 2573 1482 1986 1503 2574 
3373 1482 1986 1503 2574 1483 1987 1504 2575 
3374 1483 1987 1504 2575 1484 1988 1505 2576 
3375 1484 1988 1505 2576 1485 1989 1506 2577 
3376 1485 1989 1506 2577 1486 1990 1507 2578 
3377 1486 1990 1507 2578 1487 1991 1508 2579 
3378 1487 1991 1508 2579 1488 1992 1509 2580 
3379 1488 1992 1509 2580 1489 1993 1510 2581 
3380 1489 1993 1510 2581 1490 1994 1511 2582 
3381 1490 1994 1511 2582 1491 1995 1512 2583 
3382 1491 1995 1512 2583 1492 1996 1513 2584 
3383 1492 1996 1513 2584 1493 1997 1514 2585 
3384 1493 1997 1514 2585 1494 1998 1515 2586 
3385 1494 1998 1515 2586 1495 1999 1516 2587 
3386 1495 1999 1516 2587 1340 1364 1341 1392 
3387 339 325 406 359 1853 1559 3260 2273 
3388 1853 1559 3260 2273 1854 1560 3261 2274 
3389 1854 1560 3261 2274 1855 1561 3262 2275 
3390 1855 1561 3262 2275 1856 1562 3263 2276 
3391 1856 1562 3263 2276 1857 1563 3264 2277 
3392 1857 1563 3264 2277 1858 1564 3265 2278 
3393 1858 1564 3265 2278 1859 1565 3266 2279 
3394 1859 1565 3266 2279 1860 1566 3267 2280 
3395 1860 1566 3267 2280 1861 1567 3268 2281 
3396 1861 1567 3268 2281 1862 1568 3269 2282 
3397 1862 1568 3269 2282 1863 1569 3270 2283 
3398 1863 1569 3270 2283 1864 1570 3271 2284 
3399 1864 1570 3271 2284 1865 1571 3272 2285 
3400 1865 1571 3272 2285 1866 1572 3273 2286 
3401 1866 1572 3273 2286 1867 1573 3274 2287 
3402 1867 1573 3274 2287 1868 1574 3275 2288 
3403 1868 1574 3275 2288 1869 1575 3276 2289 
3404 1869 1575 3276 2289 1870 1576 3277 2290 
3405 1870 1576 3277 2290 1871 1577 3278 2291 
3406 1871 1577 3278 2291 1872 1578 3279 2292 
3407 1872 1578 3279 2292 1873 1579 3280 2293 
3408 1873 1579 3280 2293 1358 1344 1425 1378 
3409 402 332 400 347 3176 1706 3134 2021 
3410 3176 1706 3134 2021 3177 1707 3135 2022 
3411 3177 1707 3135 2022 3178 1708 3136 2023 
3412 3178 1708 3136 2023 3179 1709 3137 2024 
3413 3179 1709 3137 2024 3180 1710 3138 2025 
3414 3180 1710 3138 2025 3181 1711 3139 2026 
3415 3181 1711 3139 2026 3182 1712 3140 2027 
3416 3182 1712 3140 2027 3183 1713 3141 2028 
3417 3183 1713 3141 2028 3184 1714 3142 2029 
3418 3184 1714 3142 2029 3185 1715 3143 2030 
3419 3185 1715 3143 2030 3186 1716 3144 2031 
3420 3186 1716 3144 2031 3187 1717 3145 2032 
3421 3187 1717 3145 2032 3188 1718 3146 2033 
3422 3188 1718 3146 2033 3189 1719 3147 2034 
3423 3189 1719 3147 2034 3190 1720 3148 2035 
3424 3190 1720 3148 2035 3191 1721 3149 2036 
3425 3191 1721 3149 2036 3192 1722 3150 2037 
3426 3192 1722 3150 2037 3193 1723 3151 2038 
3427 3193 1723 3151 2038 3194 1724 3152 2039 
3428 3194 1724 3152 2039 3195 1725 3153 2040 
3429 3195 1725 3153 2040 3196 1726 3154 2041 
3430 3196 1726 3154 2041 1421 1351 1419 1366 
3431 323 352 386 343 1517 2126 2840 1937 
3432 1517 2126 2840 1937 1518 2127 2841 1938 
3433 1518 2127 2841 1938 1519 2128 2842 1939 
3434 1519 2128 2842 1939 1520 2129 2843 1940 
3435 1520 2129 2843 1940 1521 2130 2844 1941 
3436 1521 2130 2844 1941 1522 2131 2845 1942 
3437 1522 2131 2845 1942 1523 2132 2846 1943 
3438 1523 2132 2846 1943 1524 2133 2847 1944 
3439 1524 2133 2847 1944 1525 2134 2848 1945 
3440 1525 2134 2848 1945 1526 2135 2849 1946 
3441 1526 2135 2849 1946 1527 2136 2850 1947 
3442 1527 2136 2850 1947 1528 2137 2851 1948 
3443 1528 2137 2851 1948 1529 2138 2852 1949 
3444 1529 2138 2852 1949 1530 2139 2853 1950 
3445 1530 2139 2853 1950 1531 2140 2854 1951 
3446 1531 2140 2854 1951 1532 2141 2855 1952 
3447 1532 2141 2855 1952 1533 2142 2856 1953 
3448 1533 2142 2856 1953 1534 2143 2857 1954 
3449 1534 2143 2857 1954 1535 2144 2858 1955 
3450 1535 2144 2858 1955 1536 2145 2859 1956 
3451 1536 2145 2859 1956 1537 2146 2860 1957 
3452 1537 2146 2860 1957 1342 1371 1405 1362 
3453 379 385 351 344 2693 2819 2105 1958 
3454 2693 2819 2105 1958 2694 2820 2106 1959 
3455 2694 2820 2106 1959 2695 2821 2107 1960 
3456 2695 2821 2107 1960 2696 2822 2108 1961 
3457 2696 2822 2108 1961 2697 2823 2109 1962 
3458 2697 2823 2109 1962 2698 2824 2110 1963 
3459 2698 2824 2110 1963 2699 2825 2111 1964 
3460 2699 2825 2111 1964 2700 2826 2112 1965 
3461 2700 2826 2112 1965 2701 2827 2113 1966 
3462 2701 2827 2113 1966 2702 2828 2114 1967 
3463 2702 2828 2114 1967 2703 2829 2115 1968 
3464 2703 2829 2115 1968 2704 2830 2116 1969 
3465 2704 2830 2116 1969 2705 2831 2117 1970 
3466 2705 2831 2117 1970 2706 2832 2118 1971 
3467 2706 2832 2118 1971 2707 2833 2119 1972 
3468 2707 2833 2119 1972 2708 2834 2120 1973 
3469 2708 2834 2120 1973 2709 2835 2121 1974 
3470 2709 2835 2121 1974 2710 2836 2122 1975 
3471 2710 2836 2122 1975 2711 2837 2123 1976 
3472 2711 2837 2123 1976 2712 2838 2124 1977 
3473 2712 2838 2124 1977 2713 2839 2125 1978 
3474 2713 2839 2125 1978 1398 1404 1370 1363 
3475 6 41 40 399 186 834 813 3113 
3476 186 834 813 3113 187 835 814 3114 
3477 187 835 814 3114 188 836 815 3115 
3478 188 836 815 3115 189 837 816 3116 
3479 189 837 816 3116 190 838 817 3117 
3480 190 838 817 3117 191 839 818 3118 
3481 191 839 818 3118 192 840 819 3119 
3482 192 840 819 3119 193 841 820 3120 
3483 193 841 820 3120 194 842 821 3121 
3484 194 842 821 3121 195 843 822 3122 
3485 195 843 822 3122 196 844 823 3123 
3486 196 844 823 3123 197 845 824 3124 
3487 197 845 824 3124 198 846 825 3125 
3488 198 846 825 3125 199 847 826 3126 
3489 199 847 826 3126 200 848 827 3127 
3490 200 848 827 3127 201 849 828 3128 
3491 201 849 828 3128 202 850 829 3129 
3492 202 850 829 3129 203 851 830 3130 
3493 203 851 830 3130 204 852 831 3131 
3494 204 852 831 3131 205 853 832 3132 
3495 205 853 832 3132 206 854 833 3133 
3496 206 854 833 3133 16 211 210 1418 
3497 47 329 387 364 960 1643 2861 2378 
3498 960 1643 2861 2378 961 1644 2862 2379 
3499 961 1644 2862 2379 962 1645 2863 2380 
3500 962 1645 2863 2380 963 1646 2864 2381 
3501 963 1646 2864 2381 964 1647 2865 2382 
3502 964 1647 2865 2382 965 1648 2866 2383 
3503 965 1648 2866 2383 966 1649 2867 2384 
3504 966 1649 2867 2384 967 1650 2868 2385 
3505 967 1650 2868 2385 968 1651 2869 2386 
3506 968 1651 2869 2386 969 1652 2870 2387 
3507 969 1652 2870 2387 970 1653 2871 2388 
3508 970 1653 2871 2388 971 1654 2872 2389 
3509 971 1654 2872 2389 972 1655 2873 2390 
3510 972 1655 2873 2390 973 1656 2874 2391 
3511 973 1656 2874 2391 974 1657 2875 2392 
3512 974 1657 2875 2392 975 1658 2876 2393 
3513 975 1658 2876 2393 976 1659 2877 2394 
3514 976 1659 2877 2394 977 1660 2878 2395 
3515 977 1660 2878 2395 978 1661 2879 2396 
3516 978 1661 2879 2396 979 1662 2880 2397 
3517 979 1662 2880 2397 980 1663 2881 2398 
3518 980 1663 2881 2398 259 1348 1406 1383 
3519 38 368 398 39 771 2462 3092 792 
3520 771 2462 3092 792 772 2463 3093 793 
3521 772 2463 3093 793 773 2464 3094 794 
3522 773 2464 3094 794 774 2465 3095 795 
3523 774 2465 3095 795 775 2466 3096 796 
3524 775 2466 3096 796 776 2467 3097 797 
3525 776 2467 3097 797 777 2468 3098 798 
3526 777 2468 3098 798 778 2469 3099 799 
3527 778 2469 3099 799 779 2470 3100 800 
3528 779 2470 3100 800 780 2471 3101 801 
3529 780 2471 3101 801 781 2472 3102 802 
3530 781 2472 3102 802 782 2473 3103 803 
3531 782 2473 3103 803 783 2474 3104 804 
3532 783 2474 3104 804 784 2475 3105 805 
3533 784 2475 3105 805 785 2476 3106 806 
3534 785 2476 3106 806 786 2477 3107 807 
3535 786 2477 3107 807 787 2478 3108 808 
3536 787 2478 3108 808 788 2479 3109 809 
3537 788 2479 3109 809 789 2480 3110 810 
3538 789 2480 3110 810 790 2481 3111 811 
3539 790 2481 3111 811 791 2482 3112 812 
3540 791 2482 3112 812 208 1387 1417 209 
3541 362 335 413 363 2336 1769 3407 2357 
3542 2336 1769 3407 2357 2337 1770 3408 2358 
3543 2337 1770 3408 2358 2338 1771 3409 2359 
3544 2338 1771 3409 2359 2339 1772 3410 2360 
3545 2339 1772 3410 2360 2340 1773 3411 2361 
3546 2340 1773 3411 2361 2341 1774 3412 2362 
3547 2341 1774 3412 2362 2342 1775 3413 2363 
3548 2342 1775 3413 2363 2343 1776 3414 2364 
3549 2343 1776 3414 2364 2344 1777 3415 2365 
3550 2344 1777 3415 2365 2345 1778 3416 2366 
3551 2345 1778 3416 2366 2346 1779 3417 2367 
3552 2346 1779 3417 2367 2347 1780 3418 2368 
3553 2347 1780 3418 2368 2348 1781 3419 2369 
3554 2348 1781 3419 2369 2349 1782 3420 2370 
3555 2349 1782 3420 2370 2350 1783 3421 2371 
3556 2350 1783 3421 2371 2351 1784 3422 2372 
3557 2351 1784 3422 2372 2352 1785 3423 2373 
3558 2352 1785 3423 2373 2353 1786 3424 2374 
3559 2353 1786 3424 2374 2354 1787 3425 2375 
3560 2354 1787 3425 2375 2355 1788 3426 2376 
3561 2355 1788 3426 2376 2356 1789 3427 2377 
3562 2356 1789 3427 2377 1381 1354 1432 1382 
3563 322 345 394 338 1496 1979 3008 1832 
3564 1496 1979 3008 1832 1497 1980 3009 1833 
3565 1497 1980 3009 1833 1498 1981 3010 1834 
3566 1498 1981 3010 1834 1499 1982 3011 1835 
3567 1499 1982 3011 1835 1500 1983 3012 1836 
3568 1500 1983 3012 1836 1501 1984 3013 1837 
3569 1501 1984 3013 1837 1502 1985 3014 1838 
3570 1502 1985 3014 1838 1503 1986 3015 1839 
3571 1503 1986 3015 1839 1504 1987 3016 1840 
3572 1504 1987 3016 1840 1505 1988 3017 1841 
3573 1505 1988 3017 1841 1506 1989 3018 1842 
3574 1506 1989 3018 1842 1507 1990 3019 1843 
3575 1507 1990 3019 1843 1508 1991 3020 1844 
3576 1508 1991 3020 1844 1509 1992 3021 1845 
3577 1509 1992 3021 1845 1510 1993 3022 1846 
3578 1510 1993 3022 1846 1511 1994 3023 1847 
3579 1511 1994 3023 1847 1512 1995 3024 1848 
3580 1512 1995 3024 1848 1513 1996 3025 1849 
3581 1513 1996 3025 1849 1514 1997 3026 1850 
3582 1514 1997 3026 1850 1515 1998 3027 1851 
3583 1515 1998 3027 1851 1516 1999 3028 1852 
3584 1516 1999 3028 1852 1341 1364 1413 1357 
3585 390 326 389 371 2924 1580 2903 2525 
3586 2924 1580 2903 2525 2925 1581 2904 2526 
3587 2925 1581 2904 2526 2926 1582 2905 2527 
3588 2926 1582 2905 2527 2927 1583 2906 2528 
3589 2927 1583 2906 2528 2928 1584 2907 2529 
3590 2928 1584 2907 2529 2929 1585 2908 2530 
3591 2929 1585 2908 2530 2930 1586 2909 2531 
3592 2930 1586 2909 2531 2931 1587 2910 2532 
3593 2931 1587 2910 2532 2932 1588 2911 2533 
3594 2932 1588 2911 2533 2933 1589 2912 2534 
3595 2933 1589 2912 2534 2934 1590 2913 2535 
3596 2934 1590 2913 2535 2935 1591 2914 2536 
3597 2935 1591 2914 2536 2936 1592 2915 2537 
3598 2936 1592 2915 2537 2937 1593 2916 2538 
3599 2937 1593 2916 2538 2938 1594 2917 2539 
3600 2938 1594 2917 2539 2939 1595 2918 2540 
3601 2939 1595 2918 2540 2940 1596 2919 2541 
3602 2940 1596 2919 2541 2941 1597 2920 2542 
3603 2941 1597 2920 2542 2942 1598 2921 2543 
3604 2942 1598 2921 2543 2943 1599 2922 2544 
3605 2943 1599 2922 2544 2944 1600 2923 2545 
3606 2944 1600 2923 2545 1409 1345 1408 1390 
3607 366 330 396 357 2420 1664 3050 2231 
3608 2420 1664 3050 2231 2421 1665 3051 2232 
3609 2421 1665 3051 2232 2422 1666 3052 2233 
3610 2422 1666 3052 2233 2423 1667 3053 2234 
3611 2423 1667 3053 2234 2424 1668 3054 2235 
3612 2424 1668 3054 2235 2425 1669 3055 2236 
3613 2425 1669 3055 2236 2426 1670 3056 2237 
3614 2426 1670 3056 2237 2427 1671 3057 2238 
3615 2427 1671 3057 2238 2428 1672 3058 2239 
3616 2428 1672 3058 2239 2429 1673 3059 2240 
3617 2429 1673 3059 2240 2430 1674 3060 2241 
3618 2430 1674 3060 2241 2431 1675 3061 2242 
3619 2431 1675 3061 2242 2432 1676 3062 2243 
3620 2432 1676 3062 2243 2433 1677 3063 2244 
3621 2433 1677 3063 2244 2434 1678 3064 2245 
3622 2434 1678 3064 2245 2435 1679 3065 2246 
3623 2435 1679 3065 2246 2436 1680 3066 2247 
3624 2436 1680 3066 2247 2437 1681 3067 2248 
3625 2437 1681 3067 2248 2438 1682 3068 2249 
3626 2438 1682 3068 2249 2439 1683 3069 2250 
3627 2439 1683 3069 2250 2440 1684 3070 2251 
3628 2440 1684 3070 2251 1385 1349 1415 1376 
3629 373 331 411 321 2567 1685 3365 1475 
3630 2567 1685 3365 1475 2568 1686 3366 1476 
3631 2568 1686 3366 1476 2569 1687 3367 1477 
3632 2569 1687 3367 1477 2570 1688 3368 1478 
3633 2570 1688 3368 1478 2571 1689 3369 1479 
3634 2571 1689 3369 1479 2572 1690 3370 1480 
3635 2572 1690 3370 1480 2573 1691 3371 1481 
3636 2573 1691 3371 1481 2574 1692 3372 1482 
3637 2574 1692 3372 1482 2575 1693 3373 1483 
3638 2575 1693 3373 1483 2576 1694 3374 1484 
3639 2576 1694 3374 1484 2577 1695 3375 1485 
3640 2577 1695 3375 1485 2578 1696 3376 1486 
3641 2578 1696 3376 1486 2579 1697 3377 1487 
3642 2579 1697 3377 1487 2580 1698 3378 1488 
3643 2580 1698 3378 1488 2581 1699 3379 1489 
3644 2581 1699 3379 1489 2582 1700 3380 1490 
3645 2582 1700 3380 1490 2583 1701 3381 1491 
3646 2583 1701 3381 1491 2584 1702 3382 1492 
3647 2584 1702 3382 1492 2585 1703 3383 1493 
3648 2585 1703 3383 1493 2586 1704 3384 1494 
3649 2586 1704 3384 1494 2587 1705 3385 1495 
3650 2587 1705 3385 1495 1392 1350 1430 1340 
3651 410 2 25 360 3344 86 498 2294 
3652 3344 86 498 2294 3345 87 499 2295 
3653 3345 87 499 2295 3346 88 500 2296 
3654 3346 88 500 2296 3347 89 501 2297 
3655 3347 89 501 2297 3348 90 502 2298 
3656 3348 90 502 2298 3349 91 503 2299 
3657 3349 91 503 2299 3350 92 504 2300 
3658 3350 92 504 2300 3351 93 505 2301 
3659 3351 93 505 2301 3352 94 506 2302 
3660 3352 94 506 2302 3353 95 507 2303 
3661 3353 95 507 2303 3354 96 508 2304 
3662 3354 96 508 2304 3355 97 509 2305 
3663 3355 97 509 2305 3356 98 510 2306 
3664 3356 98 510 2306 3357 99 511 2307 
3665 3357 99 511 2307 3358 100 512 2308 
3666 3358 100 512 2308 3359 101 513 2309 
3667 3359 101 513 2309 3360 102 514 2310 
3668 3360 102 514 2310 3361 103 515 2311 
3669 3361 103 515 2311 3362 104 516 2312 
3670 3362 104 516 2312 3363 105 517 2313 
3671 3363 105 517 2313 3364 106 518 2314 
3672 3364 106 518 2314 1429 12 111 1379 
3673 43 42 7 361 876 855 212 2315 
3674 876 855 212 2315 877 856 213 2316 
3675 877 856 213 2316 878 857 214 2317 
3676 878 857 214 2317 879 858 215 2318 
3677 879 858 215 2318 880 859 216 2319 
3678 880 859 216 2319 881 860 217 2320 
3679 881 860 217 2320 882 861 218 2321 
3680 882 861 218 2321 883 862 219 2322 
3681 883 862 219 2322 884 863 220 2323 
3682 884 863 220 2323 885 864 221 2324 
3683 885 864 221 2324 886 865 222 2325 
3684 886 865 222 2325 887 866 223 2326 
3685 887 866 223 2326 888 867 224 2327 
3686 888 867 224 2327 889 868 225 2328 
3687 889 868 225 2328 890 869 226 2329 
3688 890 869 226 2329 891 870 227 2330 
3689 891 870 227 2330 892 871 228 2331 
3690 892 871 228 2331 893 872 229 2332 
3691 893 872 229 2332 894 873 230 2333 
3692 894 873 230 2333 895 874 231 2334 
3693 895 874 231 2334 896 875 232 2335 
3694 896 875 232 2335 234 233 17 1380 
3695 363 413 358 327 2357 3407 2252 1601 
3696 2357 3407 2252 1601 2358 3408 2253 1602 
3697 2358 3408 2253 1602 2359 3409 2254 1603 
3698 2359 3409 2254 1603 2360 3410 2255 1604 
3699 2360 3410 2255 1604 2361 3411 2256 1605 
3700 2361 3411 2256 1605 2362 3412 2257 1606 
3701 2362 3412 2257 1606 2363 3413 2258 1607 
3702 2363 3413 2258 1607 2364 3414 2259 1608 
3703 2364 3414 2259 1608 2365 3415 2260 1609 
3704 2365 3415 2260 1609 2366 3416 2261 1610 
3705 2366 3416 2261 1610 2367 3417 2262 1611 
3706 2367 3417 2262 1611 2368 3418 2263 1612 
3707 2368 3418 2263 1612 2369 3419 2264 1613 
3708 2369 3419 2264 1613 2370 3420 2265 1614 
3709 2370 3420 2265 1614 2371 3421 2266 1615 
3710 2371 3421 2266 1615 2372 3422 2267 1616 
3711 2372 3422 2267 1616 2373 3423 2268 1617 
3712 2373 3423 2268 1617 2374 3424 2269 1618 
3713 2374 3424 2269 1618 2375 3425 2270 1619 
3714 2375 3425 2270 1619 2376 3426 2271 1620 
3715 2376 3426 2271 1620 2377 3427 2272 1621 
3716 2377 3427 2272 1621 1382 1432 1377 1346 
3717 326 390 366 346 1580 2924 2420 2000 
3718 1580 2924 2420 2000 1581 2925 2421 2001 
3719 1581 2925 2421 2001 1582 2926 2422 2002 
3720 1582 2926 2422 2002 1583 2927 2423 2003 
3721 1583 2927 2423 2003 1584 2928 2424 2004 
3722 1584 2928 2424 2004 1585 2929 2425 2005 
3723 1585 2929 2425 2005 1586 2930 2426 2006 
3724 1586 2930 2426 2006 1587 2931 2427 2007 
3725 1587 2931 2427 2007 1588 2932 2428 2008 
3726 1588 2932 2428 2008 1589 2933 2429 2009 
3727 1589 2933 2429 2009 1590 2934 2430 2010 
3728 1590 2934 2430 2010 1591 2935 2431 2011 
3729 1591 2935 2431 2011 1592 2936 2432 2012 
3730 1592 2936 2432 2012 1593 2937 2433 2013 
3731 1593 2937 2433 2013 1594 2938 2434 2014 
3732 1594 2938 2434 2014 1595 2939 2435 2015 
3733 1595 2939 2435 2015 1596 2940 2436 2016 
3734 1596 2940 2436 2016 1597 2941 2437 2017 
3735 1597 2941 2437 2017 1598 2942 2438 2018 
3736 1598 2942 2438 2018 1599 2943 2439 2019 
3737 1599 2943 2439 2019 1600 2944 2440 2020 
3738 1600 2944 2440 2020 1345 1409 1385 1365 
3739 368 337 399 398 2462 1811 3113 3092 
3740 2462 1811 3113 3092 2463 1812 3114 3093 
3741 2463 1812 3114 3093 2464 1813 3115 3094 
3742 2464 1813 3115 3094 2465 1814 3116 3095 
3743 2465 1814 3116 3095 2466 1815 3117 3096 
3744 2466 1815 3117 3096 2467 1816 3118 3097 
3745 2467 1816 3118 3097 2468 1817 3119 3098 
3746 2468 1817 3119 3098 2469 1818 3120 3099 
3747 2469 1818 3120 3099 2470 1819 3121 3100 
3748 2470 1819 3121 3100 2471 1820 3122 3101 
3749 2471 1820 3122 3101 2472 1821 3123 3102 
3750 2472 1821 3123 3102 2473 1822 3124 3103 
3751 2473 1822 3124 3103 2474 1823 3125 3104 
3752 2474 1823 3125 3104 2475 1824 3126 3105 
3753 2475 1824 3126 3105 2476 1825 3127 3106 
3754 2476 1825 3127 3106 2477 1826 3128 3107 
3755 2477 1826 3128 3107 2478 1827 3129 3108 
3756 2478 1827 3129 3108 2479 1828 3130 3109 
3757 2479 1828 3130 3109 2480 1829 3131 3110 
3758 2480 1829 3131 3110 2481 1830 3132 3111 
3759 2481 1830 3132 3111 2482 1831 3133 3112 
3760 2482 1831 3133 3112 1387 1356 1418 1417 
3761 373 322 372 407 2567 1496 2546 3281 
3762 2567 1496 2546 3281 2568 1497 2547 3282 
3763 2568 1497 2547 3282 2569 1498 2548 3283 
3764 2569 1498 2548 3283 2570 1499 2549 3284 
3765 2570 1499 2549 3284 2571 1500 2550 3285 
3766 2571 1500 2550 3285 2572 1501 2551 3286 
3767 2572 1501 2551 3286 2573 1502 2552 3287 
3768 2573 1502 2552 3287 2574 1503 2553 3288 
3769 2574 1503 2553 3288 2575 1504 2554 3289 
3770 2575 1504 2554 3289 2576 1505 2555 3290 
3771 2576 1505 2555 3290 2577 1506 2556 3291 
3772 2577 1506 2556 3291 2578 1507 2557 3292 
3773 2578 1507 2557 3292 2579 1508 2558 3293 
3774 2579 1508 2558 3293 2580 1509 2559 3294 
3775 2580 1509 2559 3294 2581 1510 2560 3295 
3776 2581 1510 2560 3295 2582 1511 2561 3296 
3777 2582 1511 2561 3296 2583 1512 2562 3297 
3778 2583 1512 2562 3297 2584 1513 2563 3298 
3779 2584 1513 2563 3298 2585 1514 2564 3299 
3780 2585 1514 2564 3299 2586 1515 2565 3300 
3781 2586 1515 2565 3300 2587 1516 2566 3301 
3782 2587 1516 2566 3301 1392 1341 1391 1426 
3783 35 36 379 392 708 729 2693 2966 
3784 708 729 2693 2966 709 730 2694 2967 
3785 709 730 2694 2967 710 731 2695 2968 
3786 710 731 2695 2968 711 732 2696 2969 
3787 711 732 2696 2969 712 733 2697 2970 
3788 712 733 2697 2970 713 734 2698 2971 
3789 713 734 2698 2971 714 735 2699 2972 
3790 714 735 2699 2972 715 736 2700 2973 
3791 715 736 2700 2973 716 737 2701 2974 
3792 716 737 2701 2974 717 738 2702 2975 
3793 717 738 2702 2975 718 739 2703 2976 
3794 718 739 2703 2976 719 740 2704 2977 
3795 719 740 2704 2977 720 741 2705 2978 
3796 720 741 2705 2978 721 742 2706 2979 
3797 721 742 2706 2979 722 743 2707 2980 
3798 722 743 2707 2980 723 744 2708 2981 
3799 723 744 2708 2981 724 745 2709 2982 
3800 724 745 2709 2982 725 746 2710 2983 
3801 725 746 2710 2983 726 747 2711 2984 
3802 726 747 2711 2984 727 748 2712 2985 
3803 727 748 2712 2985 728 749 2713 2986 
3804 728 749 2713 2986 184 185 1398 1411 
3805 1 26 393 378 65 519 2987 2672 
3806 65 519 2987 2672 66 520 2988 2673 
3807 66 520 2988 2673 67 521 2989 2674 
3808 67 521 2989 2674 68 522 2990 2675 
3809 68 522 2990 2675 69 523 2991 2676 
3810 69 523 2991 2676 70 524 2992 2677 
3811 70 524 2992 2677 71 525 2993 2678 
3812 71 525 2993 2678 72 526 2994 2679 
3813 72 526 2994 2679 73 527 2995 2680 
3814 73 527 2995 2680 74 528 2996 2681 
3815 74 528 2996 2681 75 529 2997 2682 
3816 75 529 2997 2682 76 530 2998 2683 
3817 76 530 2998 2683 77 531 2999 2684 
3818 77 531 2999 2684 78 532 3000 2685 
3819 78 532 3000 2685 79 533 3001 2686 
3820 79 533 3001 2686 80 534 3002 2687 
3821 80 534 3002 2687 81 535 3003 2688 
3822 81 535 3003 2688 82 536 3004 2689 
3823 82 536 3004 2689 83 537 3005 2690 
3824 83 537 3005 2690 84 538 3006 2691 
3825 84 538 3006 2691 85 539 3007 2692 
3826 85 539 3007 2692 11 133 1412 1397 
3827 373 407 374 331 2567 3281 2588 1685 
3828 2567 3281 2588 1685 2568 3282 2589 1686 
3829 2568 3282 2589 1686 2569 3283 2590 1687 
3830 2569 3283 2590 1687 2570 3284 2591 1688 
3831 2570 3284 2591 1688 2571 3285 2592 1689 
3832 2571 3285 2592 1689 2572 3286 2593 1690 
3833 2572 3286 2593 1690 2573 3287 2594 1691 
3834 2573 3287 2594 1691 2574 3288 2595 1692 
3835 2574 3288 2595 1692 2575 3289 2596 1693 
3836 2575 3289 2596 1693 2576 3290 2597 1694 
3837 2576 3290 2597 1694 2577 3291 2598 1695 
3838 2577 3291 2598 1695 2578 3292 2599 1696 
3839 2578 3292 2599 1696 2579 3293 2600 1697 
3840 2579 3293 2600 1697 2580 3294 2601 1698 
3841 2580 3294 2601 1698 2581 3295 2602 1699 
3842 2581 3295 2602 1699 2582 3296 2603 1700 
3843 2582 3296 2603 1700 2583 3297 2604 1701 
3844 2583 3297 2604 1701 2584 3298 2605 1702 
3845 2584 3298 2605 1702 2585 3299 2606 1703 
3846 2585 3299 2606 1703 2586 3300 2607 1704 
3847 2586 3300 2607 1704 2587 3301 2608 1705 
3848 2587 3301 2608 1705 1392 1426 1393 1350 
3849 345 327 376 394 1979 1601 2630 3008 
3850 1979 1601 2630 3008 1980 1602 2631 3009 
3851 1980 1602 2631 3009 1981 1603 2632 3010 
3852 1981 1603 2632 3010 1982 1604 2633 3011 
3853 1982 1604 2633 3011 1983 1605 2634 3012 
3854 1983 1605 2634 3012 1984 1606 2635 3013 
3855 1984 1606 2635 3013 1985 1607 2636 3014 
3856 1985 1607 2636 3014 1986 1608 2637 3015 
3857 1986 1608 2637 3015 1987 1609 2638 3016 
3858 1987 1609 2638 3016 1988 1610 2639 3017 
3859 1988 1610 2639 3017 1989 1611 2640 3018 
3860 1989 1611 2640 3018 1990 1612 2641 3019 
3861 1990 1612 2641 3019 1991 1613 2642 3020 
3862 1991 1613 2642 3020 1992 1614 2643 3021 
3863 1992 1614 2643 3021 1993 1615 2644 3022 
3864 1993 1615 2644 3022 1994 1616 2645 3023 
3865 1994 1616 2645 3023 1995 1617 2646 3024 
3866 1995 1617 2646 3024 1996 1618 2647 3025 
3867 1996 1618 2647 3025 1997 1619 2648 3026 
3868 1997 1619 2648 3026 1998 1620 2649 3027 
3869 1998 1620 2649 3027 1999 1621 2650 3028 
3870 1999 1621 2650 3028 1364 1346 1395 1413 
3871 53 355 404 9 1086 2189 3218 260 
3872 1086 2189 3218 260 1087 2190 3219 261 
3873 1087 2190 3219 261 1088 2191 3220 262 
3874 1088 2191 3220 262 1089 2192 3221 263 
3875 1089 2192 3221 263 1090 2193 3222 264 
3876 1090 2193 3222 264 1091 2194 3223 265 
3877 1091 2194 3223 265 1092 2195 3224 266 
3878 1092 2195 3224 266 1093 2196 3225 267 
3879 1093 2196 3225 267 1094 2197 3226 268 
3880 1094 2197 3226 268 1095 2198 3227 269 
3881 1095 2198 3227 269 1096 2199 3228 270 
3882 1096 2199 3228 270 1097 2200 3229 271 
3883 1097 2200 3229 271 1098 2201 3230 272 
3884 1098 2201 3230 272 1099 2202 3231 273 
3885 1099 2202 3231 273 1100 2203 3232 274 
3886 1100 2203 3232 274 1101 2204 3233 275 
3887 1101 2204 3233 275 1102 2205 3234 276 
3888 1102 2205 3234 276 1103 2206 3235 277 
3889 1103 2206 3235 277 1104 2207 3236 278 
3890 1104 2207 3236 278 1105 2208 3237 279 
3891 1105 2208 3237 279 1106 2209 3238 280 
3892 1106 2209 3238 280 286 1374 1423 19 
3893 49 8 405 354 1002 238 3239 2168 
3894 1002 238 3239 2168 1003 239 3240 2169 
3895 1003 239 3240 2169 1004 240 3241 2170 
3896 1004 240 3241 2170 1005 241 3242 2171 
3897 1005 241 3242 2171 1006 242 3243 2172 
3898 1006 242 3243 2172 1007 243 3244 2173 
3899 1007 243 3244 2173 1008 244 3245 2174 
3900 1008 244 3245 2174 1009 245 3246 2175 
3901 1009 245 3246 2175 1010 246 3247 2176 
3902 1010 246 3247 2176 1011 247 3248 2177 
3903 1011 247 3248 2177 1012 248 3249 2178 
3904 1012 248 3249 2178 1013 249 3250 2179 
3905 1013 249 3250 2179 1014 250 3251 2180 
3906 1014 250 3251 2180 1015 251 3252 2181 
3907 1015 251 3252 2181 1016 252 3253 2182 
3908 1016 252 3253 2182 1017 253 3254 2183 
3909 1017 253 3254 2183 1018 254 3255 2184 
3910 1018 254 3255 2184 1019 255 3256 2185 
3911 1019 255 3256 2185 1020 256 3257 2186 
3912 1020 256 3257 2186 1021 257 3258 2187 
3913 1021 257 3258 2187 1022 258 3259 2188 
3914 1022 258 3259 2188 282 18 1424 1373 
3915 367 412 356 319 2441 3386 2210 1433 
3916 2441 3386 2210 1433 2442 3387 2211 1434 
3917 2442 3387 2211 1434 2443 3388 2212 1435 
3918 2443 3388 2212 1435 2444 3389 2213 1436 
3919 2444 3389 2213 1436 2445 3390 2214 1437 
3920 2445 3390 2214 1437 2446 3391 2215 1438 
3921 2446 3391 2215 1438 2447 3392 2216 1439 
3922 2447 3392 2216 1439 2448 3393 2217 1440 
3923 2448 3393 2217 1440 2449 3394 2218 1441 
3924 2449 3394 2218 1441 2450 3395 2219 1442 
3925 2450 3395 2219 1442 2451 3396 2220 1443 
3926 2451 3396 2220 1443 2452 3397 2221 1444 
3927 2452 3397 2221 1444 2453 3398 2222 1445 
3928 2453 3398 2222 1445 2454 3399 2223 1446 
3929 2454 3399 2223 1446 2455 3400 2224 1447 
3930 2455 3400 2224 1447 2456 3401 2225 1448 
3931 2456 3401 2225 1448 2457 3402 2226 1449 
3932 2457 3402 2226 1449 2458 3403 2227 1450 
3933 2458 3403 2227 1450 2459 3404 2228 1451 
3934 2459 3404 2228 1451 2460 3405 2229 1452 
3935 2460 3405 2229 1452 2461 3406 2230 1453 
3936 2461 3406 2230 1453 1386 1431 1375 1338 
3937 332 408 356 412 1706 3302 2210 3386 
3938 1706 3302 2210 3386 1707 3303 2211 3387 
3939 1707 3303 2211 3387 1708 3304 2212 3388 
3940 1708 3304 2212 3388 1709 3305 2213 3389 
3941 1709 3305 2213 3389 1710 3306 2214 3390 
3942 1710 3306 2214 3390 1711 3307 2215 3391 
3943 1711 3307 2215 3391 1712 3308 2216 3392 
3944 1712 3308 2216 3392 1713 3309 2217 3393 
3945 1713 3309 2217 3393 1714 3310 2218 3394 
3946 1714 3310 2218 3394 1715 3311 2219 3395 
3947 1715 3311 2219 3395 1716 3312 2220 3396 
3948 1716 3312 2220 3396 1717 3313 2221 3397 
3949 1717 3313 2221 3397 1718 3314 2222 3398 
3950 1718 3314 2222 3398 1719 3315 2223 3399 
3951 1719 3315 2223 3399 1720 3316 2224 3400 
3952 1720 3316 2224 3400 1721 3317 2225 3401 
3953 1721 3317 2225 3401 1722 3318 2226 3402 
3954 1722 3318 2226 3402 1723 3319 2227 3403 
3955 1723 3319 2227 3403 1724 3320 2228 3404 
3956 1724 3320 2228 3404 1725 3321 2229 3405 
3957 1725 3321 2229 3405 1726 3322 2230 3406 
3958 1726 3322 2230 3406 1351 1427 1375 1431 
3959 382 334 368 381 2756 1748 2462 2735 
3960 2756 1748 2462 2735 2757 1749 2463 2736 
3961 2757 1749 2463 2736 2758 1750 2464 2737 
3962 2758 1750 2464 2737 2759 1751 2465 2738 
3963 2759 1751 2465 2738 2760 1752 2466 2739 
3964 2760 1752 2466 2739 2761 1753 2467 2740 
3965 2761 1753 2467 2740 2762 1754 2468 2741 
3966 2762 1754 2468 2741 2763 1755 2469 2742 
3967 2763 1755 2469 2742 2764 1756 2470 2743 
3968 2764 1756 2470 2743 2765 1757 2471 2744 
3969 2765 1757 2471 2744 2766 1758 2472 2745 
3970 2766 1758 2472 2745 2767 1759 2473 2746 
3971 2767 1759 2473 2746 2768 1760 2474 2747 
3972 2768 1760 2474 2747 2769 1761 2475 2748 
3973 2769 1761 2475 2748 2770 1762 2476 2749 
3974 2770 1762 2476 2749 2771 1763 2477 2750 
3975 2771 1763 2477 2750 2772 1764 2478 2751 
3976 2772 1764 2478 2751 2773 1765 2479 2752 
3977 2773 1765 2479 2752 2774 1766 2480 2753 
3978 2774 1766 2480 2753 2775 1767 2481 2754 
3979 2775 1767 2481 2754 2776 1768 2482 2755 
3980 2776 1768 2482 2755 1401 1353 1387 1400 
3981 401 337 409 380 3155 1811 3323 2714 
3982 3155 1811 3323 2714 3156 1812 3324 2715 
3983 3156 1812 3324 2715 3157 1813 3325 2716 
3984 3157 1813 3325 2716 3158 1814 3326 2717 
3985 3158 1814 3326 2717 3159 1815 3327 2718 
3986 3159 1815 3327 2718 3160 1816 3328 2719 
3987 3160 1816 3328 2719 3161 1817 3329 2720 
3988 3161 1817 3329 2720 3162 1818 3330 2721 
3989 3162 1818 3330 2721 3163 1819 3331 2722 
3990 3163 1819 3331 2722 3164 1820 3332 2723 
3991 3164 1820 3332 2723 3165 1821 3333 2724 
3992 3165 1821 3333 2724 3166 1822 3334 2725 
3993 3166 1822 3334 2725 3167 1823 3335 2726 
3994 3167 1823 3335 2726 3168 1824 3336 2727 
3995 3168 1824 3336 2727 3169 1825 3337 2728 
3996 3169 1825 3337 2728 3170 1826 3338 2729 
3997 3170 1826 3338 2729 3171 1827 3339 2730 
3998 3171 1827 3339 2730 3172 1828 3340 2731 
3999 3172 1828 3340 2731 3173 1829 3341 2732 
4000 3173 1829 3341 2732 3174 1830 3342 2733 
4001 3174 1830 3342 2733 3175 1831 3343 2734 
4002 3175 1831 3343 2734 1420 1356 1428 1399 
4003 370 320 377 389 2504 1454 2651 2903 
4004 2504 1454 2651 2903 2505 1455 2652 2904 
4005 2505 1455 2652 2904 2506 1456 2653 2905 
4006 2506 1456 2653 2905 2507 1457 2654 2906 
4007 2507 1457 2654 2906 2508 1458 2655 2907 
4008 2508 1458 2655 2907 2509 1459 2656 2908 
4009 2509 1459 2656 2908 2510 1460 2657 2909 
4010 2510 1460 2657 2909 2511 1461 2658 2910 
4011 2511 1461 2658 2910 2512 1462 2659 2911 
4012 2512 1462 2659 2911 2513 1463 2660 2912 
4013 2513 1463 2660 2912 2514 1464 2661 2913 
4014 2514 1464 2661 2913 2515 1465 2662 2914 
4015 2515 1465 2662 2914 2516 1466 2663 2915 
4016 2516 1466 2663 2915 2517 1467 2664 2916 
4017 2517 1467 2664 2916 2518 1468 2665 2917 
4018 2518 1468 2665 2917 2519 1469 2666 2918 
4019 2519 1469 2666 2918 2520 1470 2667 2919 
4020 2520 1470 2667 2919 2521 1471 2668 2920 
4021 2521 1471 2668 2920 2522 1472 2669 2921 
4022 2522 1472 2669 2921 2523 1473 2670 2922 
4023 2523 1473 2670 2922 2524 1474 2671 2923 
4024 2524 1474 2671 2923 1389 1339 1396 1408 
4025 396 342 411 331 3050 1916 3365 1685 
4026 3050 1916 3365 1685 3051 1917 3366 1686 
4027 3051 1917 3366 1686 3052 1918 3367 1687 
4028 3052 1918 3367 1687 3053 1919 3368 1688 
4029 3053 1919 3368 1688 3054 1920 3369 1689 
4030 3054 1920 3369 1689 3055 1921 3370 1690 
4031 3055 1921 3370 1690 3056 1922 3371 1691 
4032 3056 1922 3371 1691 3057 1923 3372 1692 
4033 3057 1923 3372 1692 3058 1924 3373 1693 
4034 3058 1924 3373 1693 3059 1925 3374 1694 
4035 3059 1925 3374 1694 3060 1926 3375 1695 
4036 3060 1926 3375 1695 3061 1927 3376 1696 
4037 3061 1927 3376 1696 3062 1928 3377 1697 
4038 3062 1928 3377 1697 3063 1929 3378 1698 
4039 3063 1929 3378 1698 3064 1930 3379 1699 
4040 3064 1930 3379 1699 3065 1931 3380 1700 
4041 3065 1931 3380 1700 3066 1932 3381 1701 
4042 3066 1932 3381 1701 3067 1933 3382 1702 
4043 3067 1933 3382 1702 3068 1934 3383 1703 
4044 3068 1934 3383 1703 3069 1935 3384 1704 
4045 3069 1935 3384 1704 3070 1936 3385 1705 
4046 3070 1936 3385 1705 1415 1361 1430 1350 
4047 400 367 406 325 3134 2441 3260 1559 
4048 3134 2441 3260 1559 3135 2442 3261 1560 
4049 3135 2442 3261 1560 3136 2443 3262 1561 
4050 3136 2443 3262 1561 3137 2444 3263 1562 
4051 3137 2444 3263 1562 3138 2445 3264 1563 
4052 3138 2445 3264 1563 3139 2446 3265 1564 
4053 3139 2446 3265 1564 3140 2447 3266 1565 
4054 3140 2447 3266 1565 3141 2448 3267 1566 
4055 3141 2448 3267 1566 3142 2449 3268 1567 
4056 3142 2449 3268 1567 3143 2450 3269 1568 
4057 3143 2450 3269 1568 3144 2451 3270 1569 
4058 3144 2451 3270 1569 3145 2452 3271 1570 
4059 3145 2452 3271 1570 3146 2453 3272 1571 
4060 3146 2453 3272 1571 3147 2454 3273 1572 
4061 3147 2454 3273 1572 3148 2455 3274 1573 
4062 3148 2455 3274 1573 3149 2456 3275 1574 
4063 3149 2456 3275 1574 3150 2457 3276 1575 
4064 3150 2457 3276 1575 3151 2458 3277 1576 
4065 3151 2458 3277 1576 3152 2459 3278 1577 
4066 3152 2459 3278 1577 3153 2460 3279 1578 
4067 3153 2460 3279 1578 3154 2461 3280 1579 
4068 3154 2461 3280 1579 1419 1386 1425 1344 
4069 348 375 410 323 2042 2609 3344 1517 
4070 2042 2609 3344 1517 2043 2610 3345 1518 
4071 2043 2610 3345 1518 2044 2611 3346 1519 
4072 2044 2611 3346 1519 2045 2612 3347 1520 
4073 2045 2612 3347 1520 2046 2613 3348 1521 
4074 2046 2613 3348 1521 2047 2614 3349 1522 
4075 2047 2614 3349 1522 2048 2615 3350 1523 
4076 2048 2615 3350 1523 2049 2616 3351 1524 
4077 2049 2616 3351 1524 2050 2617 3352 1525 
4078 2050 2617 3352 1525 2051 2618 3353 1526 
4079 2051 2618 3353 1526 2052 2619 3354 1527 
4080 2052 2619 3354 1527 2053 2620 3355 1528 
4081 2053 2620 3355 1528 2054 2621 3356 1529 
4082 2054 2621 3356 1529 2055 2622 3357 1530 
4083 2055 2622 3357 1530 2056 2623 3358 1531 
4084 2056 2623 3358 1531 2057 2624 3359 1532 
4085 2057 2624 3359 1532 2058 2625 3360 1533 
4086 2058 2625 3360 1533 2059 2626 3361 1534 
4087 2059 2626 3361 1534 2060 2627 3362 1535 
4088 2060 2627 3362 1535 2061 2628 3363 1536 
4089 2061 2628 3363 1536 2062 2629 3364 1537 
4090 2062 2629 3364 1537 1367 1394 1429 1342 
4091 349 392 379 344 2063 2966 2693 1958 
4092 2063 2966 2693 1958 2064 2967 2694 1959 
4093 2064 2967 2694 1959 2065 2968 2695 1960 
4094 2065 2968 2695 1960 2066 2969 2696 1961 
4095 2066 2969 2696 1961 2067 2970 2697 1962 
4096 2067 2970 2697 1962 2068 2971 2698 1963 
4097 2068 2971 2698 1963 2069 2972 2699 1964 
4098 2069 2972 2699 1964 2070 2973 2700 1965 
4099 2070 2973 2700 1965 2071 2974 2701 1966 
4100 2071 2974 2701 1966 2072 2975 2702 1967 
4101 2072 2975 2702 1967 2073 2976 2703 1968 
4102 2073 2976 2703 1968 2074 2977 2704 1969 
4103 2074 2977 2704 1969 2075 2978 2705 1970 
4104 2075 2978 2705 1970 2076 2979 2706 1971 
4105 2076 2979 2706 1971 2077 2980 2707 1972 
4106 2077 2980 2707 1972 2078 2981 2708 1973 
4107 2078 2981 2708 1973 2079 2982 2709 1974 
4108 2079 2982 2709 1974 2080 2983 2710 1975 
4109 2080 2983 2710 1975 2081 2984 2711 1976 
4110 2081 2984 2711 1976 2082 2985 2712 1977 
4111 2082 2985 2712 1977 2083 2986 2713 1978 
4112 2083 2986 2713 1978 1368 1411 1398 1363 
4113 386 378 393 343 2840 2672 2987 1937 
4114 2840 2672 2987 1937 2841 2673 2988 1938 
4115 2841 2673 2988 1938 2842 2674 2989 1939 
4116 2842 2674 2989 1939 2843 2675 2990 1940 
4117 2843 2675 2990 1940 2844 2676 2991 1941 
4118 2844 2676 2991 1941 2845 2677 2992 1942 
4119 2845 2677 2992 1942 2846 2678 2993 1943 
4120 2846 2678 2993 1943 2847 2679 2994 1944 
4121 2847 2679 2994 1944 2848 2680 2995 1945 
4122 2848 2680 2995 1945 2849 2681 2996 1946 
4123 2849 2681 2996 1946 2850 2682 2997 1947 
4124 2850 2682 2997 1947 2851 2683 2998 1948 
4125 2851 2683 2998 1948 2852 2684 2999 1949 
4126 2852 2684 2999 1949 2853 2685 3000 1950 
4127 2853 2685 3000 1950 2854 2686 3001 1951 
4128 2854 2686 3001 1951 2855 2687 3002 1952 
4129 2855 2687 3002 1952 2856 2688 3003 1953 
4130 2856 2688 3003 1953 2857 2689 3004 1954 
4131 2857 2689 3004 1954 2858 2690 3005 1955 
4132 2858 2690 3005 1955 2859 2691 3006 1956 
4133 2859 2691 3006 1956 2860 2692 3007 1957 
4134 2860 2692 3007 1957 1405 1397 1412 1362 
4135 382 336 391 334 2756 1790 2945 1748 
4136 2756 1790 2945 1748 2757 1791 2946 1749 
4137 2757 1791 2946 1749 2758 1792 2947 1750 
4138 2758 1792 2947 1750 2759 1793 2948 1751 
4139 2759 1793 2948 1751 2760 1794 2949 1752 
4140 2760 1794 2949 1752 2761 1795 2950 1753 
4141 2761 1795 2950 1753 2762 1796 2951 1754 
4142 2762 1796 2951 1754 2763 1797 2952 1755 
4143 2763 1797 2952 1755 2764 1798 2953 1756 
4144 2764 1798 2953 1756 2765 1799 2954 1757 
4145 2765 1799 2954 1757 2766 1800 2955 1758 
4146 2766 1800 2955 1758 2767 1801 2956 1759 
4147 2767 1801 2956 1759 2768 1802 2957 1760 
4148 2768 1802 2957 1760 2769 1803 2958 1761 
4149 2769 1803 2958 1761 2770 1804 2959 1762 
4150 2770 1804 2959 1762 2771 1805 2960 1763 
4151 2771 1805 2960 1763 2772 1806 2961 1764 
4152 2772 1806 2961 1764 2773 1807 2962 1765 
4153 2773 1807 2962 1765 2774 1808 2963 1766 
4154 2774 1808 2963 1766 2775 1809 2964 1767 
4155 2775 1809 2964 1767 2776 1810 2965 1768 
4156 2776 1810 2965 1768 1401 1355 1410 1353 
4157 370 340 401 380 2504 1874 3155 2714 
4158 2504 1874 3155 2714 2505 1875 3156 2715 
4159 2505 1875 3156 2715 2506 1876 3157 2716 
4160 2506 1876 3157 2716 2507 1877 3158 2717 
4161 2507 1877 3158 2717 2508 1878 3159 2718 
4162 2508 1878 3159 2718 2509 1879 3160 2719 
4163 2509 1879 3160 2719 2510 1880 3161 2720 
4164 2510 1880 3161 2720 2511 1881 3162 2721 
4165 2511 1881 3162 2721 2512 1882 3163 2722 
4166 2512 1882 3163 2722 2513 1883 3164 2723 
4167 2513 1883 3164 2723 2514 1884 3165 2724 
4168 2514 1884 3165 2724 2515 1885 3166 2725 
4169 2515 1885 3166 2725 2516 1886 3167 2726 
4170 2516 1886 3167 2726 2517 1887 3168 2727 
4171 2517 1887 3168 2727 2518 1888 3169 2728 
4172 2518 1888 3169 2728 2519 1889 3170 2729 
4173 2519 1889 3170 2729 2520 1890 3171 2730 
4174 2520 1890 3171 2730 2521 1891 3172 2731 
4175 2521 1891 3172 2731 2522 1892 3173 2732 
4176 2522 1892 3173 2732 2523 1893 3174 2733 
4177 2523 1893 3174 2733 2524 1894 3175 2734 
4178 2524 1894 3175 2734 1389 1359 1420 1399 
4179 39 398 399 40 792 3092 3113 813 
4180 792 3092 3113 813 793 3093 3114 814 
4181 793 3093 3114 814 794 3094 3115 815 
4182 794 3094 3115 815 795 3095 3116 816 
4183 795 3095 3116 816 796 3096 3117 817 
4184 796 3096 3117 817 797 3097 3118 818 
4185 797 3097 3118 818 798 3098 3119 819 
4186 798 3098 3119 819 799 3099 3120 820 
4187 799 3099 3120 820 800 3100 3121 821 
4188 800 3100 3121 821 801 3101 3122 822 
4189 801 3101 3122 822 802 3102 3123 823 
4190 802 3102 3123 823 803 3103 3124 824 
4191 803 3103 3124 824 804 3104 3125 825 
4192 804 3104 3125 825 805 3105 3126 826 
4193 805 3105 3126 826 806 3106 3127 827 
4194 806 3106 3127 827 807 3107 3128 828 
4195 807 3107 3128 828 808 3108 3129 829 
4196 808 3108 3129 829 809 3109 3130 830 
4197 809 3109 3130 830 810 3110 3131 831 
4198 810 3110 3131 831 811 3111 3132 832 
4199 811 3111 3132 832 812 3112 3133 833 
4200 812 3112 3133 833 209 1417 1418 210 
4201 409 334 391 320 3323 1748 2945 1454 
4202 3323 1748 2945 1454 3324 1749 2946 1455 
4203 3324 1749 2946 1455 3325 1750 2947 1456 
4204 3325 1750 2947 1456 3326 1751 2948 1457 
4205 3326 1751 2948 1457 3327 1752 2949 1458 
4206 3327 1752 2949 1458 3328 1753 2950 1459 
4207 3328 1753 2950 1459 3329 1754 2951 1460 
4208 3329 1754 2951 1460 3330 1755 2952 1461 
4209 3330 1755 2952 1461 3331 1756 2953 1462 
4210 3331 1756 2953 1462 3332 1757 2954 1463 
4211 3332 1757 2954 1463 3333 1758 2955 1464 
4212 3333 1758 2955 1464 3334 1759 2956 1465 
4213 3334 1759 2956 1465 3335 1760 2957 1466 
4214 3335 1760 2957 1466 3336 1761 2958 1467 
4215 3336 1761 2958 1467 3337 1762 2959 1468 
4216 3337 1762 2959 1468 3338 1763 2960 1469 
4217 3338 1763 2960 1469 3339 1764 2961 1470 
4218 3339 1764 2961 1470 3340 1765 2962 1471 
4219 3340 1765 2962 1471 3341 1766 2963 1472 
4220 3341 1766 2963 1472 3342 1767 2964 1473 
4221 3342 1767 2964 1473 3343 1768 2965 1474 
4222 3343 1768 2965 1474 1428 1353 1410 1339 
4223 352 323 410 360 2126 1517 3344 2294 
4224 2126 1517 3344 2294 2127 1518 3345 2295 
4225 2127 1518 3345 2295 2128 1519 3346 2296 
4226 2128 1519 3346 2296 2129 1520 3347 2297 
4227 2129 1520 3347 2297 2130 1521 3348 2298 
4228 2130 1521 3348 2298 2131 1522 3349 2299 
4229 2131 1522 3349 2299 2132 1523 3350 2300 
4230 2132 1523 3350 2300 2133 1524 3351 2301 
4231 2133 1524 3351 2301 2134 1525 3352 2302 
4232 2134 1525 3352 2302 2135 1526 3353 2303 
4233 2135 1526 3353 2303 2136 1527 3354 2304 
4234 2136 1527 3354 2304 2137 1528 3355 2305 
4235 2137 1528 3355 2305 2138 1529 3356 2306 
4236 2138 1529 3356 2306 2139 1530 3357 2307 
4237 2139 1530 3357 2307 2140 1531 3358 2308 
4238 2140 1531 3358 2308 2141 1532 3359 2309 
4239 2141 1532 3359 2309 2142 1533 3360 2310 
4240 2142 1533 3360 2310 2143 1534 3361 2311 
4241 2143 1534 3361 2311 2144 1535 3362 2312 
4242 2144 1535 3362 2312 2145 1536 3363 2313 
4243 2145 1536 3363 2313 2146 1537 3364 2314 
4244 2146 1537 3364 2314 1371 1342 1429 1379 
4245 370 380 409 320 2504 2714 3323 1454 
4246 2504 2714 3323 1454 2505 2715 3324 1455 
4247 2505 2715 3324 1455 2506 2716 3325 1456 
4248 2506 2716 3325 1456 2507 2717 3326 1457 
4249 2507 2717 3326 1457 2508 2718 3327 1458 
4250 2508 2718 3327 1458 2509 2719 3328 1459 
4251 2509 2719 3328 1459 2510 2720 3329 1460 
4252 2510 2720 3329 1460 2511 2721 3330 1461 
4253 2511 2721 3330 1461 2512 2722 3331 1462 
4254 2512 2722 3331 1462 2513 2723 3332 1463 
4255 2513 2723 3332 1463 2514 2724 3333 1464 
4256 2514 2724 3333 1464 2515 2725 3334 1465 
4257 2515 2725 3334 1465 2516 2726 3335 1466 
4258 2516 2726 3335 1466 2517 2727 3336 1467 
4259 2517 2727 3336 1467 2518 2728 3337 1468 
4260 2518 2728 3337 1468 2519 2729 3338 1469 
4261 2519 2729 3338 1469 2520 2730 3339 1470 
4262 2520 2730 3339 1470 2521 2731 3340 1471 
4263 2521 2731 3340 1471 2522 2732 3341 1472 
4264 2522 2732 3341 1472 2523 2733 3342 1473 
4265 2523 2733 3342 1473 2524 2734 3343 1474 
4266 2524 2734 3343 1474 1389 1399 1428 1339 
4267 325 339 410 375 1559 1853 3344 2609 
4268 1559 1853 3344 2609 1560 1854 3345 2610 
4269 1560 1854 3345 2610 1561 1855 3346 2611 
4270 1561 1855 3346 2611 1562 1856 3347 2612 
4271 1562 1856 3347 2612 1563 1857 3348 2613 
4272 1563 1857 3348 2613 1564 1858 3349 2614 
4273 1564 1858 3349 2614 1565 1859 3350 2615 
4274 1565 1859 3350 2615 1566 1860 3351 2616 
4275 1566 1860 3351 2616 1567 1861 3352 2617 
4276 1567 1861 3352 2617 1568 1862 3353 2618 
4277 1568 1862 3353 2618 1569 1863 3354 2619 
4278 1569 1863 3354 2619 1570 1864 3355 2620 
4279 1570 1864 3355 2620 1571 1865 3356 2621 
4280 1571 1865 3356 2621 1572 1866 3357 2622 
4281 1572 1866 3357 2622 1573 1867 3358 2623 
4282 1573 1867 3358 2623 1574 1868 3359 2624 
4283 1574 1868 3359 2624 1575 1869 3360 2625 
4284 1575 1869 3360 2625 1576 1870 3361 2626 
4285 1576 1870 3361 2626 1577 1871 3362 2627 
4286 1577 1871 3362 2627 1578 1872 3363 2628 
4287 1578 1872 3363 2628 1579 1873 3364 2629 
4288 1579 1873 3364 2629 1344 1358 1429 1394 
4289 410 339 31 2 3344 1853 624 86 
4290 3344 1853 624 86 3345 1854 625 87 
4291 3345 1854 625 87 3346 1855 626 88 
4292 3346 1855 626 88 3347 1856 627 89 
4293 3347 1856 627 89 3348 1857 628 90 
4294 3348 1857 628 90 3349 1858 629 91 
4295 3349 1858 629 91 3350 1859 630 92 
4296 3350 1859 630 92 3351 1860 631 93 
4297 3351 1860 631 93 3352 1861 632 94 
4298 3352 1861 632 94 3353 1862 633 95 
4299 3353 1862 633 95 3354 1863 634 96 
4300 3354 1863 634 96 3355 1864 635 97 
4301 3355 1864 635 97 3356 1865 636 98 
4302 3356 1865 636 98 3357 1866 637 99 
4303 3357 1866 637 99 3358 1867 638 100 
4304 3358 1867 638 100 3359 1868 639 101 
4305 3359 1868 639 101 3360 1869 640 102 
4306 3360 1869 640 102 3361 1870 641 103 
4307 3361 1870 641 103 3362 1871 642 104 
4308 3362 1871 642 104 3363 1872 643 105 
4309 3363 1872 643 105 3364 1873 644 106 
4310 3364 1873 644 106 1429 1358 159 12 
4311 361 7 48 403 2315 212 981 3197 
4312 2315 212 981 3197 2316 213 982 3198 
4313 2316 213 982 3198 2317 214 983 3199 
4314 2317 214 983 3199 2318 215 984 3200 
4315 2318 215 984 3200 2319 216 985 3201 
4316 2319 216 985 3201 2320 217 986 3202 
4317 2320 217 986 3202 2321 218 987 3203 
4318 2321 218 987 3203 2322 219 988 3204 
4319 2322 219 988 3204 2323 220 989 3205 
4320 2323 220 989 3205 2324 221 990 3206 
4321 2324 221 990 3206 2325 222 991 3207 
4322 2325 222 991 3207 2326 223 992 3208 
4323 2326 223 992 3208 2327 224 993 3209 
4324 2327 224 993 3209 2328 225 994 3210 
4325 2328 225 994 3210 2329 226 995 3211 
4326 2329 226 995 3211 2330 227 996 3212 
4327 2330 227 996 3212 2331 228 997 3213 
4328 2331 228 997 3213 2332 229 998 3214 
4329 2332 229 998 3214 2333 230 999 3215 
4330 2333 230 999 3215 2334 231 1000 3216 
4331 2334 231 1000 3216 2335 232 1001 3217 
4332 2335 232 1001 3217 1380 17 281 1422 
4333 31 336 382 4 624 1790 2756 138 
4334 624 1790 2756 138 625 1791 2757 139 
4335 625 1791 2757 139 626 1792 2758 140 
4336 626 1792 2758 140 627 1793 2759 141 
4337 627 1793 2759 141 628 1794 2760 142 
4338 628 1794 2760 142 629 1795 2761 143 
4339 629 1795 2761 143 630 1796 2762 144 
4340 630 1796 2762 144 631 1797 2763 145 
4341 631 1797 2763 145 632 1798 2764 146 
4342 632 1798 2764 146 633 1799 2765 147 
4343 633 1799 2765 147 634 1800 2766 148 
4344 634 1800 2766 148 635 1801 2767 149 
4345 635 1801 2767 149 636 1802 2768 150 
4346 636 1802 2768 150 637 1803 2769 151 
4347 637 1803 2769 151 638 1804 2770 152 
4348 638 1804 2770 152 639 1805 2771 153 
4349 639 1805 2771 153 640 1806 2772 154 
4350 640 1806 2772 154 641 1807 2773 155 
4351 641 1807 2773 155 642 1808 2774 156 
4352 642 1808 2774 156 643 1809 2775 157 
4353 643 1809 2775 157 644 1810 2776 158 
4354 644 1810 2776 158 159 1355 1401 14 
4355 47 6 401 340 960 186 3155 1874 
4356 960 186 3155 1874 961 187 3156 1875 
4357 961 187 3156 1875 962 188 3157 1876 
4358 962 188 3157 1876 963 189 3158 1877 
4359 963 189 3158 1877 964 190 3159 1878 
4360 964 190 3159 1878 965 191 3160 1879 
4361 965 191 3160 1879 966 192 3161 1880 
4362 966 192 3161 1880 967 193 3162 1881 
4363 967 193 3162 1881 968 194 3163 1882 
4364 968 194 3163 1882 969 195 3164 1883 
4365 969 195 3164 1883 970 196 3165 1884 
4366 970 196 3165 1884 971 197 3166 1885 
4367 971 197 3166 1885 972 198 3167 1886 
4368 972 198 3167 1886 973 199 3168 1887 
4369 973 199 3168 1887 974 200 3169 1888 
4370 974 200 3169 1888 975 201 3170 1889 
4371 975 201 3170 1889 976 202 3171 1890 
4372 976 202 3171 1890 977 203 3172 1891 
4373 977 203 3172 1891 978 204 3173 1892 
4374 978 204 3173 1892 979 205 3174 1893 
4375 979 205 3174 1893 980 206 3175 1894 
4376 980 206 3175 1894 259 16 1420 1359 
4377 47 364 405 8 960 2378 3239 238 
4378 960 2378 3239 238 961 2379 3240 239 
4379 961 2379 3240 239 962 2380 3241 240 
4380 962 2380 3241 240 963 2381 3242 241 
4381 963 2381 3242 241 964 2382 3243 242 
4382 964 2382 3243 242 965 2383 3244 243 
4383 965 2383 3244 243 966 2384 3245 244 
4384 966 2384 3245 244 967 2385 3246 245 
4385 967 2385 3246 245 968 2386 3247 246 
4386 968 2386 3247 246 969 2387 3248 247 
4387 969 2387 3248 247 970 2388 3249 248 
4388 970 2388 3249 248 971 2389 3250 249 
4389 971 2389 3250 249 972 2390 3251 250 
4390 972 2390 3251 250 973 2391 3252 251 
4391 973 2391 3252 251 974 2392 3253 252 
4392 974 2392 3253 252 975 2393 3254 253 
4393 975 2393 3254 253 976 2394 3255 254 
4394 976 2394 3255 254 977 2395 3256 255 
4395 977 2395 3256 255 978 2396 3257 256 
4396 978 2396 3257 256 979 2397 3258 257 
4397 979 2397 3258 257 980 2398 3259 258 
4398 980 2398 3259 258 259 1383 1424 18 
4399 48 9 404 365 981 260 3218 2399 
4400 981 260 3218 2399 982 261 3219 2400 
4401 982 261 3219 2400 983 262 3220 2401 
4402 983 262 3220 2401 984 263 3221 2402 
4403 984 263 3221 2402 985 264 3222 2403 
4404 985 264 3222 2403 986 265 3223 2404 
4405 986 265 3223 2404 987 266 3224 2405 
4406 987 266 3224 2405 988 267 3225 2406 
4407 988 267 3225 2406 989 268 3226 2407 
4408 989 268 3226 2407 990 269 3227 2408 
4409 990 269 3227 2408 991 270 3228 2409 
4410 991 270 3228 2409 992 271 3229 2410 
4411 992 271 3229 2410 993 272 3230 2411 
4412 993 272 3230 2411 994 273 3231 2412 
4413 994 273 3231 2412 995 274 3232 2413 
4414 995 274 3232 2413 996 275 3233 2414 
4415 996 275 3233 2414 997 276 3234 2415 
4416 997 276 3234 2415 998 277 3235 2416 
4417 998 277 3235 2416 999 278 3236 2417 
4418 999 278 3236 2417 1000 279 3237 2418 
4419 1000 279 3237 2418 1001 280 3238 2419 
4420 1001 280 3238 2419 281 19 1423 1384 
4421 58 365 404 57 1191 2399 3218 1170 
4422 1191 2399 3218 1170 1192 2400 3219 1171 
4423 1192 2400 3219 1171 1193 2401 3220 1172 
4424 1193 2401 3220 1172 1194 2402 3221 1173 
4425 1194 2402 3221 1173 1195 2403 3222 1174 
4426 1195 2403 3222 1174 1196 2404 3223 1175 
4427 1196 2404 3223 1175 1197 2405 3224 1176 
4428 1197 2405 3224 1176 1198 2406 3225 1177 
4429 1198 2406 3225 1177 1199 2407 3226 1178 
4430 1199 2407 3226 1178 1200 2408 3227 1179 
4431 1200 2408 3227 1179 1201 2409 3228 1180 
4432 1201 2409 3228 1180 1202 2410 3229 1181 
4433 1202 2410 3229 1181 1203 2411 3230 1182 
4434 1203 2411 3230 1182 1204 2412 3231 1183 
4435 1204 2412 3231 1183 1205 2413 3232 1184 
4436 1205 2413 3232 1184 1206 2414 3233 1185 
4437 1206 2414 3233 1185 1207 2415 3234 1186 
4438 1207 2415 3234 1186 1208 2416 3235 1187 
4439 1208 2416 3235 1187 1209 2417 3236 1188 
4440 1209 2417 3236 1188 1210 2418 3237 1189 
4441 1210 2418 3237 1189 1211 2419 3238 1190 
4442 1211 2419 3238 1190 312 1384 1423 311 
4443 10 405 364 64 287 3239 2378 1317 
4444 287 3239 2378 1317 288 3240 2379 1318 
4445 288 3240 2379 1318 289 3241 2380 1319 
4446 289 3241 2380 1319 290 3242 2381 1320 
4447 290 3242 2381 1320 291 3243 2382 1321 
4448 291 3243 2382 1321 292 3244 2383 1322 
4449 292 3244 2383 1322 293 3245 2384 1323 
4450 293 3245 2384 1323 294 3246 2385 1324 
4451 294 3246 2385 1324 295 3247 2386 1325 
4452 295 3247 2386 1325 296 3248 2387 1326 
4453 296 3248 2387 1326 297 3249 2388 1327 
4454 297 3249 2388 1327 298 3250 2389 1328 
4455 298 3250 2389 1328 299 3251 2390 1329 
4456 299 3251 2390 1329 300 3252 2391 1330 
4457 300 3252 2391 1330 301 3253 2392 1331 
4458 301 3253 2392 1331 302 3254 2393 1332 
4459 302 3254 2393 1332 303 3255 2394 1333 
4460 303 3255 2394 1333 304 3256 2395 1334 
4461 304 3256 2395 1334 305 3257 2396 1335 
4462 305 3257 2396 1335 306 3258 2397 1336 
4463 306 3258 2397 1336 307 3259 2398 1337 
4464 307 3259 2398 1337 20 1424 1383 318 
$EndElements
